idx,label,pred,token
0,0,0,A
1,1,1,N
2,1,1,N
3,1,1,N
4,1,1,N
5,0,0,A
6,0,0,A
7,0,0,A
8,0,0,A
9,1,1,N
10,1,1,N
11,1,1,N
12,0,0,A
13,1,1,N
14,1,1,N
15,1,1,N
16,1,1,N
17,0,0,A
18,0,0,A
19,0,0,A
20,0,0,A
21,0,0,A
22,1,1,N
23,0,0,A
24,0,0,A
25,0,1,N
26,0,0,A
27,0,0,A
28,1,1,N
29,0,0,A
30,1,1,N
31,0,0,A
32,1,1,N
33,0,0,A
34,1,1,N
35,0,0,A
36,0,0,A
37,0,1,N
38,0,0,A
39,0,0,A
40,1,1,N
41,1,1,N
42,1,1,N
43,1,1,N
44,0,0,A
45,0,0,A
46,1,1,N
47,1,1,N
48,1,1,N
49,0,1,N
50,0,1,N
51,0,0,A
52,1,1,N
53,1,1,N
54,0,0,A
55,1,1,N
56,1,1,N
57,0,0,A
58,1,1,N
59,1,1,N
60,0,1,N
61,0,0,A
62,1,1,N
63,0,1,N
64,0,0,A
65,1,1,N
66,0,1,N
67,0,0,A
68,0,0,A
69,1,1,N
70,1,1,N
71,0,0,A
72,0,0,A
73,0,0,A
74,1,1,N
75,0,0,A
76,0,0,A
77,0,0,A
78,1,1,N
79,0,0,A
80,0,0,A
81,0,1,N
82,1,1,N
83,0,0,A
84,1,1,N
85,1,1,N
86,1,1,N
87,1,1,N
88,0,0,A
89,1,1,N
90,0,0,A
91,1,1,N
92,1,1,N
93,0,0,A
94,1,1,N
95,1,1,N
96,0,0,A
97,1,1,N
98,1,1,N
99,1,1,N
100,1,1,N
101,1,1,N
102,1,1,N
103,0,1,N
104,0,0,A
105,1,1,N
106,0,0,A
107,1,1,N
108,1,1,N
109,0,0,A
110,1,1,N
111,1,1,N
112,1,1,N
113,1,1,N
114,0,0,A
115,1,1,N
116,0,0,A
117,0,0,A
118,0,0,A
119,0,0,A
120,0,0,A
121,0,0,A
122,1,1,N
123,1,1,N
124,1,1,N
125,0,0,A
126,1,1,N
127,0,0,A
128,1,1,N
129,0,0,A
130,1,1,N
131,0,0,A
132,1,1,N
133,1,0,A
134,0,0,A
135,0,0,A
136,1,1,N
137,0,0,A
138,0,0,A
139,0,0,A
140,1,1,N
141,0,0,A
142,0,0,A
143,0,0,A
144,0,0,A
145,1,1,N
146,0,1,N
147,0,0,A
148,1,1,N
149,0,0,A
150,1,1,N
151,1,1,N
152,0,0,A
153,0,0,A
154,0,0,A
155,1,1,N
156,1,1,N
157,0,0,A
158,1,1,N
159,1,1,N
160,1,1,N
161,0,0,A
162,0,0,A
163,0,0,A
164,0,1,N
165,0,0,A
166,1,1,N
167,0,0,A
168,1,0,A
169,0,0,A
170,0,0,A
171,1,1,N
172,0,1,N
173,1,1,N
174,1,1,N
175,1,1,N
176,1,1,N
177,0,0,A
178,0,0,A
179,1,1,N
180,1,1,N
181,1,1,N
182,0,0,A
183,1,1,N
184,1,1,N
185,0,0,A
186,1,1,N
187,1,1,N
188,1,1,N
189,1,1,N
190,0,0,A
191,1,1,N
192,0,0,A
193,1,1,N
194,1,1,N
195,1,1,N
196,1,1,N
197,1,1,N
198,0,0,A
199,0,0,A
200,0,1,N
201,1,1,N
202,1,1,N
203,0,0,A
204,1,1,N
205,1,1,N
206,0,0,A
207,0,0,A
208,0,0,A
209,0,1,N
210,0,0,A
211,0,0,A
212,1,1,N
213,0,0,A
214,1,1,N
215,0,0,A
216,0,1,N
217,0,0,A
218,0,0,A
219,1,1,N
220,1,1,N
221,1,1,N
222,0,0,A
223,0,0,A
224,1,1,N
225,1,0,A
226,0,0,A
227,0,0,A
228,0,0,A
229,1,1,N
230,0,0,A
231,0,0,A
232,1,1,N
233,0,0,A
234,0,0,A
235,0,0,A
236,0,0,A
237,0,0,A
238,0,0,A
239,1,0,A
240,1,1,N
241,1,1,N
242,0,1,N
243,1,1,N
244,1,0,A
245,0,0,A
246,0,0,A
247,1,1,N
248,0,0,A
249,0,0,A
250,1,1,N
251,1,1,N
252,0,0,A
253,0,0,A
254,1,1,N
255,1,1,N
256,1,1,N
257,0,0,A
258,1,0,A
259,0,0,A
260,0,0,A
261,1,1,N
262,0,0,A
263,1,1,N
264,0,0,A
265,0,0,A
266,0,1,N
267,0,0,A
268,0,1,N
269,1,1,N
270,1,1,N
271,0,0,A
272,0,0,A
273,1,1,N
274,0,0,A
275,1,1,N
276,0,0,A
277,0,0,A
278,1,1,N
279,1,1,N
280,1,0,A
281,1,1,N
282,1,1,N
283,1,1,N
284,0,0,A
285,0,0,A
286,1,1,N
287,0,0,A
288,1,1,N
289,0,0,A
290,1,1,N
291,1,1,N
292,0,0,A
293,1,1,N
294,1,1,N
295,0,1,N
296,1,1,N
297,1,1,N
298,0,0,A
299,0,0,A
300,1,1,N
301,0,1,N
302,1,1,N
303,0,0,A
304,0,0,A
305,1,1,N
306,1,1,N
307,1,1,N
308,1,1,N
309,0,0,A
310,0,0,A
311,0,0,A
312,0,1,N
313,0,0,A
314,0,0,A
315,1,1,N
316,0,0,A
317,1,1,N
318,1,1,N
319,1,1,N
320,1,1,N
321,0,1,N
322,0,1,N
323,1,1,N
324,0,0,A
325,1,1,N
326,1,1,N
327,0,0,A
328,0,0,A
329,1,1,N
330,1,1,N
331,0,1,N
332,0,0,A
333,1,1,N
334,0,0,A
335,0,0,A
336,1,0,A
337,1,1,N
338,1,1,N
339,0,0,A
340,1,1,N
341,0,0,A
342,1,1,N
343,1,1,N
344,1,1,N
345,1,1,N
346,1,1,N
347,0,0,A
348,1,1,N
349,1,1,N
350,0,0,A
351,1,1,N
352,0,0,A
353,0,0,A
354,1,1,N
355,1,1,N
356,1,1,N
357,0,1,N
358,1,1,N
359,0,0,A
360,0,0,A
361,1,1,N
362,1,1,N
363,1,1,N
364,1,1,N
365,0,0,A
366,0,1,N
367,1,1,N
368,0,0,A
369,0,0,A
370,1,1,N
371,0,0,A
372,0,0,A
373,1,1,N
374,1,1,N
375,1,0,A
376,0,0,A
377,0,0,A
378,0,0,A
379,1,1,N
380,0,0,A
381,0,0,A
382,0,0,A
383,1,1,N
384,1,1,N
385,0,0,A
386,0,0,A
387,1,1,N
388,0,1,N
389,1,1,N
390,1,1,N
391,1,1,N
392,0,0,A
393,0,0,A
394,0,0,A
395,0,0,A
396,1,1,N
397,1,1,N
398,0,0,A
399,0,0,A
400,0,1,N
401,1,1,N
402,1,1,N
403,1,1,N
404,0,0,A
405,1,1,N
406,0,0,A
407,0,0,A
408,0,0,A
409,1,1,N
410,0,0,A
411,1,1,N
412,1,1,N
413,1,1,N
414,0,0,A
415,0,1,N
416,1,1,N
417,0,0,A
418,0,0,A
419,0,0,A
420,0,1,N
421,0,0,A
422,1,1,N
423,1,1,N
424,0,0,A
425,0,0,A
426,1,1,N
427,0,0,A
428,0,1,N
429,0,0,A
430,0,1,N
431,1,1,N
432,1,1,N
433,1,1,N
434,0,0,A
435,1,1,N
436,1,1,N
437,0,0,A
438,1,1,N
439,0,0,A
440,0,0,A
441,1,1,N
442,0,0,A
443,0,0,A
444,1,1,N
445,1,1,N
446,1,1,N
447,0,0,A
448,0,0,A
449,1,1,N
450,1,1,N
451,0,0,A
452,0,0,A
453,0,0,A
454,0,0,A
455,1,1,N
456,0,0,A
457,1,1,N
458,1,1,N
459,1,1,N
460,1,1,N
461,0,0,A
462,1,1,N
463,1,1,N
464,0,0,A
465,0,1,N
466,0,0,A
467,1,1,N
468,1,1,N
469,1,1,N
470,0,0,A
471,1,1,N
472,1,1,N
473,1,1,N
474,1,1,N
475,1,1,N
476,1,1,N
477,0,0,A
478,0,1,N
479,1,1,N
480,0,0,A
481,1,1,N
482,0,0,A
483,0,0,A
484,1,1,N
485,1,1,N
486,1,1,N
487,1,0,A
488,0,0,A
489,0,0,A
490,1,1,N
491,0,0,A
492,1,1,N
493,0,0,A
494,0,0,A
495,0,0,A
496,1,1,N
497,1,1,N
498,1,1,N
499,1,1,N
500,1,1,N
501,0,0,A
502,1,1,N
503,1,1,N
504,0,0,A
505,0,0,A
506,1,1,N
507,1,1,N
508,0,0,A
509,0,0,A
510,1,1,N
511,1,1,N
512,0,0,A
513,0,0,A
514,1,1,N
515,1,1,N
516,0,0,A
517,0,0,A
518,1,1,N
519,0,1,N
520,1,0,A
521,1,1,N
522,1,1,N
523,0,0,A
524,1,1,N
525,1,1,N
526,0,1,N
527,0,0,A
528,1,1,N
529,1,1,N
530,1,1,N
531,0,0,A
532,1,1,N
533,0,0,A
534,1,1,N
535,0,0,A
536,0,0,A
537,1,1,N
538,0,0,A
539,0,0,A
540,0,0,A
541,0,0,A
542,0,0,A
543,1,1,N
544,1,1,N
545,0,0,A
546,1,1,N
547,0,0,A
548,0,1,N
549,1,1,N
550,1,1,N
551,1,1,N
552,1,1,N
553,0,0,A
554,1,1,N
555,1,1,N
556,1,1,N
557,1,1,N
558,0,0,A
559,0,0,A
560,1,1,N
561,1,1,N
562,1,1,N
563,1,1,N
564,0,0,A
565,0,0,A
566,0,0,A
567,0,0,A
568,0,0,A
569,0,0,A
570,1,1,N
571,1,1,N
572,0,1,N
573,1,1,N
574,0,0,A
575,1,1,N
576,1,0,A
577,0,0,A
578,0,0,A
579,0,0,A
580,1,1,N
581,1,1,N
582,0,0,A
583,1,1,N
584,0,0,A
585,1,1,N
586,0,0,A
587,0,0,A
588,1,1,N
589,0,0,A
590,1,1,N
591,0,0,A
592,0,0,A
593,1,1,N
594,0,1,N
595,1,1,N
596,0,0,A
597,1,1,N
598,1,1,N
599,0,0,A
600,0,1,N
601,0,0,A
602,1,1,N
603,1,1,N
604,1,1,N
605,1,1,N
606,0,0,A
607,1,1,N
608,1,1,N
609,0,0,A
610,0,0,A
611,0,1,N
612,1,1,N
613,0,1,N
614,1,1,N
615,0,0,A
616,1,1,N
617,1,1,N
618,1,1,N
619,1,1,N
620,0,0,A
621,0,0,A
622,1,1,N
623,1,1,N
624,1,1,N
625,1,1,N
626,1,1,N
627,1,1,N
628,0,0,A
629,0,0,A
630,1,1,N
631,0,1,N
632,1,1,N
633,1,1,N
634,0,0,A
635,1,1,N
636,0,0,A
637,0,0,A
638,1,1,N
639,0,0,A
640,0,0,A
641,0,0,A
642,0,0,A
643,0,1,N
644,0,0,A
645,0,0,A
646,0,0,A
647,0,0,A
648,0,0,A
649,1,1,N
650,0,0,A
651,1,1,N
652,0,1,N
653,1,1,N
654,0,0,A
655,1,1,N
656,1,1,N
657,1,1,N
658,1,1,N
659,0,0,A
660,1,0,A
661,0,0,A
662,0,0,A
663,0,0,A
664,1,1,N
665,1,1,N
666,0,0,A
667,0,0,A
668,1,1,N
669,1,0,A
670,0,0,A
671,1,1,N
672,0,1,N
673,0,1,N
674,1,1,N
675,1,1,N
676,1,1,N
677,0,0,A
678,0,0,A
679,0,0,A
680,1,1,N
681,1,1,N
682,0,0,A
683,1,1,N
684,1,1,N
685,0,0,A
686,1,1,N
687,0,0,A
688,1,0,A
689,0,0,A
690,1,1,N
691,0,0,A
692,1,1,N
693,1,1,N
694,0,0,A
695,0,0,A
696,0,0,A
697,1,1,N
698,0,0,A
699,0,0,A
700,0,0,A
701,1,1,N
702,1,1,N
703,1,1,N
704,0,0,A
705,1,1,N
706,1,1,N
707,1,1,N
708,0,0,A
709,1,1,N
710,1,1,N
711,1,1,N
712,1,1,N
713,0,0,A
714,0,0,A
715,1,1,N
716,1,1,N
717,1,1,N
718,1,1,N
719,1,1,N
720,1,1,N
721,0,0,A
722,0,0,A
723,0,0,A
724,0,0,A
725,0,0,A
726,1,1,N
727,0,0,A
728,0,1,N
729,0,0,A
730,0,0,A
731,1,1,N
732,0,0,A
733,0,0,A
734,0,0,A
735,1,1,N
736,0,0,A
737,1,1,N
738,0,0,A
739,1,1,N
740,0,0,A
741,0,0,A
742,0,1,N
743,0,0,A
744,1,1,N
745,0,0,A
746,1,1,N
747,0,0,A
748,0,0,A
749,1,1,N
750,1,1,N
751,1,1,N
752,0,1,N
753,1,1,N
754,0,1,N
755,0,0,A
756,1,1,N
757,1,1,N
758,1,1,N
759,0,0,A
760,0,0,A
761,1,1,N
762,1,1,N
763,1,1,N
764,1,1,N
765,0,0,A
766,0,1,N
767,1,1,N
768,0,1,N
769,1,1,N
770,0,1,N
771,0,0,A
772,1,1,N
773,0,0,A
774,0,0,A
775,0,0,A
776,0,0,A
777,1,1,N
778,1,1,N
779,1,1,N
780,0,1,N
781,0,0,A
782,0,0,A
783,0,0,A
784,1,1,N
785,1,0,A
786,0,0,A
787,1,1,N
788,0,0,A
789,1,1,N
790,0,1,N
791,1,0,A
792,0,0,A
793,0,0,A
794,1,1,N
795,1,1,N
796,1,1,N
797,1,1,N
798,1,1,N
799,0,0,A
800,1,1,N
801,0,0,A
802,1,1,N
803,1,1,N
804,0,0,A
805,1,1,N
806,1,1,N
807,1,1,N
808,0,0,A
809,0,1,N
810,0,0,A
811,1,1,N
812,0,0,A
813,1,1,N
814,0,0,A
815,1,1,N
816,1,1,N
817,0,0,A
818,1,0,A
819,0,0,A
820,1,1,N
821,1,1,N
822,0,1,N
823,1,1,N
824,1,1,N
825,1,1,N
826,1,1,N
827,1,1,N
828,0,0,A
829,0,0,A
830,1,1,N
831,1,1,N
832,1,1,N
833,0,0,A
834,0,0,A
835,1,1,N
836,0,0,A
837,1,1,N
838,1,1,N
839,1,1,N
840,0,0,A
841,1,1,N
842,0,0,A
843,0,0,A
844,1,1,N
845,0,0,A
846,1,1,N
847,0,0,A
848,0,1,N
849,1,1,N
850,0,0,A
851,1,1,N
852,1,1,N
853,1,1,N
854,1,1,N
855,1,0,A
856,0,0,A
857,1,1,N
858,1,1,N
859,0,0,A
860,0,0,A
861,0,0,A
862,0,0,A
863,1,1,N
864,1,1,N
865,1,1,N
866,1,1,N
867,0,0,A
868,0,0,A
869,1,1,N
870,1,1,N
871,0,1,N
872,1,1,N
873,1,1,N
874,1,1,N
875,0,0,A
876,1,1,N
877,1,1,N
878,1,1,N
879,1,1,N
880,1,1,N
881,0,0,A
882,1,1,N
883,0,0,A
884,1,1,N
885,0,0,A
886,1,1,N
887,1,1,N
888,0,0,A
889,1,1,N
890,0,0,A
891,1,1,N
892,0,0,A
893,0,0,A
894,0,0,A
895,1,1,N
896,1,1,N
897,0,0,A
898,1,1,N
899,1,1,N
900,1,1,N
901,1,1,N
902,1,1,N
903,1,1,N
904,0,0,A
905,0,0,A
906,1,1,N
907,1,1,N
908,0,0,A
909,0,1,N
910,1,1,N
911,1,1,N
912,0,0,A
913,0,0,A
914,1,1,N
915,0,1,N
916,0,0,A
917,0,0,A
918,1,1,N
919,1,1,N
920,1,1,N
921,1,1,N
922,0,0,A
923,0,0,A
924,1,1,N
925,0,0,A
926,0,0,A
927,0,0,A
928,0,0,A
929,0,0,A
930,1,1,N
931,1,1,N
932,1,1,N
933,0,0,A
934,1,1,N
935,1,1,N
936,0,1,N
937,1,1,N
938,0,1,N
939,0,0,A
940,1,1,N
941,0,0,A
942,0,0,A
943,0,0,A
944,0,0,A
945,0,0,A
946,0,0,A
947,1,0,A
948,0,0,A
949,1,1,N
950,0,0,A
951,1,1,N
952,0,0,A
953,1,1,N
954,1,0,A
955,1,1,N
956,0,0,A
957,0,1,N
958,0,0,A
959,1,1,N
960,1,1,N
961,0,0,A
962,0,0,A
963,0,0,A
964,1,1,N
965,0,1,N
966,0,0,A
967,1,1,N
968,0,0,A
969,1,1,N
970,1,1,N
971,0,0,A
972,0,0,A
973,1,1,N
974,1,1,N
975,1,1,N
976,0,0,A
977,1,1,N
978,0,1,N
979,1,1,N
980,0,0,A
981,1,1,N
982,0,0,A
983,1,1,N
984,1,1,N
985,1,1,N
986,0,0,A
987,1,1,N
988,1,1,N
989,1,1,N
990,0,0,A
991,1,1,N
992,0,0,A
993,0,0,A
994,1,1,N
995,1,1,N
996,1,1,N
997,1,1,N
998,0,0,A
999,0,0,A
1000,0,0,A
1001,1,1,N
1002,1,1,N
1003,0,0,A
1004,1,1,N
1005,1,1,N
1006,1,1,N
1007,1,1,N
1008,0,0,A
1009,0,0,A
1010,0,0,A
1011,1,1,N
1012,1,1,N
1013,1,1,N
1014,1,1,N
1015,0,0,A
1016,0,0,A
1017,1,1,N
1018,1,1,N
1019,0,0,A
1020,0,0,A
1021,1,1,N
1022,1,1,N
1023,0,0,A
1024,1,1,N
1025,0,0,A
1026,0,1,N
1027,0,0,A
1028,0,0,A
1029,0,0,A
1030,0,0,A
1031,1,1,N
1032,0,0,A
1033,0,0,A
1034,0,0,A
1035,1,1,N
1036,0,0,A
1037,1,1,N
1038,1,1,N
1039,0,1,N
1040,0,0,A
1041,1,1,N
1042,1,0,A
1043,1,1,N
1044,0,0,A
1045,0,0,A
1046,0,0,A
1047,1,1,N
1048,1,0,A
1049,0,0,A
1050,0,0,A
1051,0,0,A
1052,1,1,N
1053,0,0,A
1054,0,1,N
1055,1,1,N
1056,0,0,A
1057,1,1,N
1058,0,0,A
1059,0,0,A
1060,0,0,A
1061,0,0,A
1062,0,0,A
1063,0,0,A
1064,0,0,A
1065,0,0,A
1066,1,1,N
1067,0,0,A
1068,0,1,N
1069,0,0,A
1070,0,0,A
1071,0,0,A
1072,1,1,N
1073,0,0,A
1074,0,0,A
1075,0,0,A
1076,1,1,N
1077,1,1,N
1078,1,1,N
1079,0,0,A
1080,1,1,N
1081,1,1,N
1082,1,1,N
1083,0,0,A
1084,0,0,A
1085,1,1,N
1086,1,1,N
1087,0,1,N
1088,1,1,N
1089,1,1,N
1090,0,0,A
1091,0,0,A
1092,0,0,A
1093,1,1,N
1094,0,1,N
1095,1,1,N
1096,1,1,N
1097,1,1,N
1098,0,0,A
1099,1,1,N
1100,0,0,A
1101,0,0,A
1102,1,1,N
1103,1,1,N
1104,1,1,N
1105,1,1,N
1106,0,0,A
1107,1,1,N
1108,0,0,A
1109,1,1,N
1110,0,0,A
1111,1,1,N
1112,0,1,N
1113,1,1,N
1114,1,0,A
1115,1,1,N
1116,1,1,N
1117,1,1,N
1118,1,1,N
1119,1,1,N
1120,1,1,N
1121,0,0,A
1122,1,1,N
1123,0,0,A
1124,1,1,N
1125,1,1,N
1126,1,1,N
1127,1,1,N
1128,1,1,N
1129,1,1,N
1130,0,1,N
1131,0,0,A
1132,1,1,N
1133,0,0,A
1134,1,1,N
1135,1,1,N
1136,1,1,N
1137,0,0,A
1138,1,1,N
1139,0,0,A
1140,0,1,N
1141,1,1,N
1142,0,0,A
1143,1,1,N
1144,0,0,A
1145,1,1,N
1146,0,0,A
1147,1,1,N
1148,1,1,N
1149,1,1,N
1150,1,1,N
1151,0,0,A
1152,1,1,N
1153,0,0,A
1154,0,0,A
1155,0,0,A
1156,0,0,A
1157,1,1,N
1158,0,0,A
1159,0,0,A
1160,1,1,N
1161,0,0,A
1162,0,0,A
1163,0,0,A
1164,0,0,A
1165,0,0,A
1166,1,1,N
1167,0,0,A
1168,0,0,A
1169,0,1,N
1170,0,0,A
1171,1,1,N
1172,0,1,N
1173,0,0,A
1174,1,0,A
1175,1,1,N
1176,0,0,A
1177,0,0,A
1178,0,0,A
1179,0,0,A
1180,0,0,A
1181,0,0,A
1182,1,1,N
1183,0,0,A
1184,1,1,N
1185,1,1,N
1186,0,0,A
1187,1,1,N
1188,1,1,N
1189,1,1,N
1190,0,0,A
1191,0,0,A
1192,0,0,A
1193,1,1,N
1194,0,0,A
1195,1,1,N
1196,1,1,N
1197,1,1,N
1198,1,1,N
1199,0,0,A
1200,0,0,A
1201,1,1,N
1202,0,0,A
1203,0,0,A
1204,1,1,N
1205,1,1,N
1206,1,1,N
1207,0,1,N
1208,0,0,A
1209,0,0,A
1210,0,0,A
1211,0,0,A
1212,1,1,N
1213,0,0,A
1214,0,1,N
1215,1,1,N
1216,0,0,A
1217,1,1,N
1218,0,0,A
1219,0,0,A
1220,0,0,A
1221,1,1,N
1222,1,1,N
1223,1,1,N
1224,1,1,N
1225,0,0,A
1226,1,1,N
1227,0,0,A
1228,0,1,N
1229,0,0,A
1230,1,0,A
1231,0,0,A
1232,0,0,A
1233,1,1,N
1234,0,0,A
1235,0,0,A
1236,1,1,N
1237,0,0,A
1238,0,0,A
1239,0,0,A
1240,0,0,A
1241,0,0,A
1242,1,1,N
1243,0,0,A
1244,1,1,N
1245,1,1,N
1246,0,0,A
1247,0,0,A
1248,1,1,N
1249,0,0,A
1250,0,0,A
1251,1,0,A
1252,1,1,N
1253,1,1,N
1254,0,0,A
1255,0,0,A
1256,1,1,N
1257,0,0,A
1258,1,1,N
1259,0,0,A
1260,1,1,N
1261,0,0,A
1262,0,0,A
1263,0,1,N
1264,0,1,N
1265,1,1,N
1266,0,0,A
1267,0,1,N
1268,0,0,A
1269,1,1,N
1270,0,0,A
1271,1,1,N
1272,1,1,N
1273,1,1,N
1274,0,0,A
1275,1,1,N
1276,0,0,A
1277,1,1,N
1278,1,1,N
1279,0,0,A
1280,1,1,N
1281,0,0,A
1282,1,1,N
1283,0,0,A
1284,1,1,N
1285,0,0,A
1286,1,1,N
1287,1,1,N
1288,1,1,N
1289,1,1,N
1290,1,1,N
1291,1,1,N
1292,0,1,N
1293,0,0,A
1294,1,1,N
1295,0,0,A
1296,0,0,A
1297,1,1,N
1298,1,1,N
1299,1,1,N
1300,0,0,A
1301,1,1,N
1302,1,1,N
1303,0,0,A
1304,0,0,A
1305,0,0,A
1306,0,0,A
1307,0,0,A
1308,1,1,N
1309,0,0,A
1310,0,0,A
1311,1,1,N
1312,1,1,N
1313,0,0,A
1314,0,0,A
1315,1,1,N
1316,0,0,A
1317,0,0,A
1318,0,0,A
1319,1,0,A
1320,0,0,A
1321,0,0,A
1322,0,0,A
1323,0,0,A
1324,1,1,N
1325,0,0,A
1326,1,1,N
1327,1,1,N
1328,0,0,A
1329,1,1,N
1330,1,1,N
1331,0,0,A
1332,1,1,N
1333,1,1,N
1334,0,1,N
1335,1,1,N
1336,1,1,N
1337,0,0,A
1338,1,1,N
1339,0,0,A
1340,1,1,N
1341,0,0,A
1342,0,0,A
1343,0,0,A
1344,1,1,N
1345,0,0,A
1346,1,1,N
1347,0,1,N
1348,1,1,N
1349,0,0,A
1350,0,0,A
1351,1,1,N
1352,0,0,A
1353,0,1,N
1354,0,0,A
1355,1,1,N
1356,0,0,A
1357,0,0,A
1358,0,0,A
1359,1,1,N
1360,0,0,A
1361,1,1,N
1362,0,0,A
1363,0,0,A
1364,0,1,N
1365,0,0,A
1366,1,1,N
1367,0,1,N
1368,1,1,N
1369,0,0,A
1370,1,1,N
1371,1,1,N
1372,1,1,N
1373,1,1,N
1374,0,0,A
1375,0,0,A
1376,0,0,A
1377,1,1,N
1378,1,1,N
1379,0,0,A
1380,1,1,N
1381,0,0,A
1382,0,0,A
1383,1,1,N
1384,1,1,N
1385,0,0,A
1386,1,1,N
1387,0,1,N
1388,0,0,A
1389,0,0,A
1390,0,0,A
1391,0,0,A
1392,1,1,N
1393,0,1,N
1394,0,0,A
1395,0,1,N
1396,0,1,N
1397,0,0,A
1398,1,1,N
1399,0,0,A
1400,1,1,N
1401,1,1,N
1402,1,1,N
1403,0,0,A
1404,0,0,A
1405,1,1,N
1406,0,0,A
1407,1,1,N
1408,0,0,A
1409,1,1,N
1410,0,0,A
1411,1,1,N
1412,1,1,N
1413,0,0,A
1414,1,1,N
1415,0,0,A
1416,1,1,N
1417,0,0,A
1418,0,0,A
1419,1,1,N
1420,0,0,A
1421,1,1,N
1422,0,0,A
1423,1,1,N
1424,0,0,A
1425,1,1,N
1426,0,0,A
1427,1,1,N
1428,1,1,N
1429,1,1,N
1430,0,0,A
1431,1,1,N
1432,1,1,N
1433,0,0,A
1434,0,0,A
1435,0,1,N
1436,0,0,A
1437,1,1,N
1438,1,1,N
1439,1,1,N
1440,0,1,N
1441,1,0,A
1442,0,0,A
1443,0,1,N
1444,0,0,A
1445,0,0,A
1446,1,1,N
1447,0,0,A
1448,0,0,A
1449,0,0,A
1450,0,0,A
1451,0,0,A
1452,1,1,N
1453,1,1,N
1454,0,0,A
1455,1,1,N
1456,1,1,N
1457,1,1,N
1458,1,1,N
1459,1,1,N
1460,0,0,A
1461,1,1,N
1462,1,1,N
1463,1,1,N
1464,0,1,N
1465,1,1,N
1466,1,1,N
1467,1,1,N
1468,1,1,N
1469,1,1,N
1470,0,0,A
1471,0,0,A
1472,0,0,A
1473,0,0,A
1474,1,1,N
1475,1,1,N
1476,0,0,A
1477,1,1,N
1478,1,1,N
1479,1,1,N
1480,0,0,A
1481,0,1,N
1482,1,1,N
1483,0,0,A
1484,0,0,A
1485,0,1,N
1486,1,1,N
1487,1,1,N
1488,1,1,N
1489,1,0,A
1490,1,1,N
1491,1,1,N
1492,0,0,A
1493,1,1,N
1494,0,0,A
1495,0,0,A
1496,0,0,A
1497,0,0,A
1498,0,0,A
1499,0,1,N
1500,0,0,A
1501,0,0,A
1502,1,1,N
1503,1,1,N
1504,0,0,A
1505,0,0,A
1506,1,1,N
1507,0,1,N
1508,1,1,N
1509,0,1,N
1510,1,1,N
1511,0,0,A
1512,1,1,N
1513,0,0,A
1514,0,0,A
1515,1,1,N
1516,1,1,N
1517,0,0,A
1518,1,0,A
1519,1,1,N
1520,1,1,N
1521,1,1,N
1522,1,1,N
1523,0,0,A
1524,0,0,A
1525,0,0,A
1526,0,0,A
1527,0,1,N
1528,1,1,N
1529,1,1,N
1530,0,0,A
1531,1,1,N
1532,0,0,A
1533,0,0,A
1534,1,1,N
1535,0,0,A
1536,0,0,A
1537,1,1,N
1538,0,0,A
1539,1,1,N
1540,1,1,N
1541,1,1,N
1542,1,1,N
1543,0,0,A
1544,1,1,N
1545,0,0,A
1546,0,0,A
1547,1,1,N
1548,0,0,A
1549,1,1,N
1550,1,0,A
1551,1,1,N
1552,0,0,A
1553,1,1,N
1554,0,1,N
1555,0,0,A
1556,1,1,N
1557,1,0,A
1558,1,1,N
1559,1,1,N
1560,1,1,N
1561,1,1,N
1562,1,1,N
1563,0,0,A
1564,1,1,N
1565,0,0,A
1566,1,1,N
1567,1,1,N
1568,1,1,N
1569,0,0,A
1570,0,0,A
1571,1,1,N
1572,0,1,N
1573,1,1,N
1574,1,1,N
1575,0,0,A
1576,1,1,N
1577,1,1,N
1578,1,1,N
1579,0,0,A
1580,1,1,N
1581,1,0,A
1582,0,0,A
1583,0,0,A
1584,0,0,A
1585,0,1,N
1586,0,0,A
1587,1,1,N
1588,1,1,N
1589,1,1,N
1590,0,0,A
1591,0,0,A
1592,0,1,N
1593,1,1,N
1594,1,1,N
1595,1,1,N
1596,1,1,N
1597,0,1,N
1598,1,1,N
1599,0,0,A
1600,1,1,N
1601,1,1,N
1602,0,0,A
1603,1,1,N
1604,1,1,N
1605,1,1,N
1606,1,1,N
1607,1,0,A
1608,0,0,A
1609,0,1,N
1610,1,1,N
1611,0,1,N
1612,1,1,N
1613,1,1,N
1614,0,0,A
1615,1,1,N
1616,1,1,N
1617,0,0,A
1618,0,0,A
1619,1,1,N
1620,0,0,A
1621,1,1,N
1622,0,0,A
1623,1,1,N
1624,1,1,N
1625,1,1,N
1626,0,0,A
1627,0,0,A
1628,0,0,A
1629,0,0,A
1630,1,1,N
1631,1,1,N
1632,0,0,A
1633,1,1,N
1634,1,1,N
1635,1,1,N
1636,0,0,A
1637,1,1,N
1638,1,1,N
1639,0,0,A
1640,1,1,N
1641,1,1,N
1642,0,0,A
1643,0,0,A
1644,1,1,N
1645,0,0,A
1646,0,0,A
1647,1,1,N
1648,1,1,N
1649,0,0,A
1650,0,0,A
1651,1,1,N
1652,0,0,A
1653,1,1,N
1654,1,1,N
1655,1,1,N
1656,1,1,N
1657,0,0,A
1658,0,1,N
1659,1,1,N
1660,1,1,N
1661,1,1,N
1662,0,0,A
1663,1,1,N
1664,1,1,N
1665,1,1,N
1666,0,0,A
1667,1,1,N
1668,1,1,N
1669,1,1,N
1670,1,1,N
1671,1,1,N
1672,0,1,N
1673,0,0,A
1674,1,1,N
1675,1,1,N
1676,1,1,N
1677,0,0,A
1678,1,1,N
1679,0,0,A
1680,1,1,N
1681,1,1,N
1682,1,1,N
1683,1,1,N
1684,0,0,A
1685,0,0,A
1686,0,0,A
1687,1,1,N
1688,1,1,N
1689,0,0,A
1690,0,0,A
1691,1,1,N
1692,0,0,A
1693,1,1,N
1694,0,1,N
1695,1,1,N
1696,0,0,A
1697,0,0,A
1698,1,1,N
1699,1,1,N
1700,1,1,N
1701,1,1,N
1702,0,1,N
1703,1,1,N
1704,1,1,N
1705,0,0,A
1706,0,0,A
1707,0,1,N
1708,1,1,N
1709,0,0,A
1710,0,0,A
1711,1,1,N
1712,1,1,N
1713,1,1,N
1714,1,1,N
1715,0,0,A
1716,1,1,N
1717,0,0,A
1718,1,1,N
1719,0,0,A
1720,0,0,A
1721,1,1,N
1722,0,0,A
1723,0,0,A
1724,0,0,A
1725,0,0,A
1726,0,0,A
1727,0,0,A
1728,0,0,A
1729,1,1,N
1730,1,1,N
1731,1,1,N
1732,1,1,N
1733,0,0,A
1734,1,1,N
1735,1,1,N
1736,1,1,N
1737,0,0,A
1738,0,0,A
1739,0,0,A
1740,0,0,A
1741,0,0,A
1742,1,1,N
1743,0,0,A
1744,1,1,N
1745,0,0,A
1746,0,0,A
1747,1,1,N
1748,1,1,N
1749,0,1,N
1750,1,0,A
1751,0,0,A
1752,0,0,A
1753,1,1,N
1754,1,1,N
1755,1,1,N
1756,1,1,N
1757,0,0,A
1758,0,0,A
1759,1,1,N
1760,0,0,A
1761,1,1,N
1762,0,0,A
1763,1,1,N
1764,0,1,N
1765,1,1,N
1766,0,1,N
1767,1,1,N
1768,0,0,A
1769,1,1,N
1770,1,1,N
1771,0,0,A
1772,0,0,A
1773,0,0,A
1774,1,0,A
1775,1,1,N
1776,0,0,A
1777,1,1,N
1778,0,1,N
1779,1,1,N
1780,1,1,N
1781,0,1,N
1782,0,0,A
1783,0,1,N
1784,1,1,N
1785,1,1,N
1786,0,0,A
1787,1,1,N
1788,1,1,N
1789,1,1,N
1790,1,1,N
1791,1,1,N
1792,1,1,N
1793,0,0,A
1794,0,0,A
1795,0,0,A
1796,0,0,A
1797,1,1,N
1798,1,1,N
1799,0,0,A
1800,1,1,N
1801,0,0,A
1802,0,1,N
1803,1,1,N
1804,1,1,N
1805,1,1,N
1806,0,0,A
1807,0,0,A
1808,1,1,N
1809,1,1,N
1810,1,1,N
1811,0,1,N
1812,1,1,N
1813,0,0,A
1814,1,1,N
1815,0,0,A
1816,1,1,N
1817,1,1,N
1818,1,1,N
1819,0,0,A
1820,1,1,N
1821,0,0,A
1822,0,0,A
1823,0,1,N
1824,0,0,A
1825,1,1,N
1826,1,1,N
1827,1,1,N
1828,0,0,A
1829,1,1,N
1830,0,0,A
1831,0,0,A
1832,1,1,N
1833,0,1,N
1834,0,0,A
1835,1,1,N
1836,1,1,N
1837,0,0,A
1838,0,0,A
1839,0,0,A
1840,1,1,N
1841,0,1,N
1842,0,1,N
1843,0,0,A
1844,1,0,A
1845,1,1,N
1846,0,0,A
1847,0,0,A
1848,1,1,N
1849,0,0,A
1850,1,1,N
1851,0,1,N
1852,1,1,N
1853,0,0,A
1854,1,1,N
1855,0,0,A
1856,0,0,A
1857,1,1,N
1858,0,1,N
1859,1,1,N
1860,0,0,A
1861,1,1,N
1862,0,0,A
1863,1,1,N
1864,0,0,A
1865,1,1,N
1866,1,1,N
1867,1,1,N
1868,0,0,A
1869,0,0,A
1870,1,1,N
1871,1,1,N
1872,0,0,A
1873,0,1,N
1874,1,1,N
1875,1,1,N
1876,0,0,A
1877,0,0,A
1878,0,0,A
1879,1,1,N
1880,0,0,A
1881,1,1,N
1882,1,1,N
1883,1,0,A
1884,0,0,A
1885,1,1,N
1886,1,0,A
1887,1,1,N
1888,0,1,N
1889,0,0,A
1890,0,0,A
1891,1,1,N
1892,0,0,A
1893,1,1,N
1894,1,1,N
1895,1,1,N
1896,0,0,A
1897,0,0,A
1898,0,0,A
1899,1,1,N
1900,0,0,A
1901,0,0,A
1902,0,0,A
1903,1,1,N
1904,0,0,A
1905,0,0,A
1906,0,0,A
1907,0,0,A
1908,0,0,A
1909,0,0,A
1910,1,1,N
1911,0,0,A
1912,1,0,A
1913,0,0,A
1914,0,1,N
1915,0,0,A
1916,1,1,N
1917,1,1,N
1918,0,1,N
1919,1,1,N
1920,0,0,A
1921,1,0,A
1922,1,1,N
1923,1,1,N
1924,0,1,N
1925,0,0,A
1926,0,0,A
1927,1,1,N
1928,1,1,N
1929,1,1,N
1930,0,0,A
1931,0,0,A
1932,0,0,A
1933,1,1,N
1934,1,1,N
1935,0,0,A
1936,0,0,A
1937,1,1,N
1938,0,0,A
1939,1,1,N
1940,0,1,N
1941,1,1,N
1942,1,1,N
1943,0,0,A
1944,1,1,N
1945,0,0,A
1946,1,1,N
1947,0,0,A
1948,0,1,N
1949,0,0,A
1950,1,1,N
1951,1,1,N
1952,0,0,A
1953,0,0,A
1954,0,0,A
1955,1,1,N
1956,0,0,A
1957,0,0,A
1958,1,1,N
1959,1,1,N
1960,0,0,A
1961,0,0,A
1962,1,1,N
1963,1,1,N
1964,0,0,A
1965,0,0,A
1966,1,1,N
1967,0,0,A
1968,1,1,N
1969,0,0,A
1970,0,1,N
1971,0,0,A
1972,0,0,A
1973,1,1,N
1974,0,0,A
1975,1,1,N
1976,0,0,A
1977,1,1,N
1978,1,1,N
1979,1,1,N
1980,1,1,N
1981,1,1,N
1982,0,0,A
1983,0,0,A
1984,1,1,N
1985,1,1,N
1986,0,0,A
1987,1,1,N
1988,1,1,N
1989,1,1,N
1990,0,0,A
1991,1,1,N
1992,1,1,N
1993,0,0,A
1994,0,0,A
1995,0,0,A
1996,0,0,A
1997,0,1,N
1998,1,1,N
1999,0,0,A
2000,0,0,A
2001,0,0,A
2002,0,0,A
2003,0,0,A
2004,1,1,N
2005,0,0,A
2006,1,1,N
2007,0,1,N
2008,1,1,N
2009,0,0,A
2010,0,0,A
2011,0,1,N
2012,0,0,A
2013,1,1,N
2014,1,1,N
2015,0,0,A
2016,0,0,A
2017,0,0,A
2018,1,1,N
2019,0,1,N
2020,1,1,N
2021,0,0,A
2022,0,0,A
2023,1,1,N
2024,1,1,N
2025,0,0,A
2026,1,1,N
2027,0,0,A
2028,0,0,A
2029,0,0,A
2030,0,0,A
2031,1,1,N
2032,0,0,A
2033,1,1,N
2034,1,1,N
2035,1,1,N
2036,1,1,N
2037,0,0,A
2038,1,1,N
2039,1,1,N
2040,0,0,A
2041,1,1,N
2042,1,1,N
2043,0,0,A
2044,0,0,A
2045,0,0,A
2046,0,0,A
2047,0,0,A
2048,1,1,N
2049,1,1,N
2050,0,1,N
2051,0,0,A
2052,1,1,N
2053,0,0,A
2054,0,0,A
2055,0,1,N
2056,0,1,N
2057,1,1,N
2058,1,1,N
2059,0,0,A
2060,0,0,A
2061,0,0,A
2062,0,1,N
2063,1,1,N
2064,0,0,A
2065,1,1,N
2066,0,0,A
2067,0,0,A
2068,0,0,A
2069,0,0,A
2070,1,1,N
2071,1,1,N
2072,1,1,N
2073,0,0,A
2074,0,0,A
2075,0,0,A
2076,0,0,A
2077,1,0,A
2078,1,1,N
2079,1,1,N
2080,0,0,A
2081,0,0,A
2082,1,1,N
2083,1,1,N
2084,1,1,N
2085,0,1,N
2086,1,1,N
2087,1,1,N
2088,0,1,N
2089,1,1,N
2090,1,1,N
2091,0,0,A
2092,0,0,A
2093,1,1,N
2094,1,1,N
2095,1,1,N
2096,0,1,N
2097,1,1,N
2098,1,0,A
2099,1,1,N
2100,0,0,A
2101,0,0,A
2102,0,0,A
2103,1,1,N
2104,0,0,A
2105,0,0,A
2106,1,1,N
2107,1,1,N
2108,1,1,N
2109,0,0,A
2110,0,0,A
2111,1,1,N
2112,1,1,N
2113,0,0,A
2114,1,1,N
2115,1,1,N
2116,1,1,N
2117,0,0,A
2118,1,1,N
2119,0,0,A
2120,1,1,N
2121,0,0,A
2122,1,1,N
2123,0,0,A
2124,0,0,A
2125,1,1,N
2126,1,1,N
2127,1,1,N
2128,0,0,A
2129,1,1,N
2130,1,1,N
2131,0,1,N
2132,0,0,A
2133,1,1,N
2134,1,1,N
2135,1,1,N
2136,0,1,N
2137,1,1,N
2138,0,0,A
2139,1,1,N
2140,1,1,N
2141,0,0,A
2142,1,1,N
2143,1,1,N
2144,1,1,N
2145,1,1,N
2146,1,1,N
2147,1,1,N
2148,1,1,N
2149,1,1,N
2150,1,1,N
2151,0,0,A
2152,0,0,A
2153,1,1,N
2154,0,0,A
2155,1,1,N
2156,1,1,N
2157,0,0,A
2158,0,0,A
2159,0,0,A
2160,1,1,N
2161,0,0,A
2162,0,0,A
2163,0,0,A
2164,1,1,N
2165,0,0,A
2166,1,1,N
2167,0,0,A
2168,0,0,A
2169,0,0,A
2170,0,0,A
2171,1,1,N
2172,0,1,N
2173,0,0,A
2174,0,0,A
2175,0,0,A
2176,1,1,N
2177,1,1,N
2178,0,0,A
2179,0,0,A
2180,1,1,N
2181,1,1,N
2182,0,0,A
2183,1,1,N
2184,1,1,N
2185,1,1,N
2186,1,1,N
2187,0,0,A
2188,0,0,A
2189,1,1,N
2190,0,0,A
2191,0,0,A
2192,1,1,N
2193,1,1,N
2194,0,0,A
2195,0,0,A
2196,1,1,N
2197,0,0,A
2198,0,1,N
2199,0,0,A
2200,0,0,A
2201,1,1,N
2202,1,1,N
2203,1,0,A
2204,1,1,N
2205,1,1,N
2206,0,0,A
2207,1,1,N
2208,1,1,N
2209,0,0,A
2210,0,0,A
2211,1,1,N
2212,0,0,A
2213,0,1,N
2214,1,1,N
2215,1,1,N
2216,1,1,N
2217,1,1,N
2218,1,1,N
2219,1,1,N
2220,0,0,A
2221,1,1,N
2222,0,0,A
2223,1,1,N
2224,0,0,A
2225,1,0,A
2226,1,1,N
2227,1,1,N
2228,1,1,N
2229,1,1,N
2230,0,1,N
2231,1,1,N
2232,1,1,N
2233,1,1,N
2234,1,1,N
2235,0,0,A
2236,1,1,N
2237,1,1,N
2238,1,1,N
2239,1,1,N
2240,1,1,N
2241,0,0,A
2242,0,0,A
2243,1,1,N
2244,0,0,A
2245,1,1,N
2246,0,0,A
2247,0,0,A
2248,0,0,A
2249,0,0,A
2250,0,0,A
2251,0,0,A
2252,0,0,A
2253,1,0,A
2254,0,0,A
2255,0,1,N
2256,1,1,N
2257,1,1,N
2258,0,0,A
2259,0,0,A
2260,0,0,A
2261,1,1,N
2262,1,1,N
2263,1,0,A
2264,1,1,N
2265,1,1,N
2266,1,1,N
2267,1,1,N
2268,1,1,N
2269,0,1,N
2270,0,0,A
2271,1,1,N
2272,0,0,A
2273,0,0,A
2274,0,1,N
2275,0,0,A
2276,0,0,A
2277,1,0,A
2278,1,1,N
2279,0,0,A
2280,0,1,N
2281,1,1,N
2282,1,1,N
2283,0,1,N
2284,1,1,N
2285,0,0,A
2286,1,1,N
2287,1,1,N
2288,1,1,N
2289,0,1,N
2290,1,1,N
2291,1,1,N
2292,0,0,A
2293,1,1,N
2294,0,1,N
2295,0,0,A
2296,0,0,A
2297,1,1,N
2298,1,1,N
2299,0,0,A
2300,0,0,A
2301,1,1,N
2302,0,0,A
2303,1,1,N
2304,0,0,A
2305,0,0,A
2306,1,1,N
2307,1,1,N
2308,0,0,A
2309,0,1,N
2310,0,0,A
2311,0,0,A
2312,1,1,N
2313,1,1,N
2314,0,0,A
2315,0,0,A
2316,1,1,N
2317,1,1,N
2318,0,0,A
2319,0,0,A
2320,1,1,N
2321,1,1,N
2322,0,0,A
2323,1,0,A
2324,1,1,N
2325,1,1,N
2326,1,1,N
2327,0,0,A
2328,1,1,N
2329,1,1,N
2330,1,0,A
2331,0,1,N
2332,1,1,N
2333,1,1,N
2334,1,1,N
2335,0,0,A
2336,0,0,A
2337,1,1,N
2338,0,0,A
2339,0,1,N
2340,0,0,A
2341,1,1,N
2342,1,1,N
2343,0,0,A
2344,1,1,N
2345,1,1,N
2346,0,1,N
2347,1,1,N
2348,0,0,A
2349,0,0,A
2350,1,1,N
2351,1,1,N
2352,1,1,N
2353,1,1,N
2354,0,0,A
2355,0,0,A
2356,1,1,N
2357,1,1,N
2358,0,0,A
2359,0,0,A
2360,1,1,N
2361,0,0,A
2362,0,0,A
2363,1,1,N
2364,0,0,A
2365,1,1,N
2366,1,1,N
2367,1,1,N
2368,0,0,A
2369,1,1,N
2370,1,1,N
2371,0,0,A
2372,1,1,N
2373,0,0,A
2374,1,1,N
2375,1,1,N
2376,1,1,N
2377,1,1,N
2378,0,0,A
2379,0,0,A
2380,0,1,N
2381,1,1,N
2382,0,0,A
2383,0,1,N
2384,0,0,A
2385,1,1,N
2386,0,0,A
2387,1,1,N
2388,0,0,A
2389,0,0,A
2390,0,1,N
2391,0,0,A
2392,1,1,N
2393,1,0,A
2394,1,1,N
2395,0,0,A
2396,0,0,A
2397,1,1,N
2398,0,1,N
2399,1,1,N
2400,1,1,N
2401,0,0,A
2402,1,1,N
2403,1,1,N
2404,1,1,N
2405,0,0,A
2406,0,0,A
2407,1,1,N
2408,1,1,N
2409,1,1,N
2410,1,1,N
2411,1,1,N
2412,1,1,N
2413,1,1,N
2414,1,1,N
2415,1,1,N
2416,1,1,N
2417,1,1,N
2418,0,0,A
2419,0,0,A
2420,0,0,A
2421,0,0,A
2422,1,0,A
2423,1,1,N
2424,1,1,N
2425,0,0,A
2426,0,0,A
2427,1,1,N
2428,0,0,A
2429,0,0,A
2430,1,1,N
2431,0,0,A
2432,1,1,N
2433,0,1,N
2434,1,1,N
2435,1,1,N
2436,1,1,N
2437,0,0,A
2438,0,0,A
2439,0,0,A
2440,1,0,A
2441,0,0,A
2442,0,0,A
2443,1,1,N
2444,1,1,N
2445,0,0,A
2446,0,0,A
2447,0,0,A
2448,1,1,N
2449,1,1,N
2450,1,1,N
2451,1,1,N
2452,1,1,N
2453,1,1,N
2454,1,1,N
2455,0,0,A
2456,1,1,N
2457,1,1,N
2458,0,0,A
2459,1,1,N
2460,0,0,A
2461,0,0,A
2462,0,0,A
2463,1,1,N
2464,1,0,A
2465,0,0,A
2466,1,1,N
2467,1,0,A
2468,0,0,A
2469,0,0,A
2470,0,0,A
2471,0,0,A
2472,1,1,N
2473,0,0,A
2474,1,1,N
2475,0,0,A
2476,0,0,A
2477,1,1,N
2478,1,1,N
2479,0,0,A
2480,1,1,N
2481,1,1,N
2482,1,1,N
2483,0,0,A
2484,0,0,A
2485,0,0,A
2486,1,1,N
2487,0,0,A
2488,0,0,A
2489,0,0,A
2490,0,0,A
2491,0,1,N
2492,1,1,N
2493,1,1,N
2494,1,1,N
2495,1,1,N
2496,1,1,N
2497,0,1,N
2498,0,0,A
2499,1,1,N
2500,0,0,A
2501,0,1,N
2502,0,0,A
2503,1,1,N
2504,0,0,A
2505,1,1,N
2506,1,0,A
2507,0,1,N
2508,0,0,A
2509,1,1,N
2510,0,0,A
2511,1,1,N
2512,1,1,N
2513,0,0,A
2514,0,0,A
2515,0,0,A
2516,0,0,A
2517,0,0,A
2518,1,1,N
2519,0,0,A
2520,1,1,N
2521,0,0,A
2522,1,1,N
2523,0,0,A
2524,0,0,A
2525,1,0,A
2526,0,0,A
2527,0,0,A
2528,0,0,A
2529,0,0,A
2530,1,1,N
2531,1,0,A
2532,0,0,A
2533,1,1,N
2534,1,1,N
2535,0,0,A
2536,0,0,A
2537,1,1,N
2538,1,1,N
2539,0,0,A
2540,0,0,A
2541,0,0,A
2542,1,1,N
2543,0,0,A
2544,0,0,A
2545,1,1,N
2546,0,0,A
2547,1,1,N
2548,1,0,A
2549,1,1,N
2550,0,0,A
2551,1,1,N
2552,0,0,A
2553,1,1,N
2554,1,1,N
2555,1,1,N
2556,0,0,A
2557,0,0,A
2558,0,1,N
2559,0,0,A
2560,0,1,N
2561,1,1,N
2562,0,0,A
2563,0,0,A
2564,0,0,A
2565,1,1,N
2566,0,0,A
2567,1,1,N
2568,1,1,N
2569,0,0,A
2570,1,0,A
2571,0,1,N
2572,1,1,N
2573,1,1,N
2574,1,1,N
2575,1,1,N
2576,1,1,N
2577,0,0,A
2578,0,0,A
2579,1,1,N
2580,0,0,A
2581,1,1,N
2582,1,1,N
2583,0,0,A
2584,1,1,N
2585,0,0,A
2586,1,1,N
2587,0,0,A
2588,1,1,N
2589,0,0,A
2590,0,0,A
2591,0,0,A
2592,0,0,A
2593,1,1,N
2594,0,0,A
2595,1,1,N
2596,1,1,N
2597,1,1,N
2598,0,0,A
2599,0,1,N
2600,0,0,A
2601,0,0,A
2602,0,1,N
2603,1,1,N
2604,1,1,N
2605,1,1,N
2606,0,0,A
2607,0,0,A
2608,1,1,N
2609,0,0,A
2610,0,0,A
2611,0,0,A
2612,0,0,A
2613,0,0,A
2614,0,0,A
2615,1,1,N
2616,1,1,N
2617,0,0,A
2618,1,1,N
2619,0,0,A
2620,0,0,A
2621,1,1,N
2622,0,0,A
2623,1,1,N
2624,0,0,A
2625,0,1,N
2626,1,1,N
2627,0,0,A
2628,0,0,A
2629,1,1,N
2630,0,0,A
2631,0,0,A
2632,1,1,N
2633,0,0,A
2634,1,1,N
2635,0,0,A
2636,0,1,N
2637,0,0,A
2638,0,0,A
2639,1,1,N
2640,1,1,N
2641,0,0,A
2642,0,0,A
2643,0,0,A
2644,0,0,A
2645,1,1,N
2646,1,1,N
2647,1,1,N
2648,1,1,N
2649,0,0,A
2650,0,0,A
2651,1,1,N
2652,0,0,A
2653,0,0,A
2654,1,1,N
2655,1,1,N
2656,1,1,N
2657,0,0,A
2658,0,0,A
2659,0,0,A
2660,1,1,N
2661,0,0,A
2662,0,0,A
2663,0,0,A
2664,0,0,A
2665,0,0,A
2666,1,1,N
2667,0,0,A
2668,0,0,A
2669,0,0,A
2670,1,1,N
2671,0,0,A
2672,0,0,A
2673,1,1,N
2674,1,1,N
2675,0,0,A
2676,1,1,N
2677,0,0,A
2678,0,1,N
2679,1,1,N
2680,1,1,N
2681,0,0,A
2682,1,1,N
2683,0,0,A
2684,1,1,N
2685,0,0,A
2686,1,1,N
2687,0,0,A
2688,1,1,N
2689,0,0,A
2690,1,1,N
2691,0,0,A
2692,1,1,N
2693,1,1,N
2694,1,1,N
2695,0,0,A
2696,1,1,N
2697,0,0,A
2698,1,1,N
2699,0,1,N
2700,0,0,A
2701,0,0,A
2702,0,0,A
2703,1,1,N
2704,0,0,A
2705,1,1,N
2706,1,1,N
2707,1,1,N
2708,1,1,N
2709,0,0,A
2710,0,0,A
2711,1,1,N
2712,1,1,N
2713,0,0,A
2714,0,0,A
2715,1,1,N
2716,1,1,N
2717,0,0,A
2718,1,1,N
2719,1,1,N
2720,1,1,N
2721,1,1,N
2722,0,0,A
2723,1,1,N
2724,0,0,A
2725,1,1,N
2726,1,1,N
2727,1,1,N
2728,1,1,N
2729,1,1,N
2730,0,0,A
2731,1,1,N
2732,0,0,A
2733,0,0,A
2734,1,1,N
2735,0,0,A
2736,1,1,N
2737,1,1,N
2738,0,0,A
2739,1,1,N
2740,1,1,N
2741,1,1,N
2742,1,1,N
2743,1,1,N
2744,0,0,A
2745,0,0,A
2746,0,0,A
2747,1,1,N
2748,0,0,A
2749,1,1,N
2750,0,0,A
2751,1,1,N
2752,0,0,A
2753,1,1,N
2754,1,1,N
2755,0,0,A
2756,0,0,A
2757,0,0,A
2758,1,1,N
2759,0,0,A
2760,1,1,N
2761,0,0,A
2762,0,0,A
2763,1,1,N
2764,1,1,N
2765,1,1,N
2766,1,1,N
2767,1,1,N
2768,1,1,N
2769,1,1,N
2770,1,1,N
2771,0,0,A
2772,1,1,N
2773,1,1,N
2774,0,1,N
2775,0,0,A
2776,1,1,N
2777,1,1,N
2778,0,0,A
2779,0,0,A
2780,1,1,N
2781,0,0,A
2782,0,0,A
2783,0,0,A
2784,0,0,A
2785,1,0,A
2786,1,1,N
2787,0,0,A
2788,1,1,N
2789,0,0,A
2790,0,0,A
2791,1,1,N
2792,1,1,N
2793,0,0,A
2794,1,1,N
2795,1,1,N
2796,0,0,A
2797,0,0,A
2798,1,0,A
2799,0,0,A
2800,0,0,A
2801,0,1,N
2802,0,0,A
2803,1,1,N
2804,0,0,A
2805,0,0,A
2806,0,1,N
2807,1,1,N
2808,0,0,A
2809,1,1,N
2810,0,0,A
2811,0,0,A
2812,1,1,N
2813,0,0,A
2814,0,0,A
2815,0,0,A
2816,1,1,N
2817,0,0,A
2818,0,0,A
2819,1,1,N
2820,0,1,N
2821,1,1,N
2822,1,1,N
2823,1,1,N
2824,0,0,A
2825,1,1,N
2826,0,0,A
2827,0,0,A
2828,0,0,A
2829,1,1,N
2830,1,1,N
2831,1,1,N
2832,1,0,A
2833,0,0,A
2834,1,1,N
2835,1,1,N
2836,0,0,A
2837,0,0,A
2838,1,1,N
2839,0,1,N
2840,0,0,A
2841,1,1,N
2842,0,0,A
2843,0,0,A
2844,0,0,A
2845,0,1,N
2846,1,1,N
2847,0,0,A
2848,1,1,N
2849,0,0,A
2850,1,1,N
2851,0,0,A
2852,1,1,N
2853,0,0,A
2854,1,1,N
2855,1,1,N
2856,1,1,N
2857,1,1,N
2858,1,1,N
2859,0,0,A
2860,1,0,A
2861,1,1,N
2862,1,1,N
2863,1,0,A
2864,0,0,A
2865,1,1,N
2866,1,1,N
2867,1,1,N
2868,0,0,A
2869,1,1,N
2870,0,0,A
2871,1,1,N
2872,0,0,A
2873,1,1,N
2874,0,0,A
2875,1,1,N
2876,0,0,A
2877,1,1,N
2878,0,0,A
2879,0,0,A
2880,1,1,N
2881,1,1,N
2882,0,0,A
2883,1,1,N
2884,0,0,A
2885,0,0,A
2886,0,0,A
2887,0,0,A
2888,1,1,N
2889,1,1,N
2890,0,0,A
2891,1,1,N
2892,1,1,N
2893,1,1,N
2894,0,0,A
2895,0,0,A
2896,0,0,A
2897,0,0,A
2898,1,1,N
2899,0,0,A
2900,1,1,N
2901,1,1,N
2902,1,1,N
2903,0,0,A
2904,1,1,N
2905,0,0,A
2906,1,1,N
2907,1,1,N
2908,1,0,A
2909,0,0,A
2910,0,0,A
2911,0,0,A
2912,1,1,N
2913,0,0,A
2914,1,1,N
2915,1,1,N
2916,1,1,N
2917,1,1,N
2918,1,1,N
2919,1,1,N
2920,0,0,A
2921,0,0,A
2922,0,0,A
2923,0,0,A
2924,1,1,N
2925,0,1,N
2926,0,0,A
2927,1,1,N
2928,1,1,N
2929,1,1,N
2930,0,1,N
2931,1,1,N
2932,1,1,N
2933,1,1,N
2934,1,1,N
2935,1,1,N
2936,1,1,N
2937,0,0,A
2938,1,1,N
2939,0,0,A
2940,1,1,N
2941,0,0,A
2942,0,0,A
2943,0,0,A
2944,0,0,A
2945,0,0,A
2946,0,0,A
2947,1,1,N
2948,0,1,N
2949,1,1,N
2950,1,1,N
2951,1,1,N
2952,1,1,N
2953,0,0,A
2954,0,0,A
2955,0,1,N
2956,1,1,N
2957,1,0,A
2958,0,0,A
2959,1,1,N
2960,1,1,N
2961,1,0,A
2962,1,1,N
2963,0,0,A
2964,1,1,N
2965,0,0,A
2966,1,1,N
2967,1,1,N
2968,1,1,N
2969,1,1,N
2970,0,0,A
2971,0,0,A
2972,0,0,A
2973,1,1,N
2974,1,1,N
2975,0,0,A
2976,0,0,A
2977,1,1,N
2978,0,0,A
2979,1,1,N
2980,1,1,N
2981,0,0,A
2982,0,0,A
2983,1,1,N
2984,0,0,A
2985,0,0,A
2986,0,0,A
2987,1,1,N
2988,0,1,N
2989,1,1,N
2990,1,1,N
2991,0,0,A
2992,1,1,N
2993,0,0,A
2994,1,1,N
2995,0,0,A
2996,1,1,N
2997,0,1,N
2998,0,0,A
2999,0,0,A
3000,0,0,A
3001,0,0,A
3002,1,1,N
3003,1,1,N
3004,0,0,A
3005,0,0,A
3006,0,0,A
3007,0,0,A
3008,0,1,N
3009,1,1,N
3010,0,0,A
3011,0,0,A
3012,0,0,A
3013,1,1,N
3014,1,1,N
3015,0,0,A
3016,1,1,N
3017,1,1,N
3018,1,1,N
3019,1,1,N
3020,0,0,A
3021,1,1,N
3022,1,1,N
3023,0,0,A
3024,0,0,A
3025,1,1,N
3026,1,1,N
3027,0,1,N
3028,1,1,N
3029,0,0,A
3030,0,0,A
3031,0,0,A
3032,1,1,N
3033,1,1,N
3034,1,1,N
3035,1,1,N
3036,0,0,A
3037,0,0,A
3038,1,1,N
3039,0,0,A
3040,0,0,A
3041,0,0,A
3042,1,1,N
3043,0,0,A
3044,1,0,A
3045,0,0,A
3046,0,0,A
3047,0,1,N
3048,1,1,N
3049,0,0,A
3050,0,0,A
3051,0,0,A
3052,1,1,N
3053,0,1,N
3054,0,0,A
3055,1,1,N
3056,1,1,N
3057,0,0,A
3058,1,1,N
3059,0,0,A
3060,0,0,A
3061,1,1,N
3062,0,1,N
3063,0,1,N
3064,0,0,A
3065,0,0,A
3066,0,1,N
3067,0,0,A
3068,1,1,N
3069,0,0,A
3070,1,1,N
3071,1,1,N
3072,1,1,N
3073,0,0,A
3074,1,1,N
3075,0,0,A
3076,0,0,A
3077,1,1,N
3078,1,1,N
3079,1,1,N
3080,1,1,N
3081,0,0,A
3082,0,0,A
3083,1,1,N
3084,1,1,N
3085,1,1,N
3086,0,0,A
3087,1,0,A
3088,1,1,N
3089,1,1,N
3090,0,0,A
3091,1,1,N
3092,1,1,N
3093,1,1,N
3094,0,0,A
3095,1,1,N
3096,1,1,N
3097,1,1,N
3098,0,0,A
3099,1,1,N
3100,1,1,N
3101,0,0,A
3102,0,0,A
3103,1,1,N
3104,0,0,A
3105,1,1,N
3106,1,1,N
3107,1,1,N
3108,0,0,A
3109,1,1,N
3110,0,1,N
3111,1,1,N
3112,0,0,A
3113,0,0,A
3114,0,0,A
3115,1,1,N
3116,1,1,N
3117,1,1,N
3118,0,0,A
3119,0,0,A
3120,1,1,N
3121,1,0,A
3122,1,1,N
3123,0,0,A
3124,1,1,N
3125,1,1,N
3126,1,1,N
3127,0,0,A
3128,0,0,A
3129,0,0,A
3130,1,1,N
3131,0,0,A
3132,0,0,A
3133,1,1,N
3134,1,1,N
3135,0,0,A
3136,0,0,A
3137,0,1,N
3138,1,1,N
3139,0,0,A
3140,0,0,A
3141,0,0,A
3142,0,0,A
3143,1,1,N
3144,0,0,A
3145,0,0,A
3146,1,1,N
3147,1,1,N
3148,1,1,N
3149,1,1,N
3150,0,0,A
3151,1,1,N
3152,1,1,N
3153,1,1,N
3154,1,1,N
3155,1,1,N
3156,0,0,A
3157,1,1,N
3158,1,1,N
3159,1,1,N
3160,1,1,N
3161,1,1,N
3162,0,0,A
3163,0,0,A
3164,1,1,N
3165,0,1,N
3166,0,0,A
3167,1,1,N
3168,0,0,A
3169,1,1,N
3170,0,0,A
3171,1,1,N
3172,0,1,N
3173,1,1,N
3174,0,0,A
3175,1,1,N
3176,0,0,A
3177,1,1,N
3178,0,0,A
3179,1,1,N
3180,0,0,A
3181,0,0,A
3182,1,1,N
3183,0,0,A
3184,1,1,N
3185,0,0,A
3186,1,1,N
3187,0,1,N
3188,0,0,A
3189,1,1,N
3190,0,0,A
3191,1,1,N
3192,0,0,A
3193,0,0,A
3194,0,0,A
3195,0,0,A
3196,0,0,A
3197,0,0,A
3198,0,0,A
3199,1,1,N
3200,1,1,N
3201,1,1,N
3202,1,1,N
3203,1,1,N
3204,0,0,A
3205,0,1,N
3206,1,1,N
3207,1,1,N
3208,0,0,A
3209,0,0,A
3210,1,1,N
3211,0,1,N
3212,0,0,A
3213,0,0,A
3214,1,1,N
3215,0,0,A
3216,0,0,A
3217,0,0,A
3218,1,1,N
3219,0,0,A
3220,1,1,N
3221,1,1,N
3222,1,1,N
3223,0,0,A
3224,1,1,N
3225,0,0,A
3226,1,1,N
3227,0,0,A
3228,0,0,A
3229,1,1,N
3230,0,1,N
3231,1,1,N
3232,1,1,N
3233,1,1,N
3234,0,0,A
3235,1,1,N
3236,1,1,N
3237,0,0,A
3238,0,1,N
3239,1,1,N
3240,0,0,A
3241,0,0,A
3242,1,1,N
3243,1,1,N
3244,1,0,A
3245,1,1,N
3246,0,0,A
3247,0,0,A
3248,1,1,N
3249,1,1,N
3250,1,1,N
3251,1,1,N
3252,1,1,N
3253,0,0,A
3254,1,1,N
3255,0,0,A
3256,1,1,N
3257,1,1,N
3258,0,0,A
3259,1,1,N
3260,1,1,N
3261,0,0,A
3262,1,1,N
3263,0,0,A
3264,0,0,A
3265,1,1,N
3266,0,0,A
3267,0,0,A
3268,0,0,A
3269,0,0,A
3270,0,0,A
3271,1,1,N
3272,0,0,A
3273,1,1,N
3274,0,0,A
3275,0,0,A
3276,1,1,N
3277,0,0,A
3278,0,0,A
3279,1,1,N
3280,1,1,N
3281,0,0,A
3282,1,1,N
3283,1,1,N
3284,0,0,A
3285,0,0,A
3286,0,0,A
3287,0,1,N
3288,0,0,A
3289,1,1,N
3290,1,1,N
3291,0,0,A
3292,1,1,N
3293,1,1,N
3294,1,1,N
3295,0,0,A
3296,0,0,A
3297,0,0,A
3298,1,1,N
3299,0,0,A
3300,0,0,A
3301,0,0,A
3302,1,1,N
3303,1,1,N
3304,0,0,A
3305,0,0,A
3306,1,1,N
3307,0,0,A
3308,1,1,N
3309,1,1,N
3310,1,1,N
3311,0,0,A
3312,1,1,N
3313,0,0,A
3314,0,0,A
3315,1,1,N
3316,1,1,N
3317,1,1,N
3318,0,0,A
3319,1,1,N
3320,1,1,N
3321,0,0,A
3322,1,1,N
3323,0,0,A
3324,0,0,A
3325,1,1,N
3326,0,0,A
3327,0,1,N
3328,0,1,N
3329,0,0,A
3330,1,1,N
3331,0,0,A
3332,1,1,N
3333,0,0,A
3334,0,1,N
3335,0,0,A
3336,1,1,N
3337,0,0,A
3338,1,1,N
3339,1,1,N
3340,0,0,A
3341,1,1,N
3342,1,1,N
3343,1,1,N
3344,0,0,A
3345,1,1,N
3346,1,1,N
3347,1,1,N
3348,1,1,N
3349,0,0,A
3350,1,1,N
3351,0,0,A
3352,0,0,A
3353,1,0,A
3354,1,1,N
3355,0,1,N
3356,0,0,A
3357,0,0,A
3358,0,0,A
3359,0,0,A
3360,1,1,N
3361,0,0,A
3362,0,0,A
3363,1,1,N
3364,0,0,A
3365,0,0,A
3366,1,1,N
3367,1,1,N
3368,0,1,N
3369,0,0,A
3370,0,0,A
3371,0,0,A
3372,1,0,A
3373,1,1,N
3374,0,1,N
3375,1,1,N
3376,1,1,N
3377,0,0,A
3378,0,0,A
3379,1,1,N
3380,1,1,N
3381,1,1,N
3382,0,0,A
3383,0,0,A
3384,0,0,A
3385,1,1,N
3386,0,0,A
3387,0,0,A
3388,1,1,N
3389,1,1,N
3390,1,1,N
3391,1,1,N
3392,1,1,N
3393,0,0,A
3394,0,0,A
3395,0,0,A
3396,1,1,N
3397,0,0,A
3398,0,0,A
3399,1,1,N
3400,0,0,A
3401,0,0,A
3402,1,1,N
3403,1,1,N
3404,1,1,N
3405,1,0,A
3406,1,1,N
3407,1,1,N
3408,0,0,A
3409,1,1,N
3410,1,1,N
3411,0,1,N
3412,0,0,A
3413,0,0,A
3414,1,1,N
3415,0,0,A
3416,0,0,A
3417,1,1,N
3418,0,0,A
3419,0,0,A
3420,0,0,A
3421,0,0,A
3422,1,1,N
3423,0,0,A
3424,1,1,N
3425,0,0,A
3426,1,1,N
3427,1,1,N
3428,0,0,A
3429,1,1,N
3430,0,0,A
3431,1,1,N
3432,0,0,A
3433,1,1,N
3434,0,0,A
3435,0,0,A
3436,0,0,A
3437,1,1,N
3438,1,1,N
3439,0,1,N
3440,0,0,A
3441,0,0,A
3442,1,1,N
3443,0,0,A
3444,0,0,A
3445,0,0,A
3446,1,1,N
3447,0,0,A
3448,0,0,A
3449,1,1,N
3450,1,1,N
3451,1,1,N
3452,1,1,N
3453,0,0,A
3454,1,1,N
3455,1,1,N
3456,0,1,N
3457,0,0,A
3458,1,1,N
3459,0,0,A
3460,1,1,N
3461,0,0,A
3462,1,1,N
3463,1,1,N
3464,0,0,A
3465,0,0,A
3466,1,1,N
3467,1,1,N
3468,1,1,N
3469,1,1,N
3470,1,0,A
3471,0,0,A
3472,1,1,N
3473,1,1,N
3474,0,0,A
3475,0,0,A
3476,1,1,N
3477,0,0,A
3478,0,0,A
3479,0,0,A
3480,0,1,N
3481,1,1,N
3482,1,1,N
3483,0,0,A
3484,1,1,N
3485,1,1,N
3486,1,1,N
3487,0,0,A
3488,0,0,A
3489,1,1,N
3490,1,1,N
3491,1,1,N
3492,1,1,N
3493,1,1,N
3494,0,0,A
3495,1,1,N
3496,1,1,N
3497,1,1,N
3498,1,0,A
3499,0,0,A
3500,1,1,N
3501,0,0,A
3502,0,0,A
3503,0,0,A
3504,0,0,A
3505,0,0,A
3506,0,0,A
3507,0,1,N
3508,1,1,N
3509,1,1,N
3510,0,0,A
3511,1,1,N
3512,0,0,A
3513,0,0,A
3514,0,1,N
3515,1,1,N
3516,0,0,A
3517,1,1,N
3518,1,1,N
3519,1,1,N
3520,1,1,N
3521,0,1,N
3522,1,1,N
3523,1,1,N
3524,1,1,N
3525,0,0,A
3526,0,0,A
3527,0,0,A
3528,1,1,N
3529,1,1,N
3530,0,0,A
3531,0,0,A
3532,0,0,A
3533,1,1,N
3534,1,1,N
3535,1,1,N
3536,0,0,A
3537,1,1,N
3538,0,1,N
3539,1,1,N
3540,0,0,A
3541,1,1,N
3542,1,1,N
3543,0,0,A
3544,1,1,N
3545,1,1,N
3546,1,1,N
3547,1,1,N
3548,1,1,N
3549,0,0,A
3550,0,0,A
3551,1,1,N
3552,1,1,N
3553,0,0,A
3554,0,0,A
3555,1,1,N
3556,0,0,A
3557,0,1,N
3558,0,0,A
3559,0,0,A
3560,1,1,N
3561,1,1,N
3562,0,1,N
3563,1,1,N
3564,1,1,N
3565,0,0,A
3566,1,1,N
3567,1,1,N
3568,0,0,A
3569,0,0,A
3570,1,1,N
3571,1,1,N
3572,0,1,N
3573,0,0,A
3574,0,0,A
3575,0,0,A
3576,1,1,N
3577,0,0,A
3578,0,0,A
3579,1,1,N
3580,0,0,A
3581,1,1,N
3582,0,0,A
3583,1,1,N
3584,0,0,A
3585,0,0,A
3586,0,0,A
3587,1,1,N
3588,0,0,A
3589,0,0,A
3590,1,1,N
3591,1,1,N
3592,0,1,N
3593,0,0,A
3594,0,0,A
3595,0,0,A
3596,1,1,N
3597,0,0,A
3598,1,1,N
3599,0,1,N
3600,1,1,N
3601,0,0,A
3602,0,0,A
3603,1,1,N
3604,0,0,A
3605,1,1,N
3606,0,0,A
3607,1,1,N
3608,1,0,A
3609,0,0,A
3610,1,1,N
3611,1,1,N
3612,1,1,N
3613,0,0,A
3614,1,1,N
3615,0,0,A
3616,1,1,N
3617,1,1,N
3618,0,1,N
3619,1,1,N
3620,1,1,N
3621,1,1,N
3622,0,0,A
3623,0,0,A
3624,0,0,A
3625,0,0,A
3626,0,0,A
3627,0,0,A
3628,1,1,N
3629,1,1,N
3630,0,0,A
3631,1,1,N
3632,0,0,A
3633,0,0,A
3634,1,1,N
3635,0,0,A
3636,0,0,A
3637,1,1,N
3638,0,0,A
3639,1,1,N
3640,0,0,A
3641,1,1,N
3642,1,1,N
3643,0,0,A
3644,1,1,N
3645,1,1,N
3646,1,1,N
3647,0,0,A
3648,1,0,A
3649,0,0,A
3650,1,1,N
3651,1,1,N
3652,0,0,A
3653,0,0,A
3654,0,0,A
3655,0,0,A
3656,1,1,N
3657,0,0,A
3658,0,1,N
3659,1,1,N
3660,1,1,N
3661,1,1,N
3662,1,1,N
3663,0,0,A
3664,0,1,N
3665,0,0,A
3666,1,1,N
3667,1,1,N
3668,0,0,A
3669,0,0,A
3670,1,1,N
3671,1,0,A
3672,1,1,N
3673,1,1,N
3674,1,1,N
3675,1,1,N
3676,0,1,N
3677,1,1,N
3678,1,1,N
3679,0,1,N
3680,0,0,A
3681,1,1,N
3682,0,0,A
3683,0,1,N
3684,1,1,N
3685,1,1,N
3686,0,1,N
3687,1,1,N
3688,0,0,A
3689,0,0,A
3690,0,0,A
3691,0,0,A
3692,1,1,N
3693,0,1,N
3694,1,1,N
3695,1,1,N
3696,0,0,A
3697,1,1,N
3698,1,1,N
3699,1,1,N
3700,1,1,N
3701,1,1,N
3702,0,0,A
3703,1,1,N
3704,1,1,N
3705,0,0,A
3706,0,0,A
3707,1,1,N
3708,1,1,N
3709,1,1,N
3710,0,0,A
3711,0,1,N
3712,0,0,A
3713,1,1,N
3714,1,1,N
3715,1,1,N
3716,1,1,N
3717,0,0,A
3718,0,1,N
3719,0,1,N
3720,0,0,A
3721,0,0,A
3722,0,0,A
3723,1,1,N
3724,1,1,N
3725,0,0,A
3726,1,1,N
3727,1,1,N
3728,1,1,N
3729,0,0,A
3730,0,0,A
3731,0,0,A
3732,1,1,N
3733,0,0,A
3734,1,1,N
3735,0,0,A
3736,1,1,N
3737,0,1,N
3738,1,1,N
3739,1,1,N
3740,1,1,N
3741,0,0,A
3742,0,0,A
3743,0,1,N
3744,1,1,N
3745,0,0,A
3746,1,1,N
3747,1,1,N
3748,1,1,N
3749,1,1,N
3750,1,1,N
3751,1,1,N
3752,1,1,N
3753,1,1,N
3754,1,1,N
3755,0,0,A
3756,0,0,A
3757,0,0,A
3758,1,1,N
3759,1,1,N
3760,0,0,A
3761,0,0,A
3762,1,1,N
3763,1,1,N
3764,0,0,A
3765,1,0,A
3766,0,0,A
3767,0,0,A
3768,0,0,A
3769,1,1,N
3770,0,0,A
3771,1,1,N
3772,1,1,N
3773,1,1,N
3774,0,0,A
3775,0,0,A
3776,0,1,N
3777,1,1,N
3778,0,0,A
3779,1,1,N
3780,1,1,N
3781,0,0,A
3782,1,1,N
3783,0,0,A
3784,0,0,A
3785,1,1,N
3786,1,1,N
3787,1,0,A
3788,1,1,N
3789,1,1,N
3790,0,0,A
3791,0,0,A
3792,1,1,N
3793,0,0,A
3794,1,1,N
3795,1,1,N
3796,0,0,A
3797,1,1,N
3798,0,0,A
3799,0,0,A
3800,1,1,N
3801,0,0,A
3802,1,1,N
3803,0,0,A
3804,1,1,N
3805,0,1,N
3806,0,0,A
3807,0,0,A
3808,0,0,A
3809,0,0,A
3810,0,1,N
3811,1,1,N
3812,1,0,A
3813,1,1,N
3814,0,0,A
3815,1,1,N
3816,0,0,A
3817,0,0,A
3818,1,1,N
3819,1,1,N
3820,0,0,A
3821,0,0,A
3822,1,1,N
3823,0,0,A
3824,1,1,N
3825,0,0,A
3826,0,0,A
3827,0,0,A
3828,1,1,N
3829,0,0,A
3830,0,0,A
3831,1,1,N
3832,0,0,A
3833,1,1,N
3834,0,0,A
3835,1,1,N
3836,1,1,N
3837,0,0,A
3838,1,1,N
3839,0,0,A
3840,0,0,A
3841,1,1,N
3842,1,1,N
3843,0,0,A
3844,1,1,N
3845,0,0,A
3846,1,1,N
3847,1,1,N
3848,1,1,N
3849,0,0,A
3850,1,1,N
3851,1,1,N
3852,0,1,N
3853,1,1,N
3854,0,0,A
3855,1,1,N
3856,1,1,N
3857,1,1,N
3858,1,1,N
3859,1,1,N
3860,1,1,N
3861,0,0,A
3862,0,0,A
3863,0,0,A
3864,1,1,N
3865,0,0,A
3866,1,1,N
3867,0,0,A
3868,1,1,N
3869,1,1,N
3870,1,1,N
3871,0,0,A
3872,1,1,N
3873,1,0,A
3874,1,1,N
3875,0,0,A
3876,0,0,A
3877,0,0,A
3878,0,0,A
3879,0,0,A
3880,0,0,A
3881,0,0,A
3882,1,1,N
3883,0,0,A
3884,0,0,A
3885,1,1,N
3886,1,1,N
3887,0,0,A
3888,0,0,A
3889,1,0,A
3890,0,0,A
3891,1,0,A
3892,1,1,N
3893,0,0,A
3894,1,1,N
3895,0,0,A
3896,1,1,N
3897,0,0,A
3898,0,0,A
3899,1,1,N
3900,1,1,N
3901,0,0,A
3902,0,0,A
3903,0,0,A
3904,1,1,N
3905,1,1,N
3906,0,0,A
3907,0,0,A
3908,1,1,N
3909,0,0,A
3910,0,1,N
3911,0,0,A
3912,0,1,N
3913,0,0,A
3914,0,0,A
3915,1,1,N
3916,1,1,N
3917,0,0,A
3918,1,1,N
3919,1,1,N
3920,1,1,N
3921,0,0,A
3922,1,1,N
3923,1,1,N
3924,1,1,N
3925,1,1,N
3926,1,1,N
3927,0,0,A
3928,0,0,A
3929,0,0,A
3930,0,0,A
3931,0,1,N
3932,0,0,A
3933,0,0,A
3934,1,1,N
3935,0,0,A
3936,1,1,N
3937,0,0,A
3938,0,0,A
3939,1,1,N
3940,0,0,A
3941,1,1,N
3942,1,1,N
3943,0,0,A
3944,1,1,N
3945,1,1,N
3946,0,0,A
3947,0,0,A
3948,1,0,A
3949,0,0,A
3950,1,1,N
3951,1,1,N
3952,1,1,N
3953,0,0,A
3954,1,1,N
3955,1,1,N
3956,1,1,N
3957,1,1,N
3958,1,1,N
3959,1,1,N
3960,1,1,N
3961,0,1,N
3962,0,0,A
3963,1,1,N
3964,0,0,A
3965,0,1,N
3966,0,0,A
3967,0,0,A
3968,0,1,N
3969,0,0,A
3970,0,1,N
3971,1,1,N
3972,0,0,A
3973,0,0,A
3974,1,1,N
3975,1,1,N
3976,0,0,A
3977,1,1,N
3978,0,0,A
3979,1,1,N
3980,1,1,N
3981,1,1,N
3982,0,0,A
3983,0,0,A
3984,0,0,A
3985,0,0,A
3986,1,0,A
3987,0,0,A
3988,0,0,A
3989,1,1,N
3990,0,1,N
3991,1,1,N
3992,1,1,N
3993,1,1,N
3994,1,1,N
3995,1,1,N
3996,1,1,N
3997,0,0,A
3998,0,0,A
3999,0,0,A
4000,1,1,N
4001,1,1,N
4002,0,0,A
4003,1,1,N
4004,0,0,A
4005,0,0,A
4006,0,1,N
4007,1,1,N
4008,0,0,A
4009,0,0,A
4010,1,1,N
4011,0,0,A
4012,1,1,N
4013,1,1,N
4014,0,0,A
4015,1,1,N
4016,1,1,N
4017,0,0,A
4018,1,1,N
4019,1,1,N
4020,0,1,N
4021,1,1,N
4022,1,1,N
4023,0,0,A
4024,0,0,A
4025,1,1,N
4026,0,0,A
4027,1,1,N
4028,0,0,A
4029,0,0,A
4030,0,1,N
4031,0,0,A
4032,0,0,A
4033,1,1,N
4034,1,1,N
4035,1,1,N
4036,1,1,N
4037,1,1,N
4038,0,0,A
4039,1,1,N
4040,1,1,N
4041,1,1,N
4042,0,0,A
4043,0,0,A
4044,1,1,N
4045,1,1,N
4046,0,0,A
4047,1,1,N
4048,1,1,N
4049,1,1,N
4050,0,0,A
4051,1,1,N
4052,1,1,N
4053,0,0,A
4054,1,1,N
4055,0,0,A
4056,1,1,N
4057,1,1,N
4058,1,1,N
4059,1,1,N
4060,1,1,N
4061,0,0,A
4062,1,1,N
4063,0,0,A
4064,0,0,A
4065,1,1,N
4066,1,1,N
4067,1,1,N
4068,1,1,N
4069,0,0,A
4070,1,1,N
4071,0,1,N
4072,1,1,N
4073,1,1,N
4074,0,0,A
4075,0,0,A
4076,0,0,A
4077,0,0,A
4078,1,1,N
4079,1,1,N
4080,1,1,N
4081,0,0,A
4082,1,1,N
4083,1,1,N
4084,0,0,A
4085,1,1,N
4086,0,0,A
4087,0,0,A
4088,0,0,A
4089,1,1,N
4090,1,1,N
4091,0,0,A
4092,0,0,A
4093,0,1,N
4094,0,0,A
4095,0,0,A
4096,1,1,N
4097,0,1,N
4098,1,1,N
4099,0,0,A
4100,1,1,N
4101,1,1,N
4102,1,1,N
4103,1,0,A
4104,1,1,N
4105,0,0,A
4106,1,1,N
4107,0,0,A
4108,1,1,N
4109,0,1,N
4110,0,0,A
4111,0,0,A
4112,1,1,N
4113,1,1,N
4114,1,1,N
4115,1,1,N
4116,0,0,A
4117,0,0,A
4118,0,0,A
4119,1,1,N
4120,0,0,A
4121,0,0,A
4122,1,1,N
4123,0,0,A
4124,1,0,A
4125,1,1,N
4126,0,0,A
4127,1,1,N
4128,0,1,N
4129,1,1,N
4130,0,0,A
4131,1,1,N
4132,1,1,N
4133,0,0,A
4134,1,1,N
4135,0,0,A
4136,1,1,N
4137,1,1,N
4138,1,0,A
4139,0,0,A
4140,0,1,N
4141,0,0,A
4142,1,1,N
4143,0,0,A
4144,0,0,A
4145,0,0,A
4146,0,0,A
4147,0,0,A
4148,1,1,N
4149,0,0,A
4150,1,1,N
4151,1,1,N
4152,0,0,A
4153,0,0,A
4154,0,0,A
4155,0,0,A
4156,0,0,A
4157,0,0,A
4158,1,1,N
4159,0,0,A
4160,0,1,N
4161,1,1,N
4162,0,0,A
4163,1,1,N
4164,0,0,A
4165,1,1,N
4166,0,0,A
4167,0,0,A
4168,1,1,N
4169,1,1,N
4170,0,0,A
4171,1,1,N
4172,0,1,N
4173,0,0,A
4174,0,0,A
4175,0,0,A
4176,0,0,A
4177,1,1,N
4178,1,1,N
4179,0,0,A
4180,0,0,A
4181,1,1,N
4182,0,0,A
4183,1,1,N
4184,1,0,A
4185,1,1,N
4186,0,0,A
4187,1,1,N
4188,1,1,N
4189,1,1,N
4190,1,1,N
4191,0,0,A
4192,0,0,A
4193,0,0,A
4194,1,1,N
4195,0,0,A
4196,0,0,A
4197,0,0,A
4198,0,1,N
4199,1,1,N
4200,1,1,N
4201,1,1,N
4202,0,1,N
4203,0,0,A
4204,1,1,N
4205,0,0,A
4206,0,0,A
4207,1,0,A
4208,0,0,A
4209,0,0,A
4210,1,1,N
4211,0,0,A
4212,1,1,N
4213,1,1,N
4214,0,0,A
4215,1,0,A
4216,0,0,A
4217,0,0,A
4218,1,1,N
4219,0,0,A
4220,1,1,N
4221,1,1,N
4222,1,1,N
4223,0,0,A
4224,0,0,A
4225,0,0,A
4226,1,1,N
4227,1,1,N
4228,0,0,A
4229,1,1,N
4230,1,1,N
4231,1,1,N
4232,0,0,A
4233,1,1,N
4234,0,0,A
4235,0,1,N
4236,1,1,N
4237,1,1,N
4238,0,0,A
4239,1,1,N
4240,1,1,N
4241,0,0,A
4242,0,0,A
4243,0,1,N
4244,0,0,A
4245,0,0,A
4246,1,1,N
4247,0,0,A
4248,0,1,N
4249,1,1,N
4250,1,1,N
4251,1,1,N
4252,0,0,A
4253,0,0,A
4254,1,1,N
4255,0,1,N
4256,1,1,N
4257,1,1,N
4258,1,1,N
4259,0,0,A
4260,0,0,A
4261,0,0,A
4262,0,0,A
4263,1,1,N
4264,0,0,A
4265,0,0,A
4266,1,1,N
4267,0,0,A
4268,0,0,A
4269,0,0,A
4270,0,0,A
4271,1,1,N
4272,0,1,N
4273,1,1,N
4274,0,0,A
4275,0,0,A
4276,0,0,A
4277,1,1,N
4278,0,0,A
4279,1,1,N
4280,0,1,N
4281,0,0,A
4282,1,1,N
4283,0,1,N
4284,1,1,N
4285,0,1,N
4286,0,0,A
4287,0,1,N
4288,0,0,A
4289,0,0,A
4290,0,0,A
4291,1,1,N
4292,1,1,N
4293,0,0,A
4294,0,0,A
4295,0,0,A
4296,0,0,A
4297,0,0,A
4298,1,1,N
4299,1,1,N
4300,1,1,N
4301,0,1,N
4302,0,0,A
4303,1,1,N
4304,0,0,A
4305,1,1,N
4306,0,0,A
4307,0,0,A
4308,1,1,N
4309,1,1,N
4310,0,0,A
4311,1,1,N
4312,1,0,A
4313,1,1,N
4314,0,0,A
4315,1,1,N
4316,0,0,A
4317,1,1,N
4318,0,0,A
4319,0,0,A
4320,1,1,N
4321,0,0,A
4322,0,0,A
4323,0,0,A
4324,0,0,A
4325,1,1,N
4326,1,1,N
4327,0,0,A
4328,1,1,N
4329,1,1,N
4330,1,1,N
4331,0,0,A
4332,0,0,A
4333,0,1,N
4334,0,0,A
4335,0,0,A
4336,0,0,A
4337,0,0,A
4338,0,0,A
4339,0,0,A
4340,0,0,A
4341,1,1,N
4342,0,0,A
4343,0,0,A
4344,1,0,A
4345,0,0,A
4346,1,1,N
4347,0,0,A
4348,0,0,A
4349,0,0,A
4350,1,1,N
4351,0,0,A
4352,1,1,N
4353,1,1,N
4354,0,0,A
4355,0,0,A
4356,1,1,N
4357,1,1,N
4358,1,0,A
4359,0,0,A
4360,1,1,N
4361,1,1,N
4362,0,0,A
4363,0,0,A
4364,1,1,N
4365,1,1,N
4366,1,1,N
4367,1,1,N
4368,1,1,N
4369,1,1,N
4370,1,1,N
4371,0,0,A
4372,0,1,N
4373,0,0,A
4374,1,1,N
4375,1,1,N
4376,0,0,A
4377,1,1,N
4378,0,0,A
4379,1,1,N
4380,1,1,N
4381,0,0,A
4382,0,0,A
4383,0,0,A
4384,1,1,N
4385,1,1,N
4386,0,0,A
4387,0,0,A
4388,0,0,A
4389,0,0,A
4390,1,1,N
4391,1,1,N
4392,1,1,N
4393,0,0,A
4394,0,0,A
4395,0,0,A
4396,0,0,A
4397,0,0,A
4398,1,1,N
4399,1,1,N
4400,1,0,A
4401,0,0,A
4402,1,1,N
4403,0,0,A
4404,0,0,A
4405,1,1,N
4406,1,1,N
4407,0,0,A
4408,1,1,N
4409,0,1,N
4410,1,1,N
4411,0,0,A
4412,0,0,A
4413,0,1,N
4414,1,1,N
4415,0,0,A
4416,0,0,A
4417,1,1,N
4418,1,1,N
4419,1,1,N
4420,1,1,N
4421,0,0,A
4422,1,1,N
4423,0,0,A
4424,0,0,A
4425,1,1,N
4426,1,1,N
4427,0,0,A
4428,1,1,N
4429,0,0,A
4430,0,1,N
4431,1,1,N
4432,1,1,N
4433,0,0,A
4434,1,1,N
4435,1,1,N
4436,0,1,N
4437,1,1,N
4438,0,0,A
4439,0,0,A
4440,1,1,N
4441,0,0,A
4442,1,1,N
4443,0,0,A
4444,0,0,A
4445,0,0,A
4446,1,1,N
4447,1,1,N
4448,0,0,A
4449,1,0,A
4450,1,1,N
4451,1,1,N
4452,1,1,N
4453,0,0,A
4454,1,1,N
4455,0,0,A
4456,0,1,N
4457,1,1,N
4458,0,0,A
4459,1,1,N
4460,1,1,N
4461,1,1,N
4462,0,0,A
4463,1,1,N
4464,0,0,A
4465,1,1,N
4466,0,0,A
4467,1,1,N
4468,0,0,A
4469,0,0,A
4470,1,1,N
4471,0,0,A
4472,1,1,N
4473,1,1,N
4474,0,0,A
4475,1,1,N
4476,0,0,A
4477,0,0,A
4478,1,1,N
4479,0,0,A
4480,1,1,N
4481,0,0,A
4482,0,0,A
4483,1,0,A
4484,1,1,N
4485,0,0,A
4486,1,1,N
4487,1,1,N
4488,0,0,A
4489,1,1,N
4490,1,1,N
4491,1,1,N
4492,0,1,N
4493,1,1,N
4494,0,0,A
4495,0,0,A
4496,0,1,N
4497,1,1,N
4498,0,0,A
4499,1,1,N
4500,0,0,A
4501,0,0,A
4502,1,1,N
4503,0,0,A
4504,1,1,N
4505,1,1,N
4506,1,1,N
4507,1,1,N
4508,0,0,A
4509,1,1,N
4510,1,1,N
4511,0,0,A
4512,0,0,A
4513,0,0,A
4514,1,1,N
4515,1,1,N
4516,1,1,N
4517,0,0,A
4518,1,1,N
4519,0,0,A
4520,0,0,A
4521,0,0,A
4522,1,1,N
4523,1,1,N
4524,1,1,N
4525,1,1,N
4526,0,0,A
4527,1,1,N
4528,0,0,A
4529,1,1,N
4530,0,0,A
4531,0,0,A
4532,0,0,A
4533,1,1,N
4534,1,1,N
4535,0,0,A
4536,1,1,N
4537,0,0,A
4538,1,1,N
4539,0,0,A
4540,0,0,A
4541,1,1,N
4542,1,1,N
4543,0,0,A
4544,0,0,A
4545,1,1,N
4546,0,0,A
4547,0,0,A
4548,0,0,A
4549,1,1,N
4550,1,1,N
4551,0,0,A
4552,0,1,N
4553,1,1,N
4554,1,1,N
4555,0,0,A
4556,1,1,N
4557,1,1,N
4558,1,1,N
4559,0,0,A
4560,0,0,A
4561,1,1,N
4562,1,1,N
4563,1,1,N
4564,0,0,A
4565,1,0,A
4566,1,1,N
4567,0,0,A
4568,1,1,N
4569,1,1,N
4570,0,0,A
4571,0,0,A
4572,1,1,N
4573,0,0,A
4574,1,1,N
4575,1,1,N
4576,0,0,A
4577,1,1,N
4578,0,0,A
4579,1,1,N
4580,1,1,N
4581,0,0,A
4582,0,0,A
4583,1,1,N
4584,1,1,N
4585,1,1,N
4586,1,1,N
4587,0,0,A
4588,0,0,A
4589,1,1,N
4590,1,1,N
4591,1,1,N
4592,0,0,A
4593,0,0,A
4594,0,0,A
4595,0,0,A
4596,0,0,A
4597,1,1,N
4598,1,1,N
4599,1,1,N
4600,0,0,A
4601,1,0,A
4602,1,1,N
4603,0,0,A
4604,1,1,N
4605,0,0,A
4606,0,0,A
4607,1,1,N
4608,1,1,N
4609,0,1,N
4610,0,0,A
4611,1,1,N
4612,0,0,A
4613,0,0,A
4614,0,0,A
4615,1,1,N
4616,0,0,A
4617,1,1,N
4618,1,1,N
4619,0,0,A
4620,1,1,N
4621,0,0,A
4622,1,1,N
4623,0,0,A
4624,0,1,N
4625,0,0,A
4626,0,1,N
4627,0,0,A
4628,0,0,A
4629,1,1,N
4630,0,0,A
4631,1,1,N
4632,1,1,N
4633,0,0,A
4634,0,0,A
4635,0,0,A
4636,1,1,N
4637,1,1,N
4638,1,1,N
4639,0,0,A
4640,0,0,A
4641,0,1,N
4642,0,0,A
4643,0,0,A
4644,0,0,A
4645,0,0,A
4646,0,1,N
4647,0,0,A
4648,1,1,N
4649,0,0,A
4650,0,0,A
4651,1,1,N
4652,1,1,N
4653,0,0,A
4654,1,1,N
4655,1,1,N
4656,1,1,N
4657,1,1,N
4658,1,1,N
4659,1,1,N
4660,0,0,A
4661,1,1,N
4662,1,1,N
4663,1,1,N
4664,0,0,A
4665,1,1,N
4666,0,0,A
4667,1,0,A
4668,1,1,N
4669,1,1,N
4670,0,0,A
4671,1,1,N
4672,0,0,A
4673,1,1,N
4674,1,1,N
4675,0,0,A
4676,0,0,A
4677,1,1,N
4678,1,0,A
4679,1,1,N
4680,0,1,N
4681,1,1,N
4682,0,0,A
4683,1,1,N
4684,0,0,A
4685,1,1,N
4686,1,1,N
4687,1,1,N
4688,0,1,N
4689,1,1,N
4690,1,1,N
4691,0,0,A
4692,1,1,N
4693,1,1,N
4694,1,1,N
4695,0,0,A
4696,0,1,N
4697,1,1,N
4698,0,1,N
4699,0,0,A
4700,1,1,N
4701,1,1,N
4702,0,0,A
4703,1,1,N
4704,1,1,N
4705,0,1,N
4706,0,0,A
4707,0,0,A
4708,0,1,N
4709,0,0,A
4710,0,0,A
4711,1,1,N
4712,0,0,A
4713,1,1,N
4714,1,1,N
4715,1,1,N
4716,0,0,A
4717,1,1,N
4718,1,1,N
4719,1,1,N
4720,0,0,A
4721,1,1,N
4722,0,0,A
4723,0,0,A
4724,0,0,A
4725,0,0,A
4726,1,1,N
4727,1,1,N
4728,1,1,N
4729,0,0,A
4730,0,0,A
4731,1,1,N
4732,1,1,N
4733,0,0,A
4734,0,0,A
4735,1,1,N
4736,0,0,A
4737,0,0,A
4738,0,0,A
4739,0,0,A
4740,1,1,N
4741,0,0,A
4742,0,0,A
4743,0,0,A
4744,1,1,N
4745,1,1,N
4746,0,0,A
4747,1,1,N
4748,0,0,A
4749,1,1,N
4750,1,1,N
4751,0,0,A
4752,0,0,A
4753,1,1,N
4754,1,1,N
4755,1,1,N
4756,0,0,A
4757,1,1,N
4758,0,0,A
4759,0,1,N
4760,0,0,A
4761,1,1,N
4762,0,0,A
4763,1,1,N
4764,1,1,N
4765,1,1,N
4766,0,0,A
4767,0,0,A
4768,1,1,N
4769,1,1,N
4770,1,1,N
4771,0,0,A
4772,1,0,A
4773,1,1,N
4774,0,0,A
4775,1,1,N
4776,1,1,N
4777,1,1,N
4778,1,1,N
4779,1,0,A
4780,0,1,N
4781,0,0,A
4782,0,0,A
4783,1,1,N
4784,0,0,A
4785,1,1,N
4786,1,1,N
4787,0,0,A
4788,0,1,N
4789,1,1,N
4790,0,0,A
4791,1,1,N
4792,0,1,N
4793,1,1,N
4794,1,1,N
4795,1,1,N
4796,1,1,N
4797,0,0,A
4798,1,1,N
4799,1,1,N
4800,0,0,A
4801,1,1,N
4802,1,1,N
4803,0,0,A
4804,0,0,A
4805,1,1,N
4806,0,0,A
4807,1,1,N
4808,0,0,A
4809,1,1,N
4810,1,1,N
4811,0,1,N
4812,1,1,N
4813,1,1,N
4814,0,0,A
4815,1,1,N
4816,1,1,N
4817,0,1,N
4818,0,1,N
4819,1,1,N
4820,0,1,N
4821,0,0,A
4822,1,1,N
4823,1,0,A
4824,1,1,N
4825,0,0,A
4826,1,1,N
4827,1,1,N
4828,1,1,N
4829,1,1,N
4830,0,0,A
4831,1,0,A
4832,0,0,A
4833,0,0,A
4834,0,0,A
4835,0,0,A
4836,0,1,N
4837,1,1,N
4838,1,1,N
4839,1,1,N
4840,0,0,A
4841,1,0,A
4842,0,1,N
4843,1,1,N
4844,1,1,N
4845,1,1,N
4846,0,0,A
4847,0,1,N
4848,1,1,N
4849,1,1,N
4850,0,0,A
4851,1,1,N
4852,0,0,A
4853,1,1,N
4854,0,0,A
4855,1,1,N
4856,0,0,A
4857,0,0,A
4858,0,0,A
4859,0,0,A
4860,1,1,N
4861,0,0,A
4862,0,1,N
4863,1,1,N
4864,1,1,N
4865,0,0,A
4866,0,0,A
4867,1,1,N
4868,1,1,N
4869,0,0,A
4870,1,1,N
4871,1,1,N
4872,1,1,N
4873,0,0,A
4874,0,1,N
4875,0,0,A
4876,1,1,N
4877,0,0,A
4878,1,1,N
4879,0,0,A
4880,0,0,A
4881,0,0,A
4882,1,1,N
4883,0,0,A
4884,0,0,A
4885,1,1,N
4886,1,1,N
4887,1,1,N
4888,1,1,N
4889,1,1,N
4890,1,1,N
4891,1,1,N
4892,0,0,A
4893,1,1,N
4894,1,1,N
4895,1,1,N
4896,1,1,N
4897,1,1,N
4898,1,1,N
4899,1,1,N
4900,1,1,N
4901,1,1,N
4902,1,1,N
4903,1,1,N
4904,0,0,A
4905,0,1,N
4906,0,0,A
4907,1,1,N
4908,1,1,N
4909,0,0,A
4910,1,1,N
4911,0,0,A
4912,1,1,N
4913,0,0,A
4914,0,0,A
4915,1,1,N
4916,0,0,A
4917,1,1,N
4918,1,1,N
4919,0,0,A
4920,0,0,A
4921,1,1,N
4922,1,1,N
4923,1,1,N
4924,1,1,N
4925,0,0,A
4926,0,0,A
4927,1,1,N
4928,1,1,N
4929,0,0,A
4930,0,0,A
4931,1,1,N
4932,0,0,A
4933,0,0,A
4934,0,0,A
4935,1,1,N
4936,1,1,N
4937,0,0,A
4938,1,1,N
4939,1,1,N
4940,1,1,N
4941,0,0,A
4942,0,0,A
4943,1,1,N
4944,1,1,N
4945,1,1,N
4946,1,1,N
4947,0,0,A
4948,0,0,A
4949,1,0,A
4950,1,0,A
4951,0,1,N
4952,1,1,N
4953,0,0,A
4954,0,0,A
4955,1,1,N
4956,1,1,N
4957,0,0,A
4958,0,0,A
4959,0,1,N
4960,1,1,N
4961,0,0,A
4962,0,0,A
4963,0,0,A
4964,0,0,A
4965,0,0,A
4966,0,1,N
4967,0,0,A
4968,0,0,A
4969,1,1,N
4970,0,0,A
4971,1,1,N
4972,0,0,A
4973,1,1,N
4974,1,1,N
4975,0,0,A
4976,0,1,N
4977,0,0,A
4978,1,1,N
4979,0,0,A
4980,0,0,A
4981,0,0,A
4982,0,0,A
4983,0,0,A
4984,1,1,N
4985,0,0,A
4986,1,1,N
4987,1,1,N
4988,1,1,N
4989,1,1,N
4990,1,1,N
4991,0,1,N
4992,0,0,A
4993,1,1,N
4994,1,1,N
4995,1,1,N
4996,0,1,N
4997,0,0,A
4998,0,0,A
4999,1,1,N
5000,1,1,N
5001,1,1,N
5002,0,0,A
5003,1,1,N
5004,0,0,A
5005,1,1,N
5006,0,0,A
5007,0,0,A
5008,0,0,A
5009,0,0,A
5010,0,0,A
5011,0,0,A
5012,0,0,A
5013,1,1,N
5014,0,0,A
5015,0,0,A
5016,1,1,N
5017,1,1,N
5018,0,0,A
5019,1,1,N
5020,1,1,N
5021,1,1,N
5022,0,0,A
5023,1,1,N
5024,1,1,N
5025,0,0,A
5026,0,1,N
5027,1,1,N
5028,0,0,A
5029,1,1,N
5030,1,1,N
5031,1,1,N
5032,1,1,N
5033,0,0,A
5034,1,1,N
5035,0,0,A
5036,1,1,N
5037,0,0,A
5038,1,1,N
5039,0,0,A
5040,0,0,A
5041,0,0,A
5042,1,1,N
5043,1,1,N
5044,1,1,N
5045,1,1,N
5046,0,0,A
5047,1,1,N
5048,0,0,A
5049,0,0,A
5050,1,1,N
5051,0,0,A
5052,0,0,A
5053,1,1,N
5054,0,0,A
5055,1,1,N
5056,1,1,N
5057,1,1,N
5058,0,1,N
5059,0,0,A
5060,0,0,A
5061,1,1,N
5062,0,0,A
5063,0,1,N
5064,0,0,A
5065,0,0,A
5066,1,1,N
5067,1,1,N
5068,0,0,A
5069,0,0,A
5070,0,0,A
5071,1,1,N
5072,0,0,A
5073,0,0,A
5074,0,0,A
5075,0,0,A
5076,1,1,N
5077,0,0,A
5078,1,1,N
5079,0,0,A
5080,0,1,N
5081,1,1,N
5082,1,1,N
5083,0,1,N
5084,0,0,A
5085,0,0,A
5086,0,0,A
5087,0,0,A
5088,1,0,A
5089,0,0,A
5090,0,0,A
5091,0,0,A
5092,1,1,N
5093,1,1,N
5094,1,1,N
5095,1,1,N
5096,0,0,A
5097,1,1,N
5098,0,0,A
5099,1,1,N
5100,1,1,N
5101,0,0,A
5102,1,1,N
5103,1,1,N
5104,1,1,N
5105,0,0,A
5106,0,0,A
5107,0,0,A
5108,1,1,N
5109,1,1,N
5110,1,1,N
5111,1,1,N
5112,1,1,N
5113,1,1,N
5114,1,1,N
5115,1,1,N
5116,1,1,N
5117,1,1,N
5118,0,0,A
5119,1,1,N
5120,1,1,N
5121,0,0,A
5122,1,1,N
5123,1,0,A
5124,0,0,A
5125,1,0,A
5126,0,0,A
5127,1,1,N
5128,0,0,A
5129,1,1,N
5130,0,0,A
5131,0,1,N
5132,0,0,A
5133,0,0,A
5134,1,1,N
5135,0,0,A
5136,0,0,A
5137,1,1,N
5138,1,1,N
5139,0,0,A
5140,0,0,A
5141,1,1,N
5142,1,1,N
5143,1,1,N
5144,0,1,N
5145,0,0,A
5146,0,0,A
5147,0,0,A
5148,1,1,N
5149,0,0,A
5150,0,0,A
5151,1,1,N
5152,1,1,N
5153,0,1,N
5154,1,1,N
5155,1,1,N
5156,1,1,N
5157,1,1,N
5158,0,0,A
5159,0,1,N
5160,0,0,A
5161,0,0,A
5162,1,1,N
5163,1,1,N
5164,1,1,N
5165,1,1,N
5166,1,1,N
5167,1,1,N
5168,1,1,N
5169,1,1,N
5170,1,1,N
5171,1,1,N
5172,1,1,N
5173,0,0,A
5174,1,1,N
5175,1,1,N
5176,0,0,A
5177,1,1,N
5178,0,0,A
5179,0,0,A
5180,1,1,N
5181,1,1,N
5182,0,0,A
5183,1,1,N
5184,1,1,N
5185,0,0,A
5186,1,1,N
5187,1,1,N
5188,1,1,N
5189,1,1,N
5190,1,1,N
5191,1,1,N
5192,1,1,N
5193,1,1,N
5194,0,0,A
5195,0,0,A
5196,1,1,N
5197,1,1,N
5198,1,1,N
5199,0,1,N
5200,0,0,A
5201,0,0,A
5202,0,0,A
5203,0,0,A
5204,1,1,N
5205,1,1,N
5206,0,0,A
5207,1,1,N
5208,1,1,N
5209,0,0,A
5210,0,0,A
5211,0,0,A
5212,0,0,A
5213,0,0,A
5214,1,1,N
5215,1,1,N
5216,1,1,N
5217,0,0,A
5218,1,1,N
5219,0,0,A
5220,1,1,N
5221,1,1,N
5222,1,1,N
5223,1,1,N
5224,0,0,A
5225,0,0,A
5226,0,0,A
5227,0,0,A
5228,0,1,N
5229,1,1,N
5230,1,1,N
5231,1,1,N
5232,1,1,N
5233,0,0,A
5234,1,1,N
5235,1,1,N
5236,1,1,N
5237,0,0,A
5238,0,0,A
5239,0,0,A
5240,1,1,N
5241,0,0,A
5242,1,1,N
5243,1,1,N
5244,1,1,N
5245,1,1,N
5246,0,0,A
5247,0,0,A
5248,0,0,A
5249,0,0,A
5250,1,1,N
5251,1,1,N
5252,0,0,A
5253,1,1,N
5254,1,1,N
5255,0,0,A
5256,0,0,A
5257,0,0,A
5258,0,0,A
5259,0,0,A
5260,0,0,A
5261,1,1,N
5262,1,1,N
5263,0,1,N
5264,1,1,N
5265,0,0,A
5266,1,1,N
5267,1,1,N
5268,0,0,A
5269,1,1,N
5270,0,0,A
5271,0,0,A
5272,1,1,N
5273,1,1,N
5274,0,0,A
5275,0,0,A
5276,0,0,A
5277,0,0,A
5278,0,0,A
5279,1,0,A
5280,0,0,A
5281,1,1,N
5282,1,1,N
5283,0,0,A
5284,0,0,A
5285,1,1,N
5286,1,1,N
5287,0,0,A
5288,0,0,A
5289,1,1,N
5290,0,0,A
5291,1,1,N
5292,0,0,A
5293,1,1,N
5294,0,0,A
5295,1,1,N
5296,0,0,A
5297,1,1,N
5298,0,0,A
5299,1,1,N
5300,1,1,N
5301,1,1,N
5302,0,0,A
5303,1,1,N
5304,0,0,A
5305,1,1,N
5306,1,1,N
5307,1,1,N
5308,1,1,N
5309,0,0,A
5310,1,1,N
5311,1,1,N
5312,0,0,A
5313,1,1,N
5314,0,0,A
5315,0,0,A
5316,1,1,N
5317,1,1,N
5318,0,0,A
5319,0,0,A
5320,0,0,A
5321,1,1,N
5322,0,0,A
5323,0,0,A
5324,0,0,A
5325,1,1,N
5326,0,0,A
5327,0,0,A
5328,0,0,A
5329,1,1,N
5330,0,0,A
5331,0,0,A
5332,0,0,A
5333,1,1,N
5334,1,1,N
5335,1,1,N
5336,0,0,A
5337,0,1,N
5338,1,1,N
5339,0,0,A
5340,0,1,N
5341,0,0,A
5342,0,0,A
5343,0,0,A
5344,0,0,A
5345,0,0,A
5346,1,1,N
5347,1,0,A
5348,0,0,A
5349,1,1,N
5350,1,0,A
5351,1,1,N
5352,0,0,A
5353,1,1,N
5354,0,0,A
5355,0,0,A
5356,1,1,N
5357,0,0,A
5358,0,0,A
5359,1,1,N
5360,1,1,N
5361,0,0,A
5362,1,1,N
5363,1,1,N
5364,0,1,N
5365,0,0,A
5366,1,1,N
5367,0,0,A
5368,1,1,N
5369,1,1,N
5370,1,1,N
5371,0,0,A
5372,0,0,A
5373,0,0,A
5374,0,1,N
5375,0,0,A
5376,0,0,A
5377,1,1,N
5378,1,1,N
5379,0,1,N
5380,1,1,N
5381,0,0,A
5382,1,1,N
5383,1,1,N
5384,1,1,N
5385,1,1,N
5386,0,0,A
5387,1,1,N
5388,1,1,N
5389,1,1,N
5390,0,0,A
5391,0,0,A
5392,1,1,N
5393,1,1,N
5394,0,0,A
5395,1,1,N
5396,0,0,A
5397,0,0,A
5398,0,0,A
5399,1,1,N
5400,0,0,A
5401,1,1,N
5402,1,1,N
5403,1,1,N
5404,1,1,N
5405,1,1,N
5406,0,0,A
5407,1,1,N
5408,1,1,N
5409,1,1,N
5410,0,0,A
5411,0,0,A
5412,0,0,A
5413,1,1,N
5414,1,1,N
5415,1,1,N
5416,1,1,N
5417,0,0,A
5418,0,0,A
5419,1,1,N
5420,1,1,N
5421,0,0,A
5422,0,0,A
5423,0,0,A
5424,0,0,A
5425,0,0,A
5426,1,1,N
5427,1,1,N
5428,0,0,A
5429,1,1,N
5430,1,1,N
5431,1,1,N
5432,1,1,N
5433,0,0,A
5434,1,1,N
5435,0,0,A
5436,1,1,N
5437,1,1,N
5438,0,0,A
5439,1,1,N
5440,1,1,N
5441,0,0,A
5442,0,0,A
5443,1,1,N
5444,1,1,N
5445,1,1,N
5446,1,1,N
5447,0,1,N
5448,0,0,A
5449,1,1,N
5450,0,0,A
5451,0,0,A
5452,1,1,N
5453,1,1,N
5454,1,1,N
5455,0,0,A
5456,1,1,N
5457,0,0,A
5458,1,1,N
5459,0,0,A
5460,0,0,A
5461,1,1,N
5462,1,1,N
5463,0,0,A
5464,0,0,A
5465,0,0,A
5466,1,1,N
5467,0,0,A
5468,1,1,N
5469,0,0,A
5470,1,1,N
5471,0,0,A
5472,1,1,N
5473,0,0,A
5474,1,1,N
5475,1,0,A
5476,1,1,N
5477,0,0,A
5478,1,1,N
5479,0,0,A
5480,1,1,N
5481,1,0,A
5482,1,1,N
5483,1,1,N
5484,0,0,A
5485,1,1,N
5486,0,0,A
5487,1,1,N
5488,1,1,N
5489,0,0,A
5490,0,0,A
5491,1,1,N
5492,0,0,A
5493,0,0,A
5494,1,1,N
5495,0,0,A
5496,0,1,N
5497,0,0,A
5498,1,1,N
5499,0,0,A
5500,1,1,N
5501,0,0,A
5502,1,1,N
5503,0,0,A
5504,1,1,N
5505,1,1,N
5506,0,1,N
5507,1,1,N
5508,1,1,N
5509,1,0,A
5510,1,1,N
5511,1,1,N
5512,0,1,N
5513,0,0,A
5514,0,0,A
5515,0,0,A
5516,0,0,A
5517,0,0,A
5518,1,1,N
5519,1,1,N
5520,0,0,A
5521,1,1,N
5522,0,0,A
5523,0,0,A
5524,0,0,A
5525,1,1,N
5526,0,0,A
5527,1,1,N
5528,1,1,N
5529,1,0,A
5530,0,0,A
5531,0,0,A
5532,1,1,N
5533,1,1,N
5534,1,1,N
5535,1,1,N
5536,0,0,A
5537,0,0,A
5538,1,1,N
5539,1,1,N
5540,0,0,A
5541,0,0,A
5542,1,1,N
5543,1,1,N
5544,0,0,A
5545,0,0,A
5546,0,1,N
5547,1,1,N
5548,0,0,A
5549,0,0,A
5550,1,1,N
5551,1,1,N
5552,1,1,N
5553,1,1,N
5554,0,0,A
5555,0,0,A
5556,1,1,N
5557,1,1,N
5558,0,0,A
5559,0,0,A
5560,0,1,N
5561,0,0,A
5562,1,1,N
5563,1,1,N
5564,1,1,N
5565,0,0,A
5566,0,0,A
5567,0,0,A
5568,0,0,A
5569,1,1,N
5570,1,0,A
5571,1,1,N
5572,0,0,A
5573,1,1,N
5574,1,1,N
5575,0,0,A
5576,0,0,A
5577,1,1,N
5578,1,1,N
5579,0,0,A
5580,1,1,N
5581,1,1,N
5582,0,0,A
5583,1,1,N
5584,0,0,A
5585,0,0,A
5586,0,0,A
5587,0,0,A
5588,0,1,N
5589,0,0,A
5590,0,0,A
5591,1,1,N
5592,0,0,A
5593,1,1,N
5594,1,0,A
5595,1,1,N
5596,1,1,N
5597,1,1,N
5598,0,0,A
5599,0,0,A
5600,1,1,N
5601,1,1,N
5602,1,1,N
5603,1,1,N
5604,1,1,N
5605,1,1,N
5606,1,1,N
5607,0,0,A
5608,0,0,A
5609,0,0,A
5610,0,1,N
5611,0,0,A
5612,1,1,N
5613,1,1,N
5614,0,0,A
5615,1,1,N
5616,0,0,A
5617,0,0,A
5618,0,1,N
5619,1,1,N
5620,1,1,N
5621,0,0,A
5622,1,1,N
5623,1,1,N
5624,1,1,N
5625,0,1,N
5626,0,0,A
5627,1,1,N
5628,1,1,N
5629,0,0,A
5630,1,1,N
5631,0,0,A
5632,1,0,A
5633,1,1,N
5634,1,1,N
5635,1,1,N
5636,0,0,A
5637,0,0,A
5638,0,0,A
5639,0,0,A
5640,1,0,A
5641,0,1,N
5642,1,1,N
5643,1,1,N
5644,0,0,A
5645,1,1,N
5646,1,1,N
5647,0,0,A
5648,0,0,A
5649,1,1,N
5650,1,0,A
5651,0,0,A
5652,0,0,A
5653,0,0,A
5654,1,1,N
5655,0,0,A
5656,1,1,N
5657,1,1,N
5658,0,0,A
5659,1,1,N
5660,1,1,N
5661,0,0,A
5662,0,0,A
5663,0,1,N
5664,1,1,N
5665,1,1,N
5666,1,1,N
5667,1,1,N
5668,1,1,N
5669,0,0,A
5670,1,1,N
5671,1,1,N
5672,1,1,N
5673,1,1,N
5674,1,1,N
5675,1,1,N
5676,1,1,N
5677,0,0,A
5678,0,0,A
5679,1,1,N
5680,1,1,N
5681,1,1,N
5682,0,0,A
5683,1,1,N
5684,0,0,A
5685,1,1,N
5686,1,1,N
5687,0,0,A
5688,1,1,N
5689,1,1,N
5690,0,0,A
5691,0,1,N
5692,0,0,A
5693,0,0,A
5694,0,1,N
5695,1,1,N
5696,0,0,A
5697,0,0,A
5698,0,0,A
5699,0,0,A
5700,1,1,N
5701,1,1,N
5702,1,1,N
5703,1,1,N
5704,1,1,N
5705,1,1,N
5706,1,1,N
5707,1,1,N
5708,0,0,A
5709,1,1,N
5710,0,1,N
5711,0,0,A
5712,0,0,A
5713,0,0,A
5714,0,0,A
5715,1,1,N
5716,1,1,N
5717,1,1,N
5718,1,1,N
5719,0,1,N
5720,1,1,N
5721,0,0,A
5722,1,1,N
5723,0,1,N
5724,0,0,A
5725,1,1,N
5726,0,0,A
5727,0,0,A
5728,0,0,A
5729,1,1,N
5730,0,0,A
5731,1,1,N
5732,1,1,N
5733,0,0,A
5734,0,0,A
5735,1,1,N
5736,1,1,N
5737,1,1,N
5738,0,1,N
5739,0,0,A
5740,0,0,A
5741,1,1,N
5742,1,1,N
5743,1,1,N
5744,0,0,A
5745,0,0,A
5746,0,0,A
5747,1,1,N
5748,1,1,N
5749,0,0,A
5750,1,1,N
5751,0,0,A
5752,0,0,A
5753,0,0,A
5754,1,1,N
5755,1,1,N
5756,1,1,N
5757,1,1,N
5758,1,0,A
5759,0,0,A
5760,1,1,N
5761,0,0,A
5762,0,0,A
5763,1,1,N
5764,1,0,A
5765,0,0,A
5766,0,0,A
5767,0,0,A
5768,0,0,A
5769,0,0,A
5770,1,1,N
5771,0,0,A
5772,1,1,N
5773,1,1,N
5774,0,0,A
5775,1,1,N
5776,1,1,N
5777,0,1,N
5778,0,0,A
5779,0,0,A
5780,1,1,N
5781,1,1,N
5782,0,0,A
5783,1,1,N
5784,1,1,N
5785,1,1,N
5786,1,1,N
5787,1,1,N
5788,0,0,A
5789,0,0,A
5790,0,0,A
5791,1,1,N
5792,1,1,N
5793,1,1,N
5794,0,1,N
5795,0,1,N
5796,0,0,A
5797,1,1,N
5798,1,1,N
5799,0,0,A
5800,0,0,A
5801,1,1,N
5802,0,0,A
5803,1,1,N
5804,1,1,N
5805,0,0,A
5806,0,0,A
5807,1,1,N
5808,1,1,N
5809,0,0,A
5810,1,1,N
5811,0,1,N
5812,0,1,N
5813,0,0,A
5814,0,1,N
5815,1,1,N
5816,0,0,A
5817,0,0,A
5818,1,1,N
5819,0,0,A
5820,1,1,N
5821,1,1,N
5822,1,1,N
5823,1,1,N
5824,0,0,A
5825,0,0,A
5826,1,1,N
5827,0,0,A
5828,0,0,A
5829,1,1,N
5830,0,1,N
5831,1,1,N
5832,0,0,A
5833,1,1,N
5834,1,1,N
5835,0,0,A
5836,1,1,N
5837,0,0,A
5838,0,0,A
5839,1,1,N
5840,0,0,A
5841,1,1,N
5842,1,1,N
5843,1,1,N
5844,0,0,A
5845,0,0,A
5846,1,1,N
5847,0,0,A
5848,1,1,N
5849,1,1,N
5850,1,1,N
5851,0,0,A
5852,1,1,N
5853,1,1,N
5854,1,1,N
5855,1,1,N
5856,0,0,A
5857,0,0,A
5858,0,0,A
5859,1,1,N
5860,1,1,N
5861,1,0,A
5862,1,1,N
5863,0,0,A
5864,0,0,A
5865,0,0,A
5866,0,0,A
5867,1,1,N
5868,0,0,A
5869,1,1,N
5870,0,0,A
5871,1,1,N
5872,1,1,N
5873,1,1,N
5874,0,0,A
5875,1,1,N
5876,1,1,N
5877,1,1,N
5878,1,1,N
5879,1,1,N
5880,0,0,A
5881,0,0,A
5882,1,1,N
5883,1,1,N
5884,0,0,A
5885,0,0,A
5886,1,1,N
5887,0,0,A
5888,0,0,A
5889,1,1,N
5890,0,0,A
5891,1,1,N
5892,0,1,N
5893,0,0,A
5894,1,1,N
5895,1,1,N
5896,0,0,A
5897,1,1,N
5898,0,0,A
5899,1,1,N
5900,0,0,A
5901,1,1,N
5902,0,0,A
5903,1,1,N
5904,0,0,A
5905,0,1,N
5906,1,1,N
5907,0,0,A
5908,1,1,N
5909,1,1,N
5910,0,0,A
5911,1,1,N
5912,0,0,A
5913,0,0,A
5914,0,0,A
5915,0,0,A
5916,1,1,N
5917,1,1,N
5918,1,1,N
5919,1,1,N
5920,1,1,N
5921,1,1,N
5922,1,1,N
5923,1,1,N
5924,0,0,A
5925,1,1,N
5926,0,0,A
5927,1,1,N
5928,0,0,A
5929,0,0,A
5930,1,0,A
5931,0,0,A
5932,1,1,N
5933,0,0,A
5934,0,0,A
5935,0,0,A
5936,0,0,A
5937,1,1,N
5938,0,0,A
5939,1,0,A
5940,1,1,N
5941,0,1,N
5942,0,1,N
5943,1,1,N
5944,1,1,N
5945,1,1,N
5946,0,0,A
5947,0,0,A
5948,0,0,A
5949,0,0,A
5950,1,1,N
5951,0,0,A
5952,0,0,A
5953,1,1,N
5954,0,0,A
5955,0,0,A
5956,1,1,N
5957,1,1,N
5958,0,1,N
5959,1,1,N
5960,1,1,N
5961,0,0,A
5962,1,1,N
5963,1,1,N
5964,0,0,A
5965,0,0,A
5966,0,0,A
5967,1,1,N
5968,1,1,N
5969,0,0,A
5970,0,0,A
5971,1,1,N
5972,1,1,N
5973,0,0,A
5974,1,1,N
5975,1,1,N
5976,0,0,A
5977,1,1,N
5978,1,1,N
5979,1,1,N
5980,0,0,A
5981,1,1,N
5982,0,0,A
5983,0,1,N
5984,1,1,N
5985,1,1,N
5986,0,0,A
5987,1,1,N
5988,1,1,N
5989,1,1,N
5990,0,1,N
5991,1,1,N
5992,0,0,A
5993,1,0,A
5994,0,0,A
5995,1,0,A
5996,1,1,N
5997,0,0,A
5998,0,0,A
5999,1,1,N
6000,1,1,N
6001,1,1,N
6002,0,0,A
6003,0,0,A
6004,1,1,N
6005,1,1,N
6006,0,0,A
6007,1,1,N
6008,0,0,A
6009,0,0,A
6010,0,1,N
6011,1,1,N
6012,1,1,N
6013,1,1,N
6014,0,0,A
6015,0,1,N
6016,1,1,N
6017,1,1,N
6018,1,1,N
6019,1,1,N
6020,1,1,N
6021,0,0,A
6022,1,1,N
6023,1,1,N
6024,0,0,A
6025,1,1,N
6026,1,1,N
6027,0,0,A
6028,1,0,A
6029,1,1,N
6030,0,0,A
6031,1,1,N
6032,0,1,N
6033,1,1,N
6034,1,1,N
6035,1,1,N
6036,0,0,A
6037,0,1,N
6038,1,1,N
6039,1,1,N
6040,1,1,N
6041,0,0,A
6042,0,0,A
6043,0,0,A
6044,0,0,A
6045,0,0,A
6046,0,0,A
6047,0,0,A
6048,1,0,A
6049,0,0,A
6050,0,0,A
6051,0,0,A
6052,0,0,A
6053,0,0,A
6054,0,0,A
6055,0,0,A
6056,1,1,N
6057,0,0,A
6058,0,0,A
6059,0,0,A
6060,0,0,A
6061,1,1,N
6062,1,1,N
6063,0,0,A
6064,0,0,A
6065,1,1,N
6066,1,1,N
6067,0,1,N
6068,0,0,A
6069,1,1,N
6070,0,0,A
6071,0,0,A
6072,0,0,A
6073,0,0,A
6074,1,1,N
6075,1,1,N
6076,0,1,N
6077,0,0,A
6078,1,1,N
6079,1,1,N
6080,1,1,N
6081,0,0,A
6082,0,0,A
6083,1,1,N
6084,1,1,N
6085,1,1,N
6086,0,0,A
6087,1,1,N
6088,1,1,N
6089,0,0,A
6090,1,1,N
6091,0,0,A
6092,0,0,A
6093,1,1,N
6094,1,1,N
6095,0,0,A
6096,0,0,A
6097,0,0,A
6098,1,0,A
6099,0,0,A
6100,1,1,N
6101,1,1,N
6102,0,0,A
6103,1,1,N
6104,1,1,N
6105,1,1,N
6106,0,0,A
6107,0,0,A
6108,1,1,N
6109,1,1,N
6110,0,0,A
6111,1,1,N
6112,1,1,N
6113,1,1,N
6114,1,1,N
6115,1,1,N
6116,1,1,N
6117,1,1,N
6118,1,0,A
6119,0,0,A
6120,0,0,A
6121,1,1,N
6122,1,1,N
6123,0,0,A
6124,1,1,N
6125,1,1,N
6126,1,1,N
6127,1,1,N
6128,0,0,A
6129,0,0,A
6130,1,1,N
6131,1,1,N
6132,1,1,N
6133,0,0,A
6134,1,1,N
6135,1,1,N
6136,1,1,N
6137,0,0,A
6138,0,1,N
6139,0,0,A
6140,0,0,A
6141,1,1,N
6142,1,1,N
6143,0,0,A
6144,0,0,A
6145,1,1,N
6146,1,1,N
6147,0,0,A
6148,1,1,N
6149,0,1,N
6150,1,1,N
6151,0,0,A
6152,0,0,A
6153,1,1,N
6154,0,0,A
6155,0,0,A
6156,0,0,A
6157,0,0,A
6158,0,0,A
6159,1,1,N
6160,1,1,N
6161,0,0,A
6162,1,1,N
6163,0,0,A
6164,0,0,A
6165,0,0,A
6166,0,0,A
6167,1,1,N
6168,0,0,A
6169,0,0,A
6170,1,1,N
6171,1,0,A
6172,1,1,N
6173,0,0,A
6174,1,1,N
6175,1,1,N
6176,1,1,N
6177,1,1,N
6178,0,0,A
6179,0,0,A
6180,0,0,A
6181,1,1,N
6182,1,1,N
6183,1,1,N
6184,0,1,N
6185,1,1,N
6186,1,1,N
6187,0,0,A
6188,0,0,A
6189,0,0,A
6190,0,0,A
6191,0,0,A
6192,1,1,N
6193,0,0,A
6194,1,1,N
6195,1,1,N
6196,0,0,A
6197,0,0,A
6198,1,1,N
6199,0,0,A
6200,0,0,A
6201,0,0,A
6202,1,1,N
6203,1,1,N
6204,0,0,A
6205,1,1,N
6206,1,1,N
6207,0,1,N
6208,0,1,N
6209,0,0,A
6210,1,1,N
6211,1,1,N
6212,0,0,A
6213,0,0,A
6214,1,1,N
6215,0,1,N
6216,1,1,N
6217,0,0,A
6218,0,0,A
6219,0,0,A
6220,0,0,A
6221,1,1,N
6222,0,0,A
6223,1,1,N
6224,1,1,N
6225,0,0,A
6226,1,1,N
6227,1,1,N
6228,1,1,N
6229,0,1,N
6230,1,1,N
6231,0,0,A
6232,0,0,A
6233,0,0,A
6234,1,1,N
6235,1,1,N
6236,1,0,A
6237,1,1,N
6238,1,0,A
6239,0,0,A
6240,0,0,A
6241,1,1,N
6242,0,0,A
6243,0,0,A
6244,1,1,N
6245,0,0,A
6246,0,0,A
6247,1,1,N
6248,1,1,N
6249,1,1,N
6250,0,0,A
6251,0,0,A
6252,0,1,N
6253,1,1,N
6254,1,1,N
6255,1,1,N
6256,0,0,A
6257,0,0,A
6258,0,0,A
6259,0,0,A
6260,0,0,A
6261,1,1,N
6262,1,1,N
6263,1,1,N
6264,0,0,A
6265,0,0,A
6266,1,1,N
6267,0,0,A
6268,0,0,A
6269,1,1,N
6270,1,1,N
6271,0,0,A
6272,0,1,N
6273,1,1,N
6274,1,1,N
6275,1,1,N
6276,1,1,N
6277,0,0,A
6278,0,0,A
6279,1,1,N
6280,0,0,A
6281,1,1,N
6282,1,1,N
6283,1,1,N
6284,1,1,N
6285,0,0,A
6286,1,1,N
6287,0,1,N
6288,1,1,N
6289,0,0,A
6290,0,0,A
6291,1,1,N
6292,0,0,A
6293,1,1,N
6294,0,0,A
6295,1,1,N
6296,1,0,A
6297,0,0,A
6298,1,1,N
6299,0,0,A
6300,0,1,N
6301,0,0,A
6302,0,0,A
6303,1,1,N
6304,1,1,N
6305,1,1,N
6306,1,1,N
6307,0,0,A
6308,1,1,N
6309,0,0,A
6310,1,1,N
6311,1,1,N
6312,1,1,N
6313,1,1,N
6314,1,1,N
6315,1,1,N
6316,1,1,N
6317,1,1,N
6318,0,0,A
6319,1,1,N
6320,0,0,A
6321,1,1,N
6322,0,0,A
6323,0,0,A
6324,1,1,N
6325,1,1,N
6326,0,0,A
6327,0,0,A
6328,1,1,N
6329,0,0,A
6330,1,1,N
6331,0,0,A
6332,1,0,A
6333,0,0,A
6334,1,1,N
6335,0,0,A
6336,1,1,N
6337,0,0,A
6338,1,1,N
6339,0,1,N
6340,1,1,N
6341,0,1,N
6342,1,1,N
6343,0,0,A
6344,1,1,N
6345,1,1,N
6346,1,1,N
6347,1,1,N
6348,0,0,A
6349,0,0,A
6350,0,0,A
6351,0,0,A
6352,0,0,A
6353,0,0,A
6354,1,1,N
6355,0,1,N
6356,0,0,A
6357,0,1,N
6358,0,0,A
6359,1,1,N
6360,0,0,A
6361,0,0,A
6362,1,1,N
6363,0,0,A
6364,1,1,N
6365,0,0,A
6366,1,1,N
6367,0,0,A
6368,1,1,N
6369,0,0,A
6370,1,1,N
6371,1,1,N
6372,1,1,N
6373,0,0,A
6374,1,1,N
6375,1,1,N
6376,0,0,A
6377,0,0,A
6378,1,1,N
6379,1,1,N
6380,1,1,N
6381,1,1,N
6382,1,1,N
6383,0,0,A
6384,0,0,A
6385,0,0,A
6386,0,0,A
6387,1,1,N
6388,1,1,N
6389,0,0,A
6390,1,1,N
6391,1,0,A
6392,0,0,A
6393,1,1,N
6394,1,1,N
6395,1,1,N
6396,0,0,A
6397,0,0,A
6398,0,0,A
6399,1,1,N
6400,0,0,A
6401,1,1,N
6402,1,1,N
6403,1,1,N
6404,0,0,A
6405,0,0,A
6406,0,0,A
6407,0,0,A
6408,0,0,A
6409,1,1,N
6410,0,0,A
6411,1,1,N
6412,0,0,A
6413,1,1,N
6414,0,0,A
6415,1,1,N
6416,1,1,N
6417,0,0,A
6418,0,0,A
6419,1,1,N
6420,1,1,N
6421,0,0,A
6422,0,0,A
6423,0,0,A
6424,0,1,N
6425,0,0,A
6426,1,1,N
6427,1,1,N
6428,0,0,A
6429,1,1,N
6430,1,1,N
6431,0,0,A
6432,1,1,N
6433,0,0,A
6434,0,0,A
6435,0,0,A
6436,1,1,N
6437,1,1,N
6438,0,0,A
6439,1,1,N
6440,0,1,N
6441,1,1,N
6442,1,1,N
6443,0,0,A
6444,0,1,N
6445,0,0,A
6446,0,0,A
6447,1,1,N
6448,0,1,N
6449,0,0,A
6450,1,0,A
6451,0,0,A
6452,0,0,A
6453,0,0,A
6454,1,1,N
6455,0,0,A
6456,0,1,N
6457,0,1,N
6458,1,0,A
6459,0,0,A
6460,1,1,N
6461,1,1,N
6462,0,0,A
6463,1,1,N
6464,1,1,N
6465,0,0,A
6466,1,1,N
6467,1,0,A
6468,1,1,N
6469,0,0,A
6470,1,1,N
6471,1,1,N
6472,1,1,N
6473,0,1,N
6474,0,0,A
6475,0,0,A
6476,1,1,N
6477,1,1,N
6478,1,1,N
6479,0,0,A
6480,0,0,A
6481,1,1,N
6482,1,1,N
6483,1,1,N
6484,1,1,N
6485,1,1,N
6486,0,0,A
6487,1,1,N
6488,1,1,N
6489,1,1,N
6490,0,1,N
6491,0,0,A
6492,1,1,N
6493,1,1,N
6494,1,1,N
6495,1,1,N
6496,0,0,A
6497,0,1,N
6498,1,1,N
6499,1,1,N
6500,0,0,A
6501,0,0,A
6502,0,0,A
6503,1,1,N
6504,1,1,N
6505,1,1,N
6506,0,0,A
6507,0,1,N
6508,1,1,N
6509,0,0,A
6510,0,0,A
6511,0,0,A
6512,1,1,N
6513,0,0,A
6514,0,0,A
6515,0,0,A
6516,0,1,N
6517,1,1,N
6518,0,0,A
6519,1,1,N
6520,1,1,N
6521,1,1,N
6522,1,1,N
6523,0,0,A
6524,1,1,N
6525,1,1,N
6526,0,1,N
6527,1,1,N
6528,0,1,N
6529,0,0,A
6530,1,1,N
6531,0,0,A
6532,0,0,A
6533,1,1,N
6534,0,1,N
6535,0,0,A
6536,1,1,N
6537,1,1,N
6538,0,0,A
6539,0,0,A
6540,0,0,A
6541,1,1,N
6542,0,0,A
6543,1,1,N
6544,1,1,N
6545,0,1,N
6546,1,1,N
6547,1,1,N
6548,1,0,A
6549,0,0,A
6550,0,0,A
6551,0,0,A
6552,1,1,N
6553,1,1,N
6554,1,1,N
6555,0,0,A
6556,1,1,N
6557,0,0,A
6558,0,0,A
6559,1,1,N
6560,1,1,N
6561,0,0,A
6562,1,1,N
6563,0,0,A
6564,0,1,N
6565,1,1,N
6566,0,0,A
6567,1,1,N
6568,0,1,N
6569,0,0,A
6570,0,0,A
6571,1,1,N
6572,0,0,A
6573,0,0,A
6574,1,1,N
6575,0,1,N
6576,1,1,N
6577,0,0,A
6578,1,1,N
6579,0,0,A
6580,0,0,A
6581,0,0,A
6582,0,0,A
6583,0,0,A
6584,0,0,A
6585,1,1,N
6586,0,0,A
6587,1,1,N
6588,1,1,N
6589,1,1,N
6590,1,1,N
6591,1,1,N
6592,1,1,N
6593,1,1,N
6594,1,1,N
6595,0,0,A
6596,0,0,A
6597,0,0,A
6598,1,0,A
6599,0,0,A
6600,1,1,N
6601,1,1,N
6602,0,0,A
6603,0,0,A
6604,1,1,N
6605,0,0,A
6606,0,0,A
6607,0,0,A
6608,1,1,N
6609,1,1,N
6610,1,1,N
6611,1,1,N
6612,0,1,N
6613,1,0,A
6614,1,1,N
6615,1,1,N
6616,1,0,A
6617,1,1,N
6618,0,0,A
6619,1,1,N
6620,0,0,A
6621,0,0,A
6622,1,1,N
6623,0,0,A
6624,1,1,N
6625,0,0,A
6626,1,1,N
6627,1,1,N
6628,0,0,A
6629,0,0,A
6630,0,0,A
6631,1,1,N
6632,1,1,N
6633,1,1,N
6634,0,0,A
6635,1,1,N
6636,1,1,N
6637,1,0,A
6638,1,1,N
6639,1,1,N
6640,1,0,A
6641,0,1,N
6642,0,0,A
6643,1,1,N
6644,1,1,N
6645,1,1,N
6646,0,0,A
6647,0,0,A
6648,0,0,A
6649,0,0,A
6650,1,1,N
6651,1,1,N
6652,0,1,N
6653,0,0,A
6654,0,0,A
6655,1,0,A
6656,1,1,N
6657,0,0,A
6658,0,0,A
6659,0,0,A
6660,0,0,A
6661,1,1,N
6662,0,0,A
6663,0,0,A
6664,0,0,A
6665,1,1,N
6666,1,1,N
6667,1,1,N
6668,1,1,N
6669,0,0,A
6670,1,1,N
6671,0,0,A
6672,0,0,A
6673,1,1,N
6674,1,1,N
6675,1,1,N
6676,0,0,A
6677,0,0,A
6678,0,0,A
6679,0,1,N
6680,1,1,N
6681,1,1,N
6682,1,1,N
6683,0,0,A
6684,0,0,A
6685,0,0,A
6686,1,1,N
6687,0,0,A
6688,0,0,A
6689,1,1,N
6690,0,0,A
6691,0,0,A
6692,0,0,A
6693,0,0,A
6694,1,1,N
6695,0,0,A
6696,0,0,A
6697,1,1,N
6698,1,1,N
6699,1,1,N
6700,1,1,N
6701,1,1,N
6702,1,1,N
6703,0,0,A
6704,1,1,N
6705,0,1,N
6706,0,0,A
6707,1,1,N
6708,1,1,N
6709,0,0,A
6710,0,1,N
6711,0,0,A
6712,0,0,A
6713,1,1,N
6714,0,1,N
6715,1,1,N
6716,0,0,A
6717,0,0,A
6718,1,1,N
6719,1,1,N
6720,0,0,A
6721,0,0,A
6722,0,0,A
6723,1,1,N
6724,1,1,N
6725,1,1,N
6726,0,0,A
6727,0,1,N
6728,1,1,N
6729,0,1,N
6730,0,1,N
6731,0,1,N
6732,0,0,A
6733,0,0,A
6734,1,1,N
6735,1,1,N
6736,1,1,N
6737,1,0,A
6738,1,0,A
6739,0,0,A
6740,1,1,N
6741,0,1,N
6742,0,0,A
6743,1,1,N
6744,1,1,N
6745,1,1,N
6746,0,1,N
6747,1,1,N
6748,0,1,N
6749,0,0,A
6750,1,1,N
6751,1,1,N
6752,0,0,A
6753,0,0,A
6754,1,0,A
6755,0,0,A
6756,0,1,N
6757,1,1,N
6758,0,0,A
6759,1,1,N
6760,1,1,N
6761,1,1,N
6762,1,1,N
6763,1,1,N
6764,0,0,A
6765,1,1,N
6766,1,1,N
6767,1,1,N
6768,0,0,A
6769,1,1,N
6770,1,1,N
6771,0,0,A
6772,1,1,N
6773,1,1,N
6774,0,0,A
6775,0,0,A
6776,0,0,A
6777,0,0,A
6778,0,0,A
6779,1,1,N
6780,1,1,N
6781,0,1,N
6782,0,0,A
6783,1,1,N
6784,0,0,A
6785,0,0,A
6786,0,0,A
6787,1,1,N
6788,0,0,A
6789,1,1,N
6790,0,0,A
6791,0,0,A
6792,0,0,A
6793,1,1,N
6794,1,1,N
6795,0,0,A
6796,0,0,A
6797,0,0,A
6798,1,1,N
6799,1,1,N
6800,0,0,A
6801,1,1,N
6802,1,1,N
6803,1,1,N
6804,0,0,A
6805,0,0,A
6806,1,1,N
6807,0,0,A
6808,1,1,N
6809,1,0,A
6810,0,0,A
6811,1,1,N
6812,1,1,N
6813,0,0,A
6814,0,0,A
6815,0,0,A
6816,1,1,N
6817,1,1,N
6818,0,1,N
6819,0,0,A
6820,0,0,A
6821,1,1,N
6822,1,1,N
6823,0,0,A
6824,0,0,A
6825,0,0,A
6826,1,1,N
6827,1,1,N
6828,0,0,A
6829,1,1,N
6830,1,1,N
6831,1,1,N
6832,1,1,N
6833,1,1,N
6834,1,1,N
6835,1,1,N
6836,0,1,N
6837,0,0,A
6838,1,1,N
6839,0,0,A
6840,1,1,N
6841,1,1,N
6842,0,0,A
6843,1,1,N
6844,0,0,A
6845,1,1,N
6846,1,1,N
6847,0,0,A
6848,1,1,N
6849,0,0,A
6850,0,0,A
6851,1,1,N
6852,1,1,N
6853,1,1,N
6854,1,1,N
6855,1,1,N
6856,0,0,A
6857,1,1,N
6858,0,0,A
6859,1,1,N
6860,0,0,A
6861,0,0,A
6862,0,0,A
6863,1,1,N
6864,1,1,N
6865,1,1,N
6866,0,0,A
6867,0,1,N
6868,0,0,A
6869,1,1,N
6870,0,0,A
6871,1,1,N
6872,1,1,N
6873,1,1,N
6874,1,1,N
6875,1,1,N
6876,0,0,A
6877,1,1,N
6878,1,1,N
6879,1,1,N
6880,1,1,N
6881,1,1,N
6882,1,1,N
6883,0,0,A
6884,1,0,A
6885,1,1,N
6886,0,0,A
6887,0,0,A
6888,1,1,N
6889,1,1,N
6890,1,1,N
6891,1,1,N
6892,1,1,N
6893,0,0,A
6894,0,0,A
6895,1,1,N
6896,0,0,A
6897,0,0,A
6898,1,1,N
6899,0,0,A
6900,1,1,N
6901,0,0,A
6902,1,1,N
6903,0,0,A
6904,1,1,N
6905,0,0,A
6906,1,1,N
6907,1,1,N
6908,0,1,N
6909,0,0,A
6910,1,1,N
6911,0,0,A
6912,0,0,A
6913,1,1,N
6914,0,0,A
6915,0,1,N
6916,0,0,A
6917,1,1,N
6918,1,1,N
6919,1,1,N
6920,1,1,N
6921,1,1,N
6922,1,1,N
6923,1,1,N
6924,0,0,A
6925,0,0,A
6926,1,1,N
6927,1,1,N
6928,1,1,N
6929,1,1,N
6930,1,1,N
6931,1,1,N
6932,0,0,A
6933,0,0,A
6934,1,1,N
6935,0,0,A
6936,1,1,N
6937,1,1,N
6938,1,1,N
6939,1,1,N
6940,0,0,A
6941,0,0,A
6942,0,0,A
6943,1,1,N
6944,0,0,A
6945,1,1,N
6946,0,0,A
6947,0,0,A
6948,1,1,N
6949,1,1,N
6950,1,1,N
6951,1,1,N
6952,0,0,A
6953,1,1,N
6954,0,0,A
6955,0,0,A
6956,0,1,N
6957,1,1,N
6958,0,0,A
6959,1,1,N
6960,0,0,A
6961,1,1,N
6962,0,0,A
6963,0,0,A
6964,1,1,N
6965,0,0,A
6966,0,0,A
6967,0,0,A
6968,1,1,N
6969,0,1,N
6970,0,1,N
6971,0,1,N
6972,1,1,N
6973,1,1,N
6974,1,1,N
6975,1,1,N
6976,0,0,A
6977,0,0,A
6978,1,1,N
6979,0,0,A
6980,1,1,N
6981,1,1,N
6982,1,1,N
6983,1,1,N
6984,0,0,A
6985,0,0,A
6986,1,1,N
6987,1,1,N
6988,1,1,N
6989,0,0,A
6990,0,1,N
6991,0,1,N
6992,1,1,N
6993,1,1,N
6994,0,0,A
6995,1,1,N
6996,1,1,N
6997,0,1,N
6998,1,1,N
6999,1,1,N
7000,1,1,N
7001,0,0,A
7002,1,1,N
7003,0,0,A
7004,0,0,A
7005,1,1,N
7006,1,1,N
7007,0,0,A
7008,0,0,A
7009,1,1,N
7010,1,1,N
7011,1,1,N
7012,1,1,N
7013,1,1,N
7014,1,1,N
7015,1,1,N
7016,0,0,A
7017,1,1,N
7018,0,0,A
7019,1,1,N
7020,1,1,N
7021,0,0,A
7022,0,0,A
7023,0,0,A
7024,1,1,N
7025,0,1,N
7026,0,0,A
7027,0,1,N
7028,0,0,A
7029,1,1,N
7030,1,1,N
7031,0,0,A
7032,0,0,A
7033,1,1,N
7034,1,1,N
7035,0,0,A
7036,0,0,A
7037,1,1,N
7038,0,0,A
7039,0,0,A
7040,0,0,A
7041,1,1,N
7042,1,1,N
7043,1,1,N
7044,0,0,A
7045,1,1,N
7046,0,0,A
7047,0,0,A
7048,0,0,A
7049,1,1,N
7050,1,1,N
7051,1,1,N
7052,1,1,N
7053,0,0,A
7054,0,0,A
7055,0,0,A
7056,1,1,N
7057,1,1,N
7058,1,1,N
7059,0,1,N
7060,1,1,N
7061,0,0,A
7062,1,1,N
7063,0,0,A
7064,0,0,A
7065,1,1,N
7066,0,0,A
7067,1,1,N
7068,0,0,A
7069,1,1,N
7070,1,1,N
7071,1,1,N
7072,0,0,A
7073,0,0,A
7074,1,1,N
7075,0,0,A
7076,0,0,A
7077,0,1,N
7078,1,1,N
7079,0,0,A
7080,1,1,N
7081,0,1,N
7082,1,1,N
7083,0,0,A
7084,1,1,N
7085,1,1,N
7086,0,0,A
7087,1,1,N
7088,1,1,N
7089,1,1,N
7090,1,1,N
7091,0,0,A
7092,1,1,N
7093,1,1,N
7094,0,0,A
7095,0,0,A
7096,0,0,A
7097,1,1,N
7098,0,0,A
7099,1,1,N
7100,0,0,A
7101,0,0,A
7102,1,1,N
7103,1,1,N
7104,1,1,N
7105,1,1,N
7106,1,1,N
7107,1,1,N
7108,1,1,N
7109,0,0,A
7110,0,0,A
7111,1,1,N
7112,0,0,A
7113,1,1,N
7114,0,0,A
7115,0,0,A
7116,1,1,N
7117,1,1,N
7118,1,1,N
7119,1,1,N
7120,0,1,N
7121,0,1,N
7122,1,1,N
7123,0,0,A
7124,0,1,N
7125,1,1,N
7126,0,0,A
7127,0,0,A
7128,0,0,A
7129,1,1,N
7130,1,1,N
7131,0,0,A
7132,0,1,N
7133,1,1,N
7134,0,0,A
7135,1,1,N
7136,1,1,N
7137,0,0,A
7138,1,1,N
7139,0,0,A
7140,0,0,A
7141,1,1,N
7142,0,0,A
7143,1,1,N
7144,1,1,N
7145,1,1,N
7146,0,0,A
7147,1,1,N
7148,0,0,A
7149,1,1,N
7150,0,0,A
7151,0,0,A
7152,0,1,N
7153,1,1,N
7154,0,0,A
7155,1,1,N
7156,0,0,A
7157,0,0,A
7158,0,0,A
7159,0,1,N
7160,1,1,N
7161,0,0,A
7162,1,1,N
7163,0,1,N
7164,0,0,A
7165,0,0,A
7166,0,0,A
7167,0,0,A
7168,1,1,N
7169,1,1,N
7170,0,0,A
7171,0,1,N
7172,1,1,N
7173,0,1,N
7174,0,0,A
7175,1,1,N
7176,1,1,N
7177,1,1,N
7178,0,0,A
7179,0,0,A
7180,0,0,A
7181,0,0,A
7182,1,1,N
7183,0,0,A
7184,1,1,N
7185,0,0,A
7186,0,0,A
7187,0,0,A
7188,0,0,A
7189,1,1,N
7190,0,0,A
7191,1,1,N
7192,1,1,N
7193,0,0,A
7194,0,1,N
7195,1,1,N
7196,1,1,N
7197,0,0,A
7198,1,1,N
7199,1,1,N
7200,0,0,A
7201,0,1,N
7202,1,1,N
7203,0,0,A
7204,1,1,N
7205,0,0,A
7206,0,0,A
7207,0,0,A
7208,0,0,A
7209,1,1,N
7210,0,0,A
7211,1,1,N
7212,0,0,A
7213,0,0,A
7214,0,0,A
7215,0,0,A
7216,1,1,N
7217,1,1,N
7218,0,0,A
7219,0,0,A
7220,1,1,N
7221,1,1,N
7222,0,0,A
7223,0,0,A
7224,1,1,N
7225,1,1,N
7226,0,1,N
7227,1,1,N
7228,1,1,N
7229,1,1,N
7230,1,1,N
7231,0,0,A
7232,1,1,N
7233,0,0,A
7234,1,1,N
7235,1,1,N
7236,1,1,N
7237,1,1,N
7238,1,1,N
7239,1,1,N
7240,0,0,A
7241,1,1,N
7242,1,1,N
7243,1,0,A
7244,0,0,A
7245,1,1,N
7246,0,1,N
7247,1,1,N
7248,0,0,A
7249,0,1,N
7250,0,0,A
7251,0,0,A
7252,0,0,A
7253,1,1,N
7254,0,0,A
7255,0,1,N
7256,1,1,N
7257,0,0,A
7258,0,0,A
7259,0,0,A
7260,1,1,N
7261,0,0,A
7262,1,1,N
7263,1,1,N
7264,0,0,A
7265,0,0,A
7266,1,1,N
7267,1,1,N
7268,1,1,N
7269,0,0,A
7270,0,0,A
7271,1,1,N
7272,1,1,N
7273,0,0,A
7274,1,1,N
7275,1,1,N
7276,0,0,A
7277,0,0,A
7278,1,1,N
7279,0,0,A
7280,1,1,N
7281,0,0,A
7282,0,1,N
7283,0,1,N
7284,1,1,N
7285,1,1,N
7286,0,0,A
7287,0,0,A
7288,1,1,N
7289,0,0,A
7290,1,1,N
7291,1,1,N
7292,1,1,N
7293,1,1,N
7294,1,1,N
7295,0,0,A
7296,1,1,N
7297,0,0,A
7298,0,0,A
7299,1,1,N
7300,0,0,A
7301,0,0,A
7302,0,1,N
7303,1,1,N
7304,0,1,N
7305,0,0,A
7306,1,1,N
7307,1,1,N
7308,1,1,N
7309,1,1,N
7310,1,1,N
7311,0,0,A
7312,1,1,N
7313,0,0,A
7314,0,1,N
7315,1,1,N
7316,0,0,A
7317,1,1,N
7318,0,0,A
7319,1,1,N
7320,0,0,A
7321,0,0,A
7322,1,1,N
7323,0,0,A
7324,0,0,A
7325,0,0,A
7326,1,1,N
7327,1,1,N
7328,1,1,N
7329,0,1,N
7330,1,1,N
7331,0,0,A
7332,0,0,A
7333,0,0,A
7334,0,0,A
7335,1,1,N
7336,1,1,N
7337,1,1,N
7338,1,0,A
7339,0,0,A
7340,1,1,N
7341,0,0,A
7342,0,0,A
7343,1,1,N
7344,0,0,A
7345,1,0,A
7346,1,1,N
7347,0,0,A
7348,1,1,N
7349,1,1,N
7350,1,1,N
7351,1,1,N
7352,0,0,A
7353,1,1,N
7354,1,1,N
7355,1,1,N
7356,1,1,N
7357,1,1,N
7358,0,0,A
7359,0,0,A
7360,1,1,N
7361,1,1,N
7362,1,1,N
7363,0,0,A
7364,0,0,A
7365,0,0,A
7366,0,0,A
7367,1,1,N
7368,1,1,N
7369,0,0,A
7370,0,0,A
7371,0,0,A
7372,0,0,A
7373,0,0,A
7374,0,0,A
7375,0,0,A
7376,0,0,A
7377,1,1,N
7378,0,0,A
7379,1,0,A
7380,0,0,A
7381,0,0,A
7382,1,1,N
7383,1,1,N
7384,1,1,N
7385,0,0,A
7386,0,0,A
7387,1,1,N
7388,0,0,A
7389,1,1,N
7390,1,1,N
7391,0,0,A
7392,1,1,N
7393,0,0,A
7394,1,1,N
7395,1,1,N
7396,0,0,A
7397,0,0,A
7398,0,0,A
7399,0,1,N
7400,1,1,N
7401,0,0,A
7402,0,0,A
7403,0,0,A
7404,0,1,N
7405,0,0,A
7406,0,0,A
7407,0,0,A
7408,0,1,N
7409,0,0,A
7410,1,1,N
7411,0,0,A
7412,0,0,A
7413,0,0,A
7414,0,0,A
7415,1,1,N
7416,1,1,N
7417,0,0,A
7418,1,1,N
7419,0,0,A
7420,0,0,A
7421,0,0,A
7422,0,1,N
7423,0,0,A
7424,1,1,N
7425,0,0,A
7426,1,1,N
7427,0,0,A
7428,1,1,N
7429,0,0,A
7430,1,1,N
7431,1,1,N
7432,1,1,N
7433,1,1,N
7434,0,0,A
7435,0,0,A
7436,0,0,A
7437,1,1,N
7438,1,1,N
7439,0,0,A
7440,1,1,N
7441,1,1,N
7442,1,0,A
7443,1,1,N
7444,0,0,A
7445,0,0,A
7446,1,1,N
7447,0,0,A
7448,0,0,A
7449,0,0,A
7450,1,1,N
7451,1,1,N
7452,0,0,A
7453,0,1,N
7454,1,1,N
7455,0,0,A
7456,0,0,A
7457,0,0,A
7458,0,0,A
7459,0,0,A
7460,1,1,N
7461,1,1,N
7462,1,1,N
7463,1,1,N
7464,1,1,N
7465,0,0,A
7466,1,1,N
7467,1,1,N
7468,0,1,N
7469,0,0,A
7470,1,1,N
7471,1,1,N
7472,1,1,N
7473,0,1,N
7474,1,1,N
7475,0,0,A
7476,1,1,N
7477,0,0,A
7478,0,0,A
7479,0,0,A
7480,0,0,A
7481,0,0,A
7482,0,0,A
7483,1,1,N
7484,1,1,N
7485,1,1,N
7486,1,1,N
7487,0,0,A
7488,1,1,N
7489,1,1,N
7490,1,1,N
7491,1,1,N
7492,1,1,N
7493,1,1,N
7494,0,0,A
7495,0,0,A
7496,1,1,N
7497,0,0,A
7498,1,1,N
7499,1,1,N
7500,0,0,A
7501,0,0,A
7502,1,1,N
7503,0,0,A
7504,0,0,A
7505,0,0,A
7506,0,0,A
7507,1,1,N
7508,1,1,N
7509,0,0,A
7510,1,1,N
7511,0,0,A
7512,0,0,A
7513,1,1,N
7514,1,1,N
7515,1,1,N
7516,0,0,A
7517,0,0,A
7518,0,0,A
7519,1,1,N
7520,1,1,N
7521,0,0,A
7522,0,0,A
7523,0,0,A
7524,1,0,A
7525,1,1,N
7526,1,1,N
7527,0,0,A
7528,1,1,N
7529,0,1,N
7530,1,1,N
7531,0,0,A
7532,1,1,N
7533,1,1,N
7534,1,1,N
7535,1,1,N
7536,0,0,A
7537,0,0,A
7538,1,1,N
7539,0,0,A
7540,0,0,A
7541,0,0,A
7542,0,1,N
7543,1,0,A
7544,0,0,A
7545,1,1,N
7546,1,1,N
7547,0,0,A
7548,1,1,N
7549,0,0,A
7550,1,1,N
7551,0,0,A
7552,1,1,N
7553,0,0,A
7554,1,1,N
7555,0,0,A
7556,0,0,A
7557,1,1,N
7558,1,1,N
7559,0,0,A
7560,0,0,A
7561,0,0,A
7562,1,1,N
7563,0,0,A
7564,1,0,A
7565,0,1,N
7566,0,0,A
7567,0,0,A
7568,0,1,N
7569,1,1,N
7570,1,1,N
7571,0,0,A
7572,0,0,A
7573,1,1,N
7574,0,0,A
7575,0,0,A
7576,1,1,N
7577,1,1,N
7578,0,0,A
7579,0,1,N
7580,1,1,N
7581,1,1,N
7582,0,0,A
7583,1,1,N
7584,0,0,A
7585,0,0,A
7586,1,1,N
7587,1,0,A
7588,0,0,A
7589,0,0,A
7590,1,1,N
7591,1,1,N
7592,1,1,N
7593,1,1,N
7594,1,1,N
7595,1,1,N
7596,0,1,N
7597,1,1,N
7598,0,0,A
7599,1,1,N
7600,1,1,N
7601,1,1,N
7602,0,0,A
7603,1,1,N
7604,0,0,A
7605,0,0,A
7606,0,0,A
7607,0,0,A
7608,0,0,A
7609,0,0,A
7610,1,1,N
7611,0,0,A
7612,1,1,N
7613,1,1,N
7614,1,1,N
7615,0,0,A
7616,1,1,N
7617,0,0,A
7618,1,1,N
7619,0,0,A
7620,0,0,A
7621,1,1,N
7622,0,0,A
7623,0,0,A
7624,0,0,A
7625,0,0,A
7626,1,1,N
7627,0,0,A
7628,0,0,A
7629,1,1,N
7630,1,1,N
7631,0,0,A
7632,1,1,N
7633,1,1,N
7634,0,0,A
7635,1,1,N
7636,1,1,N
7637,1,1,N
7638,1,1,N
7639,0,1,N
7640,1,1,N
7641,0,0,A
7642,1,1,N
7643,0,1,N
7644,0,0,A
7645,1,1,N
7646,1,1,N
7647,1,1,N
7648,1,1,N
7649,0,0,A
7650,1,1,N
7651,1,0,A
7652,1,0,A
7653,0,1,N
7654,0,1,N
7655,0,0,A
7656,0,1,N
7657,0,1,N
7658,0,0,A
7659,0,0,A
7660,1,1,N
7661,1,1,N
7662,0,1,N
7663,1,1,N
7664,1,1,N
7665,0,0,A
7666,1,1,N
7667,0,0,A
7668,1,1,N
7669,1,1,N
7670,1,1,N
7671,0,0,A
7672,1,1,N
7673,1,1,N
7674,0,0,A
7675,0,0,A
7676,0,0,A
7677,1,1,N
7678,1,1,N
7679,0,0,A
7680,1,1,N
7681,1,1,N
7682,1,1,N
7683,0,0,A
7684,1,1,N
7685,1,1,N
7686,0,0,A
7687,0,0,A
7688,1,1,N
7689,0,0,A
7690,1,1,N
7691,0,0,A
7692,0,0,A
7693,1,1,N
7694,0,0,A
7695,0,0,A
7696,0,0,A
7697,0,0,A
7698,0,0,A
7699,1,1,N
7700,1,1,N
7701,0,0,A
7702,0,0,A
7703,0,0,A
7704,0,0,A
7705,0,1,N
7706,1,1,N
7707,0,0,A
7708,0,0,A
7709,1,1,N
7710,0,0,A
7711,1,1,N
7712,0,0,A
7713,1,1,N
7714,1,1,N
7715,1,1,N
7716,0,1,N
7717,0,0,A
7718,1,1,N
7719,1,1,N
7720,1,1,N
7721,1,1,N
7722,0,0,A
7723,0,0,A
7724,0,0,A
7725,1,1,N
7726,1,1,N
7727,1,1,N
7728,0,0,A
7729,1,1,N
7730,0,0,A
7731,1,1,N
7732,1,1,N
7733,0,0,A
7734,1,1,N
7735,1,1,N
7736,0,0,A
7737,1,1,N
7738,0,1,N
7739,0,0,A
7740,1,1,N
7741,0,1,N
7742,0,0,A
7743,0,0,A
7744,1,1,N
7745,1,1,N
7746,0,0,A
7747,1,1,N
7748,1,1,N
7749,0,0,A
7750,0,0,A
7751,0,0,A
7752,0,0,A
7753,0,0,A
7754,0,1,N
7755,1,1,N
7756,1,1,N
7757,1,1,N
7758,1,1,N
7759,0,0,A
7760,0,0,A
7761,0,0,A
7762,1,1,N
7763,0,0,A
7764,0,1,N
7765,1,1,N
7766,1,1,N
7767,0,0,A
7768,0,0,A
7769,0,0,A
7770,0,0,A
7771,1,1,N
7772,1,1,N
7773,0,0,A
7774,0,0,A
7775,0,0,A
7776,1,1,N
7777,1,1,N
7778,1,1,N
7779,1,1,N
7780,1,1,N
7781,1,1,N
7782,1,0,A
7783,1,1,N
7784,0,0,A
7785,1,1,N
7786,0,1,N
7787,0,0,A
7788,1,1,N
7789,1,1,N
7790,0,0,A
7791,0,0,A
7792,1,1,N
7793,1,1,N
7794,0,0,A
7795,1,1,N
7796,1,1,N
7797,0,0,A
7798,0,0,A
7799,1,1,N
7800,1,1,N
7801,0,0,A
7802,1,1,N
7803,0,0,A
7804,0,1,N
7805,1,1,N
7806,1,1,N
7807,0,0,A
7808,0,0,A
7809,1,1,N
7810,0,0,A
7811,0,0,A
7812,0,0,A
7813,1,1,N
7814,0,0,A
7815,1,1,N
7816,1,1,N
7817,0,0,A
7818,1,1,N
7819,0,0,A
7820,0,0,A
7821,0,0,A
7822,0,0,A
7823,1,1,N
7824,1,1,N
7825,0,0,A
7826,0,0,A
7827,0,0,A
7828,0,0,A
7829,0,0,A
7830,1,1,N
7831,0,0,A
7832,1,1,N
7833,0,0,A
7834,1,1,N
7835,0,0,A
7836,1,1,N
7837,1,1,N
7838,1,1,N
7839,0,0,A
7840,0,0,A
7841,1,1,N
7842,1,1,N
7843,1,1,N
7844,1,1,N
7845,1,1,N
7846,0,0,A
7847,1,1,N
7848,0,0,A
7849,0,0,A
7850,1,1,N
7851,1,1,N
7852,1,1,N
7853,1,1,N
7854,1,1,N
7855,0,0,A
7856,0,1,N
7857,0,0,A
7858,1,1,N
7859,0,0,A
7860,0,0,A
7861,0,0,A
7862,0,0,A
7863,1,1,N
7864,1,1,N
7865,1,1,N
7866,0,0,A
7867,0,0,A
7868,1,1,N
7869,0,0,A
7870,0,0,A
7871,0,0,A
7872,1,1,N
7873,1,1,N
7874,0,0,A
7875,1,1,N
7876,1,1,N
7877,1,0,A
7878,0,0,A
7879,0,0,A
7880,1,1,N
7881,0,0,A
7882,1,1,N
7883,1,0,A
7884,0,0,A
7885,0,0,A
7886,0,0,A
7887,1,1,N
7888,0,0,A
7889,0,0,A
7890,1,1,N
7891,0,0,A
7892,1,1,N
7893,1,0,A
7894,1,1,N
7895,0,0,A
7896,0,0,A
7897,0,0,A
7898,0,0,A
7899,0,0,A
7900,1,1,N
7901,1,1,N
7902,1,1,N
7903,1,1,N
7904,0,0,A
7905,0,0,A
7906,1,1,N
7907,1,1,N
7908,0,0,A
7909,1,1,N
7910,1,1,N
7911,1,1,N
7912,1,1,N
7913,0,0,A
7914,0,0,A
7915,0,0,A
7916,1,1,N
7917,1,1,N
7918,0,0,A
7919,1,1,N
7920,1,1,N
7921,0,0,A
7922,0,0,A
7923,1,1,N
7924,1,1,N
7925,0,1,N
7926,1,1,N
7927,0,0,A
7928,0,1,N
7929,0,0,A
7930,0,0,A
7931,0,0,A
7932,0,0,A
7933,1,0,A
7934,0,1,N
7935,0,1,N
7936,1,1,N
7937,1,1,N
7938,1,1,N
7939,1,1,N
7940,0,0,A
7941,1,1,N
7942,0,0,A
7943,1,1,N
7944,1,1,N
7945,1,1,N
7946,0,1,N
7947,0,0,A
7948,1,1,N
7949,0,0,A
7950,0,0,A
7951,1,1,N
7952,1,1,N
7953,1,1,N
7954,1,1,N
7955,1,1,N
7956,0,0,A
7957,1,1,N
7958,1,1,N
7959,1,1,N
7960,0,0,A
7961,0,0,A
7962,1,1,N
7963,1,1,N
7964,0,0,A
7965,0,0,A
7966,1,1,N
7967,0,0,A
7968,0,0,A
7969,1,1,N
7970,0,0,A
7971,0,0,A
7972,0,0,A
7973,1,1,N
7974,1,1,N
7975,0,0,A
7976,0,1,N
7977,0,0,A
7978,1,1,N
7979,1,1,N
7980,0,0,A
7981,0,0,A
7982,1,1,N
7983,1,1,N
7984,0,0,A
7985,1,1,N
7986,1,1,N
7987,0,1,N
7988,0,0,A
7989,1,1,N
7990,1,1,N
7991,1,1,N
7992,1,1,N
7993,0,0,A
7994,1,1,N
7995,1,1,N
7996,0,0,A
7997,1,1,N
7998,1,1,N
7999,1,0,A
8000,1,1,N
8001,0,0,A
8002,1,1,N
8003,1,1,N
8004,0,0,A
8005,1,1,N
8006,0,0,A
8007,1,0,A
8008,0,0,A
8009,1,1,N
8010,1,1,N
8011,0,0,A
8012,0,0,A
8013,1,1,N
8014,1,1,N
8015,0,0,A
8016,0,1,N
8017,0,0,A
8018,1,1,N
8019,0,0,A
8020,0,0,A
8021,1,1,N
8022,1,1,N
8023,0,0,A
8024,0,0,A
8025,1,1,N
8026,0,0,A
8027,1,1,N
8028,1,1,N
8029,0,0,A
8030,1,1,N
8031,1,1,N
8032,0,0,A
8033,0,0,A
8034,0,0,A
8035,1,1,N
8036,0,0,A
8037,1,1,N
8038,1,1,N
8039,0,0,A
8040,1,1,N
8041,1,1,N
8042,0,0,A
8043,1,1,N
8044,1,1,N
8045,0,0,A
8046,1,1,N
8047,0,0,A
8048,1,1,N
8049,0,0,A
8050,0,1,N
8051,0,0,A
8052,0,0,A
8053,0,0,A
8054,0,0,A
8055,1,1,N
8056,0,0,A
8057,1,1,N
8058,0,0,A
8059,0,0,A
8060,1,1,N
8061,0,0,A
8062,1,1,N
8063,0,1,N
8064,0,0,A
8065,1,1,N
8066,0,0,A
8067,0,0,A
8068,0,0,A
8069,0,0,A
8070,0,0,A
8071,0,0,A
8072,1,1,N
8073,0,0,A
8074,1,1,N
8075,1,1,N
8076,1,1,N
8077,0,0,A
8078,1,1,N
8079,0,0,A
8080,1,1,N
8081,0,1,N
8082,0,0,A
8083,0,0,A
8084,1,1,N
8085,0,0,A
8086,1,1,N
8087,1,1,N
8088,1,1,N
8089,0,0,A
8090,1,1,N
8091,1,1,N
8092,1,1,N
8093,1,1,N
8094,0,0,A
8095,1,1,N
8096,1,1,N
8097,1,1,N
8098,0,0,A
8099,1,1,N
8100,0,0,A
8101,1,1,N
8102,0,0,A
8103,0,0,A
8104,1,1,N
8105,0,0,A
8106,0,0,A
8107,0,0,A
8108,0,0,A
8109,1,1,N
8110,0,0,A
8111,1,1,N
8112,1,1,N
8113,0,0,A
8114,1,1,N
8115,1,1,N
8116,1,1,N
8117,0,0,A
8118,0,0,A
8119,1,1,N
8120,0,0,A
8121,0,0,A
8122,1,0,A
8123,1,1,N
8124,0,1,N
8125,0,1,N
8126,0,0,A
8127,1,0,A
8128,1,1,N
8129,1,1,N
8130,1,1,N
8131,0,0,A
8132,0,0,A
8133,0,0,A
8134,0,0,A
8135,0,0,A
8136,0,0,A
8137,1,1,N
8138,1,1,N
8139,0,0,A
8140,0,0,A
8141,1,1,N
8142,0,0,A
8143,1,1,N
8144,1,1,N
8145,0,0,A
8146,0,0,A
8147,0,0,A
8148,0,0,A
8149,1,1,N
8150,0,0,A
8151,1,1,N
8152,1,1,N
8153,1,1,N
8154,1,1,N
8155,1,1,N
8156,1,1,N
8157,1,1,N
8158,1,1,N
8159,1,0,A
8160,0,0,A
8161,1,1,N
8162,0,0,A
8163,1,0,A
8164,1,1,N
8165,1,1,N
8166,1,1,N
8167,1,1,N
8168,0,0,A
8169,1,1,N
8170,0,0,A
8171,0,0,A
8172,1,1,N
8173,1,1,N
8174,1,1,N
8175,0,0,A
8176,0,0,A
8177,1,1,N
8178,0,0,A
8179,1,1,N
8180,0,0,A
8181,0,0,A
8182,1,1,N
8183,0,0,A
8184,0,1,N
8185,1,1,N
8186,1,1,N
8187,1,1,N
8188,1,1,N
8189,0,0,A
8190,0,0,A
8191,0,0,A
8192,1,1,N
8193,0,0,A
8194,1,1,N
8195,1,1,N
8196,0,0,A
8197,1,1,N
8198,1,1,N
8199,0,0,A
8200,0,0,A
8201,0,0,A
8202,0,0,A
8203,1,1,N
8204,0,0,A
8205,1,1,N
8206,1,1,N
8207,0,0,A
8208,1,1,N
8209,0,0,A
8210,0,1,N
8211,0,0,A
8212,0,0,A
8213,0,1,N
8214,1,1,N
8215,1,1,N
8216,0,0,A
8217,1,1,N
8218,0,1,N
8219,1,1,N
8220,1,1,N
8221,1,1,N
8222,1,1,N
8223,0,0,A
8224,0,0,A
8225,0,0,A
8226,0,0,A
8227,0,0,A
8228,1,1,N
8229,1,1,N
8230,1,1,N
8231,1,1,N
8232,0,0,A
8233,0,0,A
8234,0,0,A
8235,1,1,N
8236,0,0,A
8237,1,1,N
8238,0,0,A
8239,0,0,A
8240,1,1,N
8241,0,0,A
8242,0,0,A
8243,0,0,A
8244,1,1,N
8245,0,0,A
8246,0,0,A
8247,1,0,A
8248,0,0,A
8249,0,1,N
8250,1,1,N
8251,0,0,A
8252,1,1,N
8253,1,1,N
8254,1,1,N
8255,1,1,N
8256,0,0,A
8257,1,1,N
8258,0,0,A
8259,0,0,A
8260,0,0,A
8261,0,0,A
8262,0,1,N
8263,0,0,A
8264,0,0,A
8265,0,0,A
8266,0,0,A
8267,0,0,A
8268,1,1,N
8269,0,0,A
8270,1,1,N
8271,0,0,A
8272,1,1,N
8273,1,1,N
8274,0,0,A
8275,1,1,N
8276,0,0,A
8277,0,0,A
8278,0,0,A
8279,0,0,A
8280,1,1,N
8281,1,1,N
8282,0,0,A
8283,0,0,A
8284,0,0,A
8285,0,0,A
8286,0,0,A
8287,0,0,A
8288,1,1,N
8289,0,1,N
8290,1,1,N
8291,1,1,N
8292,0,0,A
8293,1,1,N
8294,1,1,N
8295,1,1,N
8296,1,1,N
8297,0,0,A
8298,0,0,A
8299,0,0,A
8300,0,0,A
8301,1,0,A
8302,1,1,N
8303,1,1,N
8304,0,0,A
8305,0,0,A
8306,1,1,N
8307,0,0,A
8308,1,1,N
8309,1,1,N
8310,1,1,N
8311,0,0,A
8312,1,1,N
8313,1,1,N
8314,1,1,N
8315,0,0,A
8316,0,0,A
8317,0,1,N
8318,1,1,N
8319,1,1,N
8320,0,0,A
8321,0,1,N
8322,0,1,N
8323,1,1,N
8324,0,0,A
8325,0,0,A
8326,1,1,N
8327,0,0,A
8328,0,1,N
8329,1,1,N
8330,0,0,A
8331,1,1,N
8332,0,0,A
8333,0,0,A
8334,0,0,A
8335,0,0,A
8336,1,1,N
8337,0,0,A
8338,1,1,N
8339,0,0,A
8340,0,0,A
8341,0,0,A
8342,1,0,A
8343,0,0,A
8344,0,0,A
8345,0,0,A
8346,0,0,A
8347,1,1,N
8348,1,1,N
8349,1,1,N
8350,0,0,A
8351,0,1,N
8352,0,0,A
8353,1,1,N
8354,1,1,N
8355,1,1,N
8356,0,1,N
8357,0,0,A
8358,0,1,N
8359,0,0,A
8360,1,1,N
8361,1,1,N
8362,1,1,N
8363,1,1,N
8364,0,0,A
8365,0,0,A
8366,0,0,A
8367,0,0,A
8368,0,0,A
8369,0,0,A
8370,0,1,N
8371,1,1,N
8372,1,1,N
8373,1,1,N
8374,1,1,N
8375,1,1,N
8376,1,1,N
8377,1,1,N
8378,1,1,N
8379,0,0,A
8380,1,1,N
8381,1,1,N
8382,1,1,N
8383,1,1,N
8384,1,1,N
8385,0,0,A
8386,1,1,N
8387,1,1,N
8388,0,0,A
8389,0,1,N
8390,0,0,A
8391,1,1,N
8392,0,0,A
8393,1,1,N
8394,1,1,N
8395,0,0,A
8396,0,1,N
8397,0,0,A
8398,0,0,A
8399,0,0,A
8400,0,0,A
8401,1,1,N
8402,1,1,N
8403,0,0,A
8404,1,1,N
8405,1,1,N
8406,0,0,A
8407,1,1,N
8408,0,0,A
8409,0,0,A
8410,0,0,A
8411,0,0,A
8412,1,1,N
8413,1,1,N
8414,1,1,N
8415,0,0,A
8416,0,1,N
8417,0,1,N
8418,1,1,N
8419,1,1,N
8420,0,0,A
8421,1,1,N
8422,0,0,A
8423,0,0,A
8424,0,0,A
8425,1,1,N
8426,1,1,N
8427,0,0,A
8428,0,0,A
8429,0,0,A
8430,1,1,N
8431,0,0,A
8432,0,0,A
8433,0,0,A
8434,1,1,N
8435,1,1,N
8436,0,0,A
8437,1,1,N
8438,1,1,N
8439,0,0,A
8440,1,1,N
8441,0,0,A
8442,0,0,A
8443,1,1,N
8444,1,1,N
8445,0,0,A
8446,1,1,N
8447,0,0,A
8448,1,1,N
8449,1,1,N
8450,0,0,A
8451,1,1,N
8452,0,1,N
8453,1,1,N
8454,0,0,A
8455,0,0,A
8456,1,1,N
8457,0,0,A
8458,0,0,A
8459,1,0,A
8460,0,1,N
8461,0,0,A
8462,0,0,A
8463,1,1,N
8464,1,1,N
8465,0,0,A
8466,0,0,A
8467,0,0,A
8468,1,1,N
8469,0,0,A
8470,1,1,N
8471,0,0,A
8472,1,1,N
8473,0,0,A
8474,0,0,A
8475,1,1,N
8476,1,1,N
8477,0,0,A
8478,1,1,N
8479,1,1,N
8480,1,0,A
8481,0,0,A
8482,0,0,A
8483,1,1,N
8484,1,1,N
8485,0,0,A
8486,1,1,N
8487,0,0,A
8488,0,0,A
8489,0,1,N
8490,0,0,A
8491,1,1,N
8492,0,1,N
8493,1,1,N
8494,0,0,A
8495,1,1,N
8496,0,0,A
8497,0,1,N
8498,1,1,N
8499,1,1,N
8500,0,0,A
8501,1,1,N
8502,1,1,N
8503,0,1,N
8504,0,0,A
8505,1,1,N
8506,0,1,N
8507,0,0,A
8508,1,1,N
8509,0,1,N
8510,0,0,A
8511,0,0,A
8512,0,0,A
8513,0,1,N
8514,1,1,N
8515,0,0,A
8516,1,1,N
8517,0,0,A
8518,1,1,N
8519,0,0,A
8520,0,0,A
8521,1,1,N
8522,1,1,N
8523,0,1,N
8524,0,0,A
8525,0,0,A
8526,0,0,A
8527,1,1,N
8528,0,0,A
8529,0,0,A
8530,1,1,N
8531,0,0,A
8532,1,1,N
8533,0,0,A
8534,1,1,N
8535,1,1,N
8536,0,0,A
8537,0,1,N
8538,0,0,A
8539,1,1,N
8540,0,0,A
8541,1,1,N
8542,0,0,A
8543,1,1,N
8544,1,1,N
8545,1,1,N
8546,1,1,N
8547,1,1,N
8548,1,1,N
8549,1,1,N
8550,0,1,N
8551,1,1,N
8552,1,1,N
8553,0,0,A
8554,1,1,N
8555,0,0,A
8556,1,1,N
8557,0,0,A
8558,0,0,A
8559,1,1,N
8560,0,0,A
8561,0,0,A
8562,1,0,A
8563,1,1,N
8564,1,0,A
8565,0,0,A
8566,1,1,N
8567,1,1,N
8568,0,1,N
8569,0,0,A
8570,0,0,A
8571,1,1,N
8572,1,1,N
8573,0,0,A
8574,1,1,N
8575,1,1,N
8576,1,1,N
8577,1,1,N
8578,0,0,A
8579,1,1,N
8580,1,0,A
8581,0,0,A
8582,0,0,A
8583,1,1,N
8584,1,1,N
8585,0,1,N
8586,1,1,N
8587,0,0,A
8588,0,0,A
8589,1,1,N
8590,1,1,N
8591,1,1,N
8592,0,0,A
8593,0,0,A
8594,0,0,A
8595,0,0,A
8596,1,1,N
8597,0,0,A
8598,0,0,A
8599,1,1,N
8600,1,1,N
8601,0,0,A
8602,1,1,N
8603,1,1,N
8604,0,0,A
8605,0,0,A
8606,0,1,N
8607,0,0,A
8608,1,1,N
8609,0,0,A
8610,1,1,N
8611,0,0,A
8612,1,1,N
8613,1,0,A
8614,0,1,N
8615,0,0,A
8616,1,1,N
8617,1,0,A
8618,0,0,A
8619,1,1,N
8620,1,1,N
8621,1,1,N
8622,1,1,N
8623,1,1,N
8624,0,1,N
8625,1,1,N
8626,1,1,N
8627,1,1,N
8628,1,1,N
8629,0,0,A
8630,1,1,N
8631,0,0,A
8632,0,0,A
8633,0,0,A
8634,1,1,N
8635,0,0,A
8636,0,0,A
8637,0,1,N
8638,1,1,N
8639,0,0,A
8640,1,1,N
8641,1,1,N
8642,1,1,N
8643,0,0,A
8644,0,0,A
8645,0,0,A
8646,0,0,A
8647,0,1,N
8648,0,0,A
8649,1,1,N
8650,0,0,A
8651,1,1,N
8652,1,1,N
8653,1,1,N
8654,0,1,N
8655,1,1,N
8656,0,0,A
8657,1,1,N
8658,0,0,A
8659,0,1,N
8660,0,0,A
8661,0,0,A
8662,1,1,N
8663,0,0,A
8664,1,1,N
8665,1,1,N
8666,1,1,N
8667,0,0,A
8668,0,0,A
8669,0,0,A
8670,1,1,N
8671,1,1,N
8672,0,0,A
8673,0,0,A
8674,1,1,N
8675,1,1,N
8676,1,1,N
8677,1,1,N
8678,1,0,A
8679,1,1,N
8680,1,1,N
8681,0,0,A
8682,0,1,N
8683,1,1,N
8684,0,0,A
8685,0,0,A
8686,0,0,A
8687,1,0,A
8688,0,0,A
8689,0,0,A
8690,0,0,A
8691,1,0,A
8692,1,1,N
8693,1,1,N
8694,0,0,A
8695,1,0,A
8696,1,1,N
8697,0,0,A
8698,1,1,N
8699,0,0,A
8700,0,0,A
8701,0,0,A
8702,0,0,A
8703,0,0,A
8704,0,0,A
8705,1,1,N
8706,1,1,N
8707,0,0,A
8708,0,0,A
8709,1,1,N
8710,0,0,A
8711,1,1,N
8712,1,1,N
8713,0,0,A
8714,0,0,A
8715,0,0,A
8716,0,0,A
8717,1,1,N
8718,1,1,N
8719,0,0,A
8720,0,1,N
8721,1,1,N
8722,1,1,N
8723,0,0,A
8724,0,0,A
8725,1,1,N
8726,0,0,A
8727,1,1,N
8728,0,0,A
8729,0,0,A
8730,0,0,A
8731,1,1,N
8732,0,0,A
8733,1,1,N
8734,1,1,N
8735,1,1,N
8736,0,0,A
8737,1,0,A
8738,1,1,N
8739,1,1,N
8740,1,1,N
8741,1,1,N
8742,1,1,N
8743,1,1,N
8744,1,1,N
8745,1,0,A
8746,0,0,A
8747,1,1,N
8748,0,0,A
8749,1,1,N
8750,0,0,A
8751,0,1,N
8752,0,0,A
8753,1,1,N
8754,1,1,N
8755,0,0,A
8756,1,1,N
8757,1,1,N
8758,0,0,A
8759,0,0,A
8760,1,1,N
8761,1,0,A
8762,0,0,A
8763,0,0,A
8764,1,1,N
8765,1,1,N
8766,1,1,N
8767,0,1,N
8768,1,1,N
8769,1,1,N
8770,1,1,N
8771,1,1,N
8772,1,1,N
8773,0,0,A
8774,0,0,A
8775,0,0,A
8776,1,1,N
8777,0,0,A
8778,0,1,N
8779,0,0,A
8780,1,1,N
8781,0,0,A
8782,1,1,N
8783,1,1,N
8784,1,1,N
8785,0,0,A
8786,0,0,A
8787,1,1,N
8788,1,1,N
8789,1,1,N
8790,1,1,N
8791,1,1,N
8792,1,1,N
8793,0,0,A
8794,1,1,N
8795,0,0,A
8796,0,0,A
8797,1,1,N
8798,1,1,N
8799,0,0,A
8800,1,1,N
8801,1,1,N
8802,1,0,A
8803,0,0,A
8804,1,1,N
8805,0,0,A
8806,1,1,N
8807,1,1,N
8808,1,1,N
8809,1,1,N
8810,1,1,N
8811,1,1,N
8812,1,1,N
8813,1,0,A
8814,0,1,N
8815,0,0,A
8816,1,1,N
8817,0,0,A
8818,0,1,N
8819,1,1,N
8820,1,1,N
8821,0,0,A
8822,1,1,N
8823,0,0,A
8824,1,1,N
8825,1,1,N
8826,0,1,N
8827,0,0,A
8828,1,1,N
8829,0,0,A
8830,0,0,A
8831,0,0,A
8832,0,0,A
8833,0,0,A
8834,1,1,N
8835,1,1,N
8836,0,0,A
8837,1,1,N
8838,1,1,N
8839,1,1,N
8840,1,1,N
8841,1,1,N
8842,1,1,N
8843,1,1,N
8844,0,0,A
8845,0,0,A
8846,0,0,A
8847,0,0,A
8848,0,0,A
8849,1,1,N
8850,0,1,N
8851,1,1,N
8852,0,0,A
8853,1,1,N
8854,0,1,N
8855,1,1,N
8856,0,0,A
8857,0,0,A
8858,1,0,A
8859,0,0,A
8860,1,1,N
8861,0,0,A
8862,1,1,N
8863,0,0,A
8864,0,0,A
8865,1,1,N
8866,1,1,N
8867,0,0,A
8868,0,0,A
8869,0,0,A
8870,0,0,A
8871,0,0,A
8872,1,1,N
8873,0,0,A
8874,1,1,N
8875,0,0,A
8876,1,1,N
8877,1,1,N
8878,1,1,N
8879,1,1,N
8880,1,1,N
8881,0,1,N
8882,0,0,A
8883,0,0,A
8884,1,1,N
8885,1,1,N
8886,0,1,N
8887,1,1,N
8888,1,1,N
8889,1,1,N
8890,0,1,N
8891,0,0,A
8892,1,1,N
8893,1,1,N
8894,1,1,N
8895,1,1,N
8896,0,0,A
8897,0,0,A
8898,1,1,N
8899,1,1,N
8900,1,1,N
8901,1,1,N
8902,0,0,A
8903,0,0,A
8904,0,1,N
8905,0,0,A
8906,1,1,N
8907,0,0,A
8908,0,0,A
8909,0,1,N
8910,0,0,A
8911,0,0,A
8912,0,1,N
8913,1,0,A
8914,1,1,N
8915,0,0,A
8916,1,1,N
8917,1,1,N
8918,1,1,N
8919,0,1,N
8920,1,1,N
8921,1,1,N
8922,0,0,A
8923,1,1,N
8924,1,1,N
8925,1,1,N
8926,1,1,N
8927,0,0,A
8928,0,0,A
8929,0,0,A
8930,1,1,N
8931,1,1,N
8932,0,0,A
8933,1,1,N
8934,1,1,N
8935,1,0,A
8936,1,1,N
8937,1,1,N
8938,1,1,N
8939,1,1,N
8940,0,0,A
8941,0,0,A
8942,0,1,N
8943,0,0,A
8944,1,1,N
8945,0,0,A
8946,1,1,N
8947,1,1,N
8948,1,1,N
8949,0,0,A
8950,1,1,N
8951,0,0,A
8952,1,1,N
8953,0,1,N
8954,1,0,A
8955,1,1,N
8956,0,0,A
8957,1,1,N
8958,1,1,N
8959,1,1,N
8960,0,0,A
8961,0,0,A
8962,1,1,N
8963,0,0,A
8964,1,1,N
8965,1,1,N
8966,0,0,A
8967,0,0,A
8968,0,0,A
8969,1,1,N
8970,0,0,A
8971,1,1,N
8972,1,1,N
8973,1,1,N
8974,0,0,A
8975,0,0,A
8976,0,0,A
8977,1,1,N
8978,0,0,A
8979,1,1,N
8980,0,1,N
8981,1,1,N
8982,1,1,N
8983,0,0,A
8984,1,1,N
8985,0,1,N
8986,1,1,N
8987,1,1,N
8988,0,0,A
8989,1,1,N
8990,1,1,N
8991,0,1,N
8992,1,1,N
8993,0,0,A
8994,1,1,N
8995,0,0,A
8996,1,1,N
8997,0,0,A
8998,0,0,A
8999,0,1,N
9000,1,1,N
9001,0,0,A
9002,1,1,N
9003,1,1,N
9004,0,1,N
9005,0,0,A
9006,0,0,A
9007,1,1,N
9008,1,1,N
9009,1,1,N
9010,1,1,N
9011,1,1,N
9012,1,1,N
9013,1,1,N
9014,0,0,A
9015,1,1,N
9016,0,0,A
9017,1,1,N
9018,0,1,N
9019,1,1,N
9020,0,0,A
9021,0,0,A
9022,1,1,N
9023,0,1,N
9024,1,1,N
9025,0,0,A
9026,0,0,A
9027,1,1,N
9028,1,1,N
9029,1,1,N
9030,0,0,A
9031,0,0,A
9032,1,1,N
9033,1,1,N
9034,0,0,A
9035,1,1,N
9036,1,1,N
9037,0,0,A
9038,0,0,A
9039,0,0,A
9040,0,0,A
9041,1,1,N
9042,1,1,N
9043,1,1,N
9044,0,0,A
9045,0,0,A
9046,0,0,A
9047,1,1,N
9048,0,0,A
9049,1,1,N
9050,0,0,A
9051,0,1,N
9052,1,1,N
9053,1,1,N
9054,1,1,N
9055,1,0,A
9056,0,0,A
9057,1,1,N
9058,1,1,N
9059,0,1,N
9060,0,0,A
9061,0,0,A
9062,1,1,N
9063,0,1,N
9064,0,0,A
9065,0,0,A
9066,0,0,A
9067,0,0,A
9068,0,1,N
9069,0,0,A
9070,1,1,N
9071,0,1,N
9072,0,0,A
9073,1,1,N
9074,1,1,N
9075,0,0,A
9076,0,0,A
9077,0,0,A
9078,0,1,N
9079,1,1,N
9080,0,0,A
9081,0,0,A
9082,1,1,N
9083,0,0,A
9084,1,1,N
9085,1,1,N
9086,1,1,N
9087,0,0,A
9088,0,0,A
9089,1,0,A
9090,0,0,A
9091,1,1,N
9092,0,0,A
9093,0,0,A
9094,0,0,A
9095,0,0,A
9096,0,0,A
9097,1,1,N
9098,0,0,A
9099,0,0,A
9100,0,1,N
9101,0,0,A
9102,0,0,A
9103,0,0,A
9104,1,1,N
9105,1,1,N
9106,0,0,A
9107,0,0,A
9108,0,0,A
9109,1,1,N
9110,1,1,N
9111,0,0,A
9112,1,1,N
9113,0,0,A
9114,0,1,N
9115,0,0,A
9116,1,1,N
9117,1,1,N
9118,1,1,N
9119,0,0,A
9120,1,1,N
9121,0,0,A
9122,1,1,N
9123,1,1,N
9124,1,1,N
9125,0,0,A
9126,1,1,N
9127,0,0,A
9128,1,1,N
9129,0,0,A
9130,0,0,A
9131,1,1,N
9132,0,0,A
9133,1,1,N
9134,1,1,N
9135,1,1,N
9136,0,0,A
9137,0,0,A
9138,0,0,A
9139,0,0,A
9140,1,1,N
9141,0,0,A
9142,0,1,N
9143,1,1,N
9144,1,0,A
9145,1,1,N
9146,1,1,N
9147,0,1,N
9148,0,0,A
9149,1,1,N
9150,1,0,A
9151,1,1,N
9152,0,0,A
9153,0,0,A
9154,1,1,N
9155,1,1,N
9156,0,0,A
9157,0,0,A
9158,0,0,A
9159,0,0,A
9160,1,1,N
9161,1,1,N
9162,0,0,A
9163,1,1,N
9164,1,1,N
9165,1,1,N
9166,0,0,A
9167,1,1,N
9168,0,0,A
9169,1,1,N
9170,0,0,A
9171,1,1,N
9172,1,1,N
9173,1,1,N
9174,0,0,A
9175,0,0,A
9176,0,0,A
9177,0,1,N
9178,1,1,N
9179,1,1,N
9180,1,1,N
9181,0,0,A
9182,0,0,A
9183,1,1,N
9184,1,1,N
9185,0,0,A
9186,0,0,A
9187,0,0,A
9188,1,1,N
9189,0,0,A
9190,0,0,A
9191,1,1,N
9192,0,0,A
9193,0,0,A
9194,1,1,N
9195,1,1,N
9196,1,1,N
9197,0,0,A
9198,1,1,N
9199,1,1,N
9200,0,0,A
9201,1,1,N
9202,0,0,A
9203,1,1,N
9204,1,1,N
9205,0,0,A
9206,1,1,N
9207,0,0,A
9208,1,1,N
9209,0,1,N
9210,1,1,N
9211,1,1,N
9212,1,1,N
9213,0,0,A
9214,0,0,A
9215,0,0,A
9216,1,1,N
9217,0,0,A
9218,1,1,N
9219,1,1,N
9220,0,0,A
9221,1,1,N
9222,0,0,A
9223,1,1,N
9224,1,1,N
9225,0,0,A
9226,0,1,N
9227,0,0,A
9228,0,0,A
9229,0,0,A
9230,1,1,N
9231,1,1,N
9232,0,0,A
9233,1,1,N
9234,0,0,A
9235,1,1,N
9236,0,0,A
9237,0,0,A
9238,0,0,A
9239,1,1,N
9240,0,0,A
9241,1,1,N
9242,0,0,A
9243,1,1,N
9244,1,1,N
9245,1,1,N
9246,1,1,N
9247,0,0,A
9248,1,0,A
9249,1,1,N
9250,1,1,N
9251,1,1,N
9252,0,0,A
9253,1,1,N
9254,1,0,A
9255,0,0,A
9256,0,0,A
9257,1,1,N
9258,0,0,A
9259,1,0,A
9260,1,1,N
9261,0,0,A
9262,0,0,A
9263,1,1,N
9264,1,1,N
9265,0,0,A
9266,1,1,N
9267,1,1,N
9268,0,0,A
9269,1,1,N
9270,1,1,N
9271,1,1,N
9272,1,1,N
9273,1,1,N
9274,0,0,A
9275,1,1,N
9276,1,1,N
9277,0,0,A
9278,0,1,N
9279,1,1,N
9280,1,1,N
9281,0,0,A
9282,1,1,N
9283,0,0,A
9284,1,1,N
9285,0,0,A
9286,0,0,A
9287,0,0,A
9288,0,0,A
9289,0,0,A
9290,0,0,A
9291,1,1,N
9292,1,1,N
9293,1,1,N
9294,0,0,A
9295,1,1,N
9296,0,0,A
9297,1,1,N
9298,1,1,N
9299,0,0,A
9300,0,0,A
9301,0,0,A
9302,0,0,A
9303,0,0,A
9304,1,1,N
9305,0,0,A
9306,1,1,N
9307,0,0,A
9308,0,0,A
9309,0,0,A
9310,0,0,A
9311,1,1,N
9312,1,1,N
9313,0,1,N
9314,1,1,N
9315,1,1,N
9316,1,1,N
9317,0,0,A
9318,0,0,A
9319,0,0,A
9320,0,0,A
9321,0,0,A
9322,0,0,A
9323,1,1,N
9324,0,0,A
9325,0,1,N
9326,0,0,A
9327,1,1,N
9328,0,0,A
9329,1,1,N
9330,0,0,A
9331,1,1,N
9332,0,0,A
9333,1,1,N
9334,1,1,N
9335,0,0,A
9336,1,1,N
9337,1,1,N
9338,0,0,A
9339,0,0,A
9340,0,1,N
9341,1,1,N
9342,1,1,N
9343,0,0,A
9344,1,1,N
9345,1,1,N
9346,0,1,N
9347,0,0,A
9348,0,0,A
9349,1,1,N
9350,0,0,A
9351,0,0,A
9352,0,1,N
9353,1,1,N
9354,0,0,A
9355,1,1,N
9356,0,0,A
9357,0,1,N
9358,0,0,A
9359,1,1,N
9360,1,1,N
9361,0,0,A
9362,1,1,N
9363,1,1,N
9364,0,0,A
9365,1,1,N
9366,0,0,A
9367,1,1,N
9368,1,1,N
9369,1,1,N
9370,0,0,A
9371,0,0,A
9372,1,1,N
9373,0,0,A
9374,0,0,A
9375,1,1,N
9376,1,0,A
9377,1,1,N
9378,0,0,A
9379,1,1,N
9380,0,0,A
9381,0,0,A
9382,0,0,A
9383,1,1,N
9384,1,0,A
9385,1,1,N
9386,1,1,N
9387,1,0,A
9388,1,1,N
9389,1,1,N
9390,0,0,A
9391,1,1,N
9392,0,0,A
9393,1,1,N
9394,1,1,N
9395,1,1,N
9396,0,0,A
9397,1,1,N
9398,1,1,N
9399,0,0,A
9400,1,1,N
9401,1,1,N
9402,1,1,N
9403,0,0,A
9404,0,0,A
9405,0,0,A
9406,1,1,N
9407,0,1,N
9408,0,1,N
9409,0,0,A
9410,1,1,N
9411,0,0,A
9412,1,1,N
9413,1,1,N
9414,1,1,N
9415,1,1,N
9416,1,1,N
9417,1,1,N
9418,1,1,N
9419,0,1,N
9420,0,0,A
9421,0,0,A
9422,0,0,A
9423,0,0,A
9424,0,0,A
9425,0,0,A
9426,0,0,A
9427,0,0,A
9428,1,1,N
9429,0,0,A
9430,1,1,N
9431,1,1,N
9432,0,0,A
9433,0,0,A
9434,0,1,N
9435,0,0,A
9436,1,1,N
9437,1,1,N
9438,0,0,A
9439,1,1,N
9440,1,1,N
9441,1,1,N
9442,0,0,A
9443,1,1,N
9444,1,1,N
9445,0,0,A
9446,0,0,A
9447,1,1,N
9448,1,1,N
9449,1,1,N
9450,1,1,N
9451,1,1,N
9452,0,1,N
9453,1,1,N
9454,0,0,A
9455,0,0,A
9456,1,1,N
9457,0,0,A
9458,1,1,N
9459,0,0,A
9460,0,0,A
9461,1,0,A
9462,1,1,N
9463,0,0,A
9464,0,0,A
9465,0,0,A
9466,1,1,N
9467,1,1,N
9468,0,0,A
9469,1,1,N
9470,0,0,A
9471,1,1,N
9472,1,1,N
9473,0,0,A
9474,0,0,A
9475,1,1,N
9476,1,1,N
9477,0,0,A
9478,1,1,N
9479,0,0,A
9480,0,0,A
9481,0,0,A
9482,1,1,N
9483,0,0,A
9484,0,0,A
9485,1,1,N
9486,0,0,A
9487,1,1,N
9488,0,0,A
9489,0,0,A
9490,1,1,N
9491,1,1,N
9492,0,0,A
9493,0,0,A
9494,0,1,N
9495,1,1,N
9496,0,0,A
9497,0,1,N
9498,0,0,A
9499,0,0,A
9500,1,1,N
9501,1,1,N
9502,1,1,N
9503,0,0,A
9504,1,1,N
9505,1,1,N
9506,1,1,N
9507,0,0,A
9508,0,0,A
9509,1,1,N
9510,0,0,A
9511,0,0,A
9512,1,1,N
9513,0,0,A
9514,0,0,A
9515,1,1,N
9516,1,1,N
9517,0,1,N
9518,1,1,N
9519,1,1,N
9520,1,1,N
9521,0,1,N
9522,0,0,A
9523,1,1,N
9524,0,0,A
9525,0,0,A
9526,1,1,N
9527,1,1,N
9528,1,0,A
9529,0,0,A
9530,1,1,N
9531,1,1,N
9532,0,0,A
9533,0,0,A
9534,0,0,A
9535,0,0,A
9536,0,0,A
9537,1,1,N
9538,0,0,A
9539,1,1,N
9540,1,1,N
9541,1,1,N
9542,1,1,N
9543,0,0,A
9544,0,0,A
9545,0,0,A
9546,0,0,A
9547,1,1,N
9548,0,0,A
9549,0,0,A
9550,1,1,N
9551,0,0,A
9552,0,0,A
9553,0,0,A
9554,1,1,N
9555,1,1,N
9556,0,0,A
9557,0,0,A
9558,1,1,N
9559,1,1,N
9560,1,1,N
9561,0,0,A
9562,0,0,A
9563,0,0,A
9564,1,1,N
9565,1,0,A
9566,0,0,A
9567,0,0,A
9568,1,1,N
9569,1,1,N
9570,0,0,A
9571,0,0,A
9572,1,1,N
9573,1,1,N
9574,0,0,A
9575,0,1,N
9576,0,0,A
9577,0,0,A
9578,1,1,N
9579,1,1,N
9580,1,1,N
9581,1,1,N
9582,1,1,N
9583,0,1,N
9584,0,0,A
9585,1,1,N
9586,1,1,N
9587,0,1,N
9588,0,0,A
9589,1,1,N
9590,1,1,N
9591,0,0,A
9592,1,1,N
9593,1,1,N
9594,1,1,N
9595,1,1,N
9596,1,1,N
9597,0,0,A
9598,1,1,N
9599,1,1,N
9600,0,0,A
9601,0,0,A
9602,1,1,N
9603,1,1,N
9604,0,0,A
9605,1,1,N
9606,0,0,A
9607,1,1,N
9608,1,1,N
9609,0,0,A
9610,1,1,N
9611,1,1,N
9612,0,1,N
9613,0,0,A
9614,0,0,A
9615,1,1,N
9616,1,1,N
9617,0,0,A
9618,0,0,A
9619,1,1,N
9620,0,0,A
9621,0,0,A
9622,0,0,A
9623,0,0,A
9624,0,0,A
9625,1,1,N
9626,0,0,A
9627,1,1,N
9628,0,0,A
9629,0,0,A
9630,0,0,A
9631,0,0,A
9632,1,1,N
9633,1,1,N
9634,1,0,A
9635,1,1,N
9636,1,1,N
9637,1,1,N
9638,1,1,N
9639,1,1,N
9640,0,0,A
9641,0,0,A
9642,0,0,A
9643,1,1,N
9644,0,0,A
9645,0,1,N
9646,0,0,A
9647,0,0,A
9648,1,1,N
9649,1,1,N
9650,1,1,N
9651,0,0,A
9652,0,0,A
9653,0,0,A
9654,1,1,N
9655,1,1,N
9656,1,1,N
9657,1,1,N
9658,1,1,N
9659,1,1,N
9660,1,1,N
9661,0,1,N
9662,1,1,N
9663,0,0,A
9664,0,0,A
9665,1,1,N
9666,1,0,A
9667,0,0,A
9668,1,1,N
9669,1,1,N
9670,1,1,N
9671,0,0,A
9672,0,0,A
9673,0,0,A
9674,0,0,A
9675,0,0,A
9676,0,0,A
9677,1,1,N
9678,1,1,N
9679,0,1,N
9680,1,1,N
9681,0,1,N
9682,1,1,N
9683,0,1,N
9684,0,0,A
9685,1,1,N
9686,1,1,N
9687,0,0,A
9688,1,1,N
9689,0,0,A
9690,1,1,N
9691,0,0,A
9692,1,1,N
9693,0,0,A
9694,0,1,N
9695,1,1,N
9696,0,1,N
9697,1,1,N
9698,0,1,N
9699,1,1,N
9700,1,0,A
9701,1,1,N
9702,1,1,N
9703,1,1,N
9704,0,0,A
9705,1,1,N
9706,1,1,N
9707,0,0,A
9708,1,1,N
9709,0,0,A
9710,1,1,N
9711,0,0,A
9712,0,0,A
9713,0,0,A
9714,0,0,A
9715,1,0,A
9716,0,0,A
9717,0,0,A
9718,0,0,A
9719,1,1,N
9720,1,1,N
9721,1,1,N
9722,1,1,N
9723,1,1,N
9724,1,1,N
9725,0,0,A
9726,0,0,A
9727,0,1,N
9728,0,0,A
9729,0,0,A
9730,0,0,A
9731,1,1,N
9732,0,0,A
9733,1,1,N
9734,0,0,A
9735,1,1,N
9736,0,0,A
9737,1,1,N
9738,0,0,A
9739,1,1,N
9740,0,1,N
9741,0,0,A
9742,0,1,N
9743,0,0,A
9744,1,1,N
9745,0,0,A
9746,1,1,N
9747,1,1,N
9748,1,1,N
9749,1,1,N
9750,0,0,A
9751,1,1,N
9752,0,0,A
9753,1,1,N
9754,0,0,A
9755,1,1,N
9756,0,0,A
9757,1,1,N
9758,0,0,A
9759,1,1,N
9760,1,1,N
9761,0,0,A
9762,0,0,A
9763,0,0,A
9764,1,1,N
9765,0,1,N
9766,0,0,A
9767,1,1,N
9768,0,0,A
9769,0,0,A
9770,1,1,N
9771,0,0,A
9772,1,1,N
9773,1,1,N
9774,1,1,N
9775,1,1,N
9776,0,1,N
9777,1,1,N
9778,1,1,N
9779,1,1,N
9780,1,1,N
9781,0,0,A
9782,0,0,A
9783,0,0,A
9784,1,1,N
9785,1,1,N
9786,1,1,N
9787,1,1,N
9788,1,1,N
9789,0,0,A
9790,1,1,N
9791,1,1,N
9792,0,0,A
9793,0,0,A
9794,0,0,A
9795,0,0,A
9796,0,0,A
9797,0,0,A
9798,0,0,A
9799,0,0,A
9800,0,0,A
9801,1,1,N
9802,0,0,A
9803,0,0,A
9804,1,0,A
9805,0,0,A
9806,1,1,N
9807,0,0,A
9808,0,0,A
9809,1,1,N
9810,0,0,A
9811,0,1,N
9812,1,1,N
9813,1,1,N
9814,0,0,A
9815,1,1,N
9816,0,0,A
9817,1,1,N
9818,0,0,A
9819,1,1,N
9820,0,0,A
9821,0,0,A
9822,1,0,A
9823,1,1,N
9824,0,0,A
9825,0,0,A
9826,0,0,A
9827,1,1,N
9828,0,0,A
9829,0,0,A
9830,0,0,A
9831,0,0,A
9832,1,1,N
9833,1,1,N
9834,1,1,N
9835,1,1,N
9836,0,0,A
9837,0,0,A
9838,0,1,N
9839,1,1,N
9840,1,1,N
9841,1,1,N
9842,1,1,N
9843,1,1,N
9844,1,1,N
9845,1,1,N
9846,0,0,A
9847,0,0,A
9848,1,1,N
9849,1,1,N
9850,0,0,A
9851,0,0,A
9852,1,1,N
9853,0,1,N
9854,1,1,N
9855,0,0,A
9856,1,1,N
9857,0,0,A
9858,1,1,N
9859,0,0,A
9860,1,1,N
9861,0,0,A
9862,0,0,A
9863,0,0,A
9864,0,0,A
9865,0,0,A
9866,1,1,N
9867,1,1,N
9868,0,0,A
9869,1,1,N
9870,1,1,N
9871,1,0,A
9872,1,1,N
9873,0,0,A
9874,0,0,A
9875,0,0,A
9876,0,1,N
9877,0,0,A
9878,0,0,A
9879,0,0,A
9880,1,1,N
9881,0,0,A
9882,0,0,A
9883,0,0,A
9884,1,1,N
9885,1,1,N
9886,0,1,N
9887,1,1,N
9888,1,1,N
9889,0,0,A
9890,1,1,N
9891,0,0,A
9892,0,0,A
9893,1,1,N
9894,1,1,N
9895,0,0,A
9896,1,1,N
9897,1,1,N
9898,0,0,A
9899,1,1,N
9900,0,0,A
9901,0,0,A
9902,1,1,N
9903,1,1,N
9904,0,0,A
9905,1,1,N
9906,1,1,N
9907,0,0,A
9908,0,0,A
9909,0,0,A
9910,0,0,A
9911,0,0,A
9912,1,1,N
9913,0,0,A
9914,0,0,A
9915,1,1,N
9916,1,1,N
9917,1,1,N
9918,1,1,N
9919,0,0,A
9920,0,1,N
9921,0,0,A
9922,0,0,A
9923,0,0,A
9924,0,0,A
9925,1,1,N
9926,0,0,A
9927,0,0,A
9928,1,1,N
9929,0,0,A
9930,0,0,A
9931,1,1,N
9932,1,1,N
9933,0,0,A
9934,1,1,N
9935,1,1,N
9936,0,0,A
9937,0,0,A
9938,1,1,N
9939,0,0,A
9940,1,1,N
9941,1,1,N
9942,0,0,A
9943,1,1,N
9944,1,1,N
9945,1,1,N
9946,0,0,A
9947,0,1,N
9948,0,0,A
9949,0,0,A
9950,0,0,A
9951,1,1,N
9952,1,1,N
9953,1,1,N
9954,0,0,A
9955,1,1,N
9956,0,0,A
9957,0,0,A
9958,0,0,A
9959,1,1,N
9960,1,1,N
9961,1,1,N
9962,1,1,N
9963,0,0,A
9964,1,1,N
9965,0,0,A
9966,0,0,A
9967,0,0,A
9968,1,1,N
9969,1,1,N
9970,1,1,N
9971,0,1,N
9972,0,1,N
9973,0,0,A
9974,1,1,N
9975,0,0,A
9976,0,0,A
9977,0,0,A
9978,1,1,N
9979,0,1,N
9980,1,0,A
9981,0,0,A
9982,0,1,N
9983,1,1,N
9984,0,0,A
9985,1,1,N
9986,0,0,A
9987,0,0,A
9988,0,0,A
9989,0,0,A
9990,0,0,A
9991,0,0,A
9992,0,0,A
9993,0,0,A
9994,0,0,A
9995,0,0,A
9996,0,0,A
9997,1,1,N
9998,0,1,N
9999,0,0,A
10000,0,0,A
10001,0,0,A
10002,0,1,N
10003,0,0,A
10004,1,1,N
10005,0,0,A
10006,0,0,A
10007,0,1,N
10008,0,0,A
10009,1,1,N
10010,0,0,A
10011,1,0,A
10012,1,0,A
10013,0,0,A
10014,0,0,A
10015,0,0,A
10016,0,0,A
10017,1,1,N
10018,1,1,N
10019,0,0,A
10020,1,1,N
10021,1,1,N
10022,1,1,N
10023,1,1,N
10024,1,1,N
10025,1,1,N
10026,1,1,N
10027,0,0,A
10028,0,0,A
10029,1,1,N
10030,1,0,A
10031,0,0,A
10032,1,1,N
10033,1,1,N
10034,1,1,N
10035,0,0,A
10036,0,0,A
10037,0,0,A
10038,1,1,N
10039,0,0,A
10040,1,1,N
10041,0,1,N
10042,1,1,N
10043,0,0,A
10044,1,0,A
10045,1,1,N
10046,1,1,N
10047,1,1,N
10048,0,0,A
10049,0,1,N
10050,0,0,A
10051,1,1,N
10052,0,0,A
10053,1,1,N
10054,1,1,N
10055,0,0,A
10056,0,1,N
10057,1,0,A
10058,1,1,N
10059,1,0,A
10060,0,0,A
10061,0,0,A
10062,1,1,N
10063,0,0,A
10064,0,1,N
10065,1,1,N
10066,0,0,A
10067,0,0,A
10068,0,0,A
10069,0,0,A
10070,1,1,N
10071,0,0,A
10072,0,1,N
10073,0,0,A
10074,0,0,A
10075,1,1,N
10076,0,1,N
10077,0,0,A
10078,1,1,N
10079,0,0,A
10080,1,1,N
10081,1,1,N
10082,0,1,N
10083,0,1,N
10084,1,1,N
10085,1,1,N
10086,1,1,N
10087,0,0,A
10088,1,1,N
10089,0,0,A
10090,1,1,N
10091,1,1,N
10092,1,1,N
10093,1,1,N
10094,1,1,N
10095,1,1,N
10096,0,0,A
10097,1,1,N
10098,1,1,N
10099,1,1,N
10100,0,0,A
10101,0,0,A
10102,0,0,A
10103,0,1,N
10104,1,1,N
10105,0,0,A
10106,1,1,N
10107,0,0,A
10108,1,1,N
10109,1,1,N
10110,1,1,N
10111,0,0,A
10112,0,0,A
10113,1,1,N
10114,1,1,N
10115,0,0,A
10116,0,0,A
10117,0,0,A
10118,0,1,N
10119,0,0,A
10120,1,1,N
10121,1,1,N
10122,0,1,N
10123,1,1,N
10124,1,1,N
10125,0,1,N
10126,0,0,A
10127,1,1,N
10128,1,1,N
10129,0,0,A
10130,0,0,A
10131,1,1,N
10132,0,0,A
10133,0,0,A
10134,1,1,N
10135,0,0,A
10136,1,1,N
10137,0,0,A
10138,1,1,N
10139,0,0,A
10140,0,0,A
10141,0,0,A
10142,1,1,N
10143,0,0,A
10144,0,0,A
10145,0,0,A
10146,1,1,N
10147,1,1,N
10148,1,1,N
10149,1,1,N
10150,1,1,N
10151,0,0,A
10152,1,1,N
10153,1,1,N
10154,1,1,N
10155,1,1,N
10156,0,0,A
10157,0,0,A
10158,0,0,A
10159,0,0,A
10160,0,0,A
10161,0,0,A
10162,1,1,N
10163,1,0,A
10164,1,1,N
10165,0,0,A
10166,1,1,N
10167,0,0,A
10168,1,1,N
10169,1,1,N
10170,0,0,A
10171,1,1,N
10172,0,1,N
10173,0,0,A
10174,0,0,A
10175,0,0,A
10176,1,1,N
10177,0,0,A
10178,0,0,A
10179,0,0,A
10180,0,1,N
10181,1,1,N
10182,1,1,N
10183,1,1,N
10184,0,0,A
10185,1,1,N
10186,0,0,A
10187,1,1,N
10188,0,0,A
10189,1,1,N
10190,1,1,N
10191,0,0,A
10192,0,0,A
10193,1,1,N
10194,0,0,A
10195,1,1,N
10196,1,1,N
10197,1,0,A
10198,1,1,N
10199,1,1,N
10200,1,1,N
10201,0,0,A
10202,1,1,N
10203,0,0,A
10204,1,1,N
10205,1,1,N
10206,0,1,N
10207,1,1,N
10208,0,0,A
10209,1,1,N
10210,0,1,N
10211,0,0,A
10212,0,0,A
10213,1,1,N
10214,1,1,N
10215,0,0,A
10216,1,1,N
10217,0,0,A
10218,1,1,N
10219,0,0,A
10220,0,0,A
10221,0,0,A
10222,0,0,A
10223,1,1,N
10224,0,0,A
10225,0,0,A
10226,0,0,A
10227,1,1,N
10228,0,0,A
10229,0,0,A
10230,0,0,A
10231,0,0,A
10232,0,0,A
10233,0,0,A
10234,0,0,A
10235,0,0,A
10236,0,0,A
10237,1,1,N
10238,1,1,N
10239,0,0,A
10240,1,1,N
10241,0,0,A
10242,1,1,N
10243,1,1,N
10244,0,0,A
10245,0,1,N
10246,0,1,N
10247,0,0,A
10248,0,0,A
10249,0,0,A
10250,1,1,N
10251,0,0,A
10252,1,1,N
10253,1,1,N
10254,1,1,N
10255,1,1,N
10256,1,1,N
10257,0,0,A
10258,1,1,N
10259,1,1,N
10260,1,1,N
10261,0,0,A
10262,0,0,A
10263,0,1,N
10264,1,1,N
10265,1,1,N
10266,0,0,A
10267,0,0,A
10268,1,1,N
10269,0,0,A
10270,0,0,A
10271,0,0,A
10272,1,1,N
10273,1,1,N
10274,0,0,A
10275,0,0,A
10276,0,0,A
10277,1,1,N
10278,1,1,N
10279,0,0,A
10280,1,0,A
10281,1,1,N
10282,1,1,N
10283,0,0,A
10284,1,1,N
10285,1,1,N
10286,0,0,A
10287,1,1,N
10288,1,1,N
10289,0,0,A
10290,0,0,A
10291,0,0,A
10292,1,1,N
10293,0,0,A
10294,1,1,N
10295,0,0,A
10296,0,0,A
10297,0,1,N
10298,1,1,N
10299,0,0,A
10300,1,1,N
10301,0,0,A
10302,1,1,N
10303,1,1,N
10304,0,0,A
10305,1,1,N
10306,0,0,A
10307,1,1,N
10308,0,0,A
10309,0,0,A
10310,1,1,N
10311,1,1,N
10312,1,1,N
10313,0,0,A
10314,0,0,A
10315,1,1,N
10316,0,0,A
10317,0,1,N
10318,0,1,N
10319,1,1,N
10320,0,0,A
10321,0,0,A
10322,0,0,A
10323,0,0,A
10324,1,1,N
10325,1,1,N
10326,1,1,N
10327,0,1,N
10328,1,1,N
10329,0,0,A
10330,1,1,N
10331,1,0,A
10332,0,1,N
10333,1,1,N
10334,1,1,N
10335,1,1,N
10336,1,1,N
10337,1,1,N
10338,1,1,N
10339,0,0,A
10340,0,0,A
10341,0,0,A
10342,1,1,N
10343,1,1,N
10344,0,1,N
10345,0,0,A
10346,1,1,N
10347,1,1,N
10348,0,1,N
10349,1,1,N
10350,1,1,N
10351,1,1,N
10352,0,0,A
10353,1,1,N
10354,1,1,N
10355,0,1,N
10356,0,0,A
10357,1,0,A
10358,1,1,N
10359,0,0,A
10360,0,0,A
10361,1,1,N
10362,1,1,N
10363,0,0,A
10364,0,1,N
10365,0,1,N
10366,0,0,A
10367,1,1,N
10368,0,0,A
10369,0,1,N
10370,1,1,N
10371,1,1,N
10372,0,0,A
10373,1,1,N
10374,0,0,A
10375,0,0,A
10376,1,1,N
10377,0,1,N
10378,0,1,N
10379,0,0,A
10380,1,1,N
10381,1,1,N
10382,0,1,N
10383,0,0,A
10384,0,0,A
10385,0,0,A
10386,0,0,A
10387,0,1,N
10388,1,1,N
10389,1,0,A
10390,0,0,A
10391,1,1,N
10392,1,1,N
10393,0,0,A
10394,0,0,A
10395,1,1,N
10396,0,0,A
10397,0,0,A
10398,0,0,A
10399,0,0,A
10400,1,1,N
10401,0,0,A
10402,1,1,N
10403,1,1,N
10404,1,0,A
10405,0,0,A
10406,1,1,N
10407,1,1,N
10408,1,1,N
10409,0,0,A
10410,0,0,A
10411,0,0,A
10412,0,0,A
10413,0,0,A
10414,0,0,A
10415,1,1,N
10416,1,0,A
10417,1,1,N
10418,0,0,A
10419,0,0,A
10420,0,0,A
10421,1,1,N
10422,1,1,N
10423,0,0,A
10424,1,1,N
10425,0,0,A
10426,1,1,N
10427,0,0,A
10428,0,0,A
10429,0,0,A
10430,0,0,A
10431,0,0,A
10432,0,1,N
10433,1,1,N
10434,1,1,N
10435,1,1,N
10436,1,1,N
10437,0,0,A
10438,1,1,N
10439,1,1,N
10440,0,0,A
10441,1,1,N
10442,1,1,N
10443,1,1,N
10444,0,0,A
10445,0,0,A
10446,0,0,A
10447,0,0,A
10448,1,1,N
10449,1,1,N
10450,0,0,A
10451,1,1,N
10452,1,1,N
10453,0,1,N
10454,1,1,N
10455,1,1,N
10456,0,0,A
10457,0,0,A
10458,0,0,A
10459,1,1,N
10460,1,1,N
10461,1,1,N
10462,0,0,A
10463,1,1,N
10464,0,0,A
10465,0,0,A
10466,0,0,A
10467,0,0,A
10468,1,1,N
10469,1,0,A
10470,0,0,A
10471,1,1,N
10472,0,0,A
10473,1,1,N
10474,0,0,A
10475,1,1,N
10476,0,0,A
10477,1,1,N
10478,0,0,A
10479,0,0,A
10480,0,0,A
10481,1,1,N
10482,1,1,N
10483,0,0,A
10484,0,0,A
10485,1,1,N
10486,1,1,N
10487,1,1,N
10488,1,1,N
10489,1,1,N
10490,1,1,N
10491,1,1,N
10492,0,0,A
10493,0,0,A
10494,0,1,N
10495,0,0,A
10496,0,0,A
10497,0,0,A
10498,0,0,A
10499,0,1,N
10500,0,0,A
10501,1,1,N
10502,0,0,A
10503,1,1,N
10504,1,1,N
10505,1,1,N
10506,0,0,A
10507,0,0,A
10508,0,0,A
10509,1,0,A
10510,1,1,N
10511,0,1,N
10512,0,0,A
10513,0,0,A
10514,1,1,N
10515,1,1,N
10516,0,0,A
10517,0,0,A
10518,1,1,N
10519,0,0,A
10520,0,0,A
10521,1,1,N
10522,1,0,A
10523,1,1,N
10524,0,0,A
10525,0,0,A
10526,1,1,N
10527,0,0,A
10528,0,0,A
10529,1,1,N
10530,0,0,A
10531,0,0,A
10532,1,1,N
10533,0,0,A
10534,0,0,A
10535,1,1,N
10536,1,1,N
10537,0,0,A
10538,0,0,A
10539,1,1,N
10540,0,1,N
10541,0,0,A
10542,0,0,A
10543,1,1,N
10544,1,1,N
10545,1,1,N
10546,0,0,A
10547,1,1,N
10548,0,0,A
10549,0,0,A
10550,1,1,N
10551,0,0,A
10552,0,0,A
10553,0,0,A
10554,0,1,N
10555,1,1,N
10556,1,1,N
10557,0,0,A
10558,1,1,N
10559,1,1,N
10560,1,1,N
10561,0,0,A
10562,0,0,A
10563,1,1,N
10564,1,1,N
10565,0,0,A
10566,1,1,N
10567,1,0,A
10568,1,1,N
10569,0,0,A
10570,0,0,A
10571,0,0,A
10572,1,1,N
10573,1,1,N
10574,1,1,N
10575,1,1,N
10576,1,1,N
10577,0,0,A
10578,0,0,A
10579,1,1,N
10580,0,0,A
10581,0,0,A
10582,1,0,A
10583,1,1,N
10584,1,1,N
10585,0,0,A
10586,0,0,A
10587,0,0,A
10588,1,1,N
10589,1,1,N
10590,1,1,N
10591,1,1,N
10592,1,1,N
10593,1,1,N
10594,1,1,N
10595,0,0,A
10596,1,1,N
10597,1,1,N
10598,0,0,A
10599,1,0,A
10600,1,1,N
10601,1,1,N
10602,1,1,N
10603,1,1,N
10604,1,1,N
10605,1,1,N
10606,1,1,N
10607,1,1,N
10608,1,1,N
10609,1,1,N
10610,1,1,N
10611,0,0,A
10612,1,1,N
10613,0,0,A
10614,0,0,A
10615,0,0,A
10616,0,0,A
10617,0,0,A
10618,1,1,N
10619,1,1,N
10620,1,1,N
10621,0,0,A
10622,0,0,A
10623,0,0,A
10624,0,1,N
10625,1,1,N
10626,1,1,N
10627,0,0,A
10628,0,0,A
10629,0,0,A
10630,1,1,N
10631,1,1,N
10632,0,0,A
10633,0,0,A
10634,1,1,N
10635,1,0,A
10636,0,0,A
10637,1,0,A
10638,1,1,N
10639,0,0,A
10640,1,1,N
10641,0,0,A
10642,0,0,A
10643,1,1,N
10644,0,0,A
10645,1,1,N
10646,0,0,A
10647,1,1,N
10648,0,0,A
10649,1,1,N
10650,1,1,N
10651,0,0,A
10652,1,1,N
10653,0,0,A
10654,1,1,N
10655,0,1,N
10656,1,1,N
10657,1,1,N
10658,0,1,N
10659,0,0,A
10660,1,1,N
10661,0,0,A
10662,0,0,A
10663,0,1,N
10664,1,1,N
10665,1,1,N
10666,1,1,N
10667,0,0,A
10668,1,1,N
10669,0,0,A
10670,1,1,N
10671,0,0,A
10672,1,1,N
10673,1,1,N
10674,1,0,A
10675,0,1,N
10676,0,0,A
10677,0,0,A
10678,0,0,A
10679,0,0,A
10680,0,0,A
10681,1,1,N
10682,1,1,N
10683,1,1,N
10684,0,0,A
10685,1,0,A
10686,1,1,N
10687,1,1,N
10688,0,0,A
10689,0,0,A
10690,0,1,N
10691,0,0,A
10692,0,0,A
10693,1,1,N
10694,1,1,N
10695,1,1,N
10696,1,1,N
10697,0,1,N
10698,0,0,A
10699,0,0,A
10700,0,0,A
10701,1,1,N
10702,0,0,A
10703,1,1,N
10704,1,1,N
10705,1,1,N
10706,1,1,N
10707,1,1,N
10708,1,1,N
10709,1,1,N
10710,0,0,A
10711,0,0,A
10712,1,1,N
10713,0,0,A
10714,0,0,A
10715,1,1,N
10716,1,1,N
10717,0,0,A
10718,0,0,A
10719,0,0,A
10720,1,1,N
10721,1,1,N
10722,0,1,N
10723,0,0,A
10724,1,1,N
10725,1,1,N
10726,1,1,N
10727,1,1,N
10728,1,1,N
10729,1,1,N
10730,0,0,A
10731,0,0,A
10732,0,0,A
10733,1,1,N
10734,1,1,N
10735,1,1,N
10736,1,1,N
10737,1,1,N
10738,1,1,N
10739,0,0,A
10740,1,1,N
10741,0,0,A
10742,0,0,A
10743,1,1,N
10744,1,1,N
10745,0,1,N
10746,0,0,A
10747,0,1,N
10748,0,0,A
10749,1,1,N
10750,1,1,N
10751,0,0,A
10752,1,1,N
10753,1,1,N
10754,0,0,A
10755,0,0,A
10756,0,0,A
10757,0,0,A
10758,0,0,A
10759,1,1,N
10760,1,1,N
10761,0,0,A
10762,0,0,A
10763,0,0,A
10764,0,0,A
10765,1,1,N
10766,1,1,N
10767,1,1,N
10768,0,0,A
10769,0,0,A
10770,0,0,A
10771,1,1,N
10772,0,0,A
10773,1,1,N
10774,0,0,A
10775,0,0,A
10776,0,1,N
10777,0,1,N
10778,1,1,N
10779,0,0,A
10780,1,1,N
10781,0,0,A
10782,1,1,N
10783,1,0,A
10784,0,0,A
10785,1,1,N
10786,0,1,N
10787,1,1,N
10788,0,0,A
10789,0,0,A
10790,0,0,A
10791,1,1,N
10792,1,1,N
10793,0,0,A
10794,0,0,A
10795,0,0,A
10796,0,0,A
10797,1,1,N
10798,0,0,A
10799,1,1,N
10800,0,0,A
10801,0,0,A
10802,0,0,A
10803,1,0,A
10804,0,0,A
10805,0,0,A
10806,0,0,A
10807,1,1,N
10808,1,1,N
10809,1,1,N
10810,1,1,N
10811,0,0,A
10812,1,1,N
10813,0,0,A
10814,1,0,A
10815,1,1,N
10816,1,1,N
10817,1,1,N
10818,1,1,N
10819,0,0,A
10820,1,1,N
10821,0,0,A
10822,1,1,N
10823,0,0,A
10824,0,0,A
10825,1,1,N
10826,1,1,N
10827,1,1,N
10828,0,0,A
10829,1,1,N
10830,1,1,N
10831,1,1,N
10832,0,1,N
10833,1,0,A
10834,1,1,N
10835,0,0,A
10836,0,1,N
10837,1,1,N
10838,0,0,A
10839,0,0,A
10840,0,0,A
10841,0,0,A
10842,1,1,N
10843,0,0,A
10844,0,0,A
10845,0,1,N
10846,0,0,A
10847,0,0,A
10848,0,0,A
10849,1,1,N
10850,0,0,A
10851,1,1,N
10852,1,1,N
10853,1,1,N
10854,1,1,N
10855,1,1,N
10856,1,1,N
10857,1,1,N
10858,1,1,N
10859,0,0,A
10860,0,0,A
10861,0,0,A
10862,1,1,N
10863,0,1,N
10864,0,0,A
10865,0,0,A
10866,1,1,N
10867,1,1,N
10868,0,0,A
10869,0,0,A
10870,1,1,N
10871,0,0,A
10872,0,0,A
10873,0,0,A
10874,0,0,A
10875,1,1,N
10876,1,1,N
10877,0,0,A
10878,1,1,N
10879,1,1,N
10880,1,1,N
10881,1,1,N
10882,0,0,A
10883,1,1,N
10884,0,1,N
10885,0,0,A
10886,1,1,N
10887,0,0,A
10888,1,1,N
10889,0,1,N
10890,1,1,N
10891,1,1,N
10892,0,0,A
10893,1,1,N
10894,0,0,A
10895,1,1,N
10896,1,1,N
10897,0,0,A
10898,0,0,A
10899,1,1,N
10900,1,1,N
10901,1,1,N
10902,0,0,A
10903,0,0,A
10904,1,1,N
10905,1,1,N
10906,1,1,N
10907,0,0,A
10908,0,0,A
10909,0,0,A
10910,0,0,A
10911,0,0,A
10912,1,1,N
10913,1,1,N
10914,0,0,A
10915,0,0,A
10916,0,0,A
10917,0,0,A
10918,0,0,A
10919,0,0,A
10920,1,1,N
10921,0,0,A
10922,1,1,N
10923,1,1,N
10924,1,1,N
10925,0,0,A
10926,1,1,N
10927,0,0,A
10928,1,1,N
10929,0,0,A
10930,0,0,A
10931,1,1,N
10932,1,1,N
10933,0,0,A
10934,1,1,N
10935,1,0,A
10936,1,1,N
10937,1,1,N
10938,0,0,A
10939,0,0,A
10940,1,0,A
10941,0,0,A
10942,1,1,N
10943,1,1,N
10944,1,1,N
10945,0,0,A
10946,0,0,A
10947,1,1,N
10948,0,0,A
10949,1,1,N
10950,1,0,A
10951,0,1,N
10952,1,0,A
10953,1,1,N
10954,1,1,N
10955,1,1,N
10956,1,1,N
10957,0,0,A
10958,1,1,N
10959,1,1,N
10960,0,0,A
10961,1,1,N
10962,1,1,N
10963,1,1,N
10964,0,0,A
10965,0,0,A
10966,0,0,A
10967,1,0,A
10968,1,1,N
10969,1,1,N
10970,0,0,A
10971,0,1,N
10972,0,0,A
10973,1,1,N
10974,0,0,A
10975,0,0,A
10976,0,0,A
10977,1,1,N
10978,1,1,N
10979,0,1,N
10980,0,1,N
10981,0,0,A
10982,1,1,N
10983,1,1,N
10984,1,1,N
10985,0,1,N
10986,0,1,N
10987,1,1,N
10988,0,1,N
10989,0,0,A
10990,0,0,A
10991,1,0,A
10992,0,1,N
10993,0,0,A
10994,1,1,N
10995,0,0,A
10996,1,1,N
10997,0,0,A
10998,0,0,A
10999,1,1,N
11000,1,1,N
11001,1,1,N
11002,1,1,N
11003,0,0,A
11004,1,1,N
11005,0,0,A
11006,0,0,A
11007,1,1,N
11008,1,1,N
11009,1,1,N
11010,0,0,A
11011,1,1,N
11012,0,0,A
11013,1,1,N
11014,1,1,N
11015,0,0,A
11016,0,0,A
11017,0,0,A
11018,0,0,A
11019,0,1,N
11020,1,1,N
11021,1,1,N
11022,1,1,N
11023,1,1,N
11024,1,1,N
11025,1,1,N
11026,1,1,N
11027,0,0,A
11028,1,1,N
11029,1,1,N
11030,0,0,A
11031,1,1,N
11032,1,1,N
11033,1,0,A
11034,1,1,N
11035,0,0,A
11036,1,1,N
11037,1,1,N
11038,1,1,N
11039,0,0,A
11040,1,1,N
11041,1,1,N
11042,0,0,A
11043,0,0,A
11044,0,0,A
11045,0,0,A
11046,0,0,A
11047,0,0,A
11048,0,1,N
11049,0,0,A
11050,1,1,N
11051,0,0,A
11052,1,1,N
11053,1,1,N
11054,0,0,A
11055,0,0,A
11056,0,0,A
11057,0,0,A
11058,0,0,A
11059,0,0,A
11060,1,1,N
11061,0,0,A
11062,1,1,N
11063,1,1,N
11064,1,1,N
11065,0,1,N
11066,0,0,A
11067,0,0,A
11068,1,1,N
11069,0,0,A
11070,0,0,A
11071,1,1,N
11072,0,0,A
11073,1,1,N
11074,0,0,A
11075,1,1,N
11076,0,0,A
11077,0,0,A
11078,1,1,N
11079,0,0,A
11080,0,0,A
11081,0,1,N
11082,1,1,N
11083,0,0,A
11084,0,0,A
11085,0,0,A
11086,0,0,A
11087,0,0,A
11088,1,1,N
11089,0,0,A
11090,0,0,A
11091,0,0,A
11092,1,1,N
11093,1,1,N
11094,0,0,A
11095,0,0,A
11096,1,1,N
11097,1,1,N
11098,1,1,N
11099,0,0,A
11100,1,1,N
11101,1,1,N
11102,1,1,N
11103,0,0,A
11104,0,0,A
11105,1,1,N
11106,1,1,N
11107,0,0,A
11108,0,0,A
11109,1,1,N
11110,0,0,A
11111,0,0,A
11112,0,0,A
11113,0,0,A
11114,1,1,N
11115,1,1,N
11116,1,1,N
11117,1,1,N
11118,0,0,A
11119,0,0,A
11120,0,0,A
11121,0,0,A
11122,1,1,N
11123,0,0,A
11124,0,0,A
11125,0,1,N
11126,0,1,N
11127,0,0,A
11128,1,1,N
11129,1,1,N
11130,0,0,A
11131,0,0,A
11132,0,0,A
11133,1,1,N
11134,0,0,A
11135,1,1,N
11136,0,0,A
11137,0,1,N
11138,0,0,A
11139,0,0,A
11140,1,1,N
11141,0,0,A
11142,0,0,A
11143,0,0,A
11144,0,0,A
11145,1,1,N
11146,0,0,A
11147,1,1,N
11148,1,1,N
11149,1,1,N
11150,1,1,N
11151,1,1,N
11152,0,0,A
11153,0,0,A
11154,1,1,N
11155,0,0,A
11156,0,0,A
11157,1,1,N
11158,0,0,A
11159,1,1,N
11160,0,1,N
11161,1,1,N
11162,1,1,N
11163,1,1,N
11164,1,0,A
11165,1,1,N
11166,1,1,N
11167,0,0,A
11168,1,1,N
11169,0,0,A
11170,1,1,N
11171,1,0,A
11172,1,1,N
11173,0,0,A
11174,1,1,N
11175,0,0,A
11176,0,0,A
11177,1,1,N
11178,1,1,N
11179,0,0,A
11180,1,1,N
11181,1,1,N
11182,0,0,A
11183,1,1,N
11184,1,1,N
11185,1,1,N
11186,0,0,A
11187,1,1,N
11188,1,1,N
11189,0,0,A
11190,0,0,A
11191,1,1,N
11192,0,0,A
11193,1,1,N
11194,1,1,N
11195,1,1,N
11196,0,0,A
11197,0,0,A
11198,0,0,A
11199,1,1,N
11200,0,1,N
11201,1,1,N
11202,1,1,N
11203,1,1,N
11204,0,0,A
11205,1,1,N
11206,1,1,N
11207,0,0,A
11208,0,0,A
11209,1,1,N
11210,0,0,A
11211,0,1,N
11212,1,1,N
11213,1,1,N
11214,0,1,N
11215,0,1,N
11216,1,1,N
11217,1,1,N
11218,0,1,N
11219,1,1,N
11220,1,1,N
11221,0,0,A
11222,1,1,N
11223,0,0,A
11224,0,0,A
11225,1,1,N
11226,1,1,N
11227,0,0,A
11228,0,1,N
11229,1,1,N
11230,0,0,A
11231,1,1,N
11232,1,1,N
11233,1,1,N
11234,0,0,A
11235,1,1,N
11236,0,0,A
11237,0,1,N
11238,0,0,A
11239,1,1,N
11240,0,0,A
11241,1,0,A
11242,1,1,N
11243,0,0,A
11244,1,1,N
11245,1,1,N
11246,0,0,A
11247,1,1,N
11248,1,1,N
11249,1,1,N
11250,1,1,N
11251,1,1,N
11252,1,1,N
11253,1,1,N
11254,1,1,N
11255,1,1,N
11256,1,1,N
11257,0,0,A
11258,0,0,A
11259,0,0,A
11260,1,1,N
11261,1,1,N
11262,1,1,N
11263,1,1,N
11264,0,0,A
11265,0,0,A
11266,0,0,A
11267,1,1,N
11268,0,1,N
11269,0,1,N
11270,1,1,N
11271,0,0,A
11272,1,1,N
11273,1,1,N
11274,0,0,A
11275,1,1,N
11276,0,0,A
11277,0,0,A
11278,1,1,N
11279,0,0,A
11280,0,0,A
11281,1,1,N
11282,1,1,N
11283,1,1,N
11284,0,0,A
11285,1,1,N
11286,0,0,A
11287,1,1,N
11288,1,1,N
11289,0,0,A
11290,1,1,N
11291,0,1,N
11292,0,0,A
11293,1,1,N
11294,1,1,N
11295,0,0,A
11296,1,1,N
11297,0,0,A
11298,1,1,N
11299,0,0,A
11300,0,0,A
11301,0,1,N
11302,1,1,N
11303,0,0,A
11304,1,1,N
11305,0,1,N
11306,0,1,N
11307,1,1,N
11308,1,1,N
11309,0,0,A
11310,0,0,A
11311,0,0,A
11312,1,0,A
11313,1,1,N
11314,1,1,N
11315,1,1,N
11316,1,1,N
11317,0,0,A
11318,0,0,A
11319,1,1,N
11320,1,1,N
11321,1,1,N
11322,0,0,A
11323,0,0,A
11324,0,0,A
11325,1,1,N
11326,1,1,N
11327,0,0,A
11328,1,1,N
11329,1,1,N
11330,0,0,A
11331,1,1,N
11332,0,0,A
11333,0,0,A
11334,0,0,A
11335,0,0,A
11336,1,1,N
11337,1,1,N
11338,0,0,A
11339,0,0,A
11340,0,0,A
11341,1,1,N
11342,1,1,N
11343,1,1,N
11344,0,0,A
11345,1,1,N
11346,1,0,A
11347,1,1,N
11348,1,1,N
11349,1,1,N
11350,0,0,A
11351,1,1,N
11352,0,0,A
11353,1,1,N
11354,1,1,N
11355,0,1,N
11356,1,1,N
11357,0,0,A
11358,1,1,N
11359,1,1,N
11360,0,0,A
11361,0,0,A
11362,0,1,N
11363,0,0,A
11364,0,0,A
11365,0,0,A
11366,0,0,A
11367,1,1,N
11368,1,1,N
11369,0,0,A
11370,1,1,N
11371,0,0,A
11372,1,1,N
11373,1,1,N
11374,1,1,N
11375,0,0,A
11376,0,0,A
11377,0,0,A
11378,1,1,N
11379,1,1,N
11380,1,1,N
11381,1,1,N
11382,1,1,N
11383,1,1,N
11384,0,0,A
11385,0,0,A
11386,0,1,N
11387,0,0,A
11388,0,0,A
11389,0,0,A
11390,0,1,N
11391,0,1,N
11392,0,0,A
11393,0,0,A
11394,1,1,N
11395,1,1,N
11396,1,1,N
11397,0,0,A
11398,0,1,N
11399,0,0,A
11400,0,0,A
11401,1,1,N
11402,1,1,N
11403,0,1,N
11404,0,0,A
11405,1,1,N
11406,0,0,A
11407,1,1,N
11408,0,0,A
11409,0,0,A
11410,0,0,A
11411,0,0,A
11412,0,0,A
11413,1,1,N
11414,0,0,A
11415,1,1,N
11416,1,1,N
11417,1,1,N
11418,0,0,A
11419,0,0,A
11420,0,0,A
11421,1,1,N
11422,1,1,N
11423,0,0,A
11424,1,1,N
11425,0,0,A
11426,1,1,N
11427,0,0,A
11428,1,1,N
11429,1,1,N
11430,0,1,N
11431,1,1,N
11432,1,1,N
11433,1,1,N
11434,1,1,N
11435,1,1,N
11436,0,0,A
11437,1,1,N
11438,0,0,A
11439,0,1,N
11440,1,1,N
11441,0,0,A
11442,1,1,N
11443,0,0,A
11444,1,1,N
11445,0,0,A
11446,1,1,N
11447,1,1,N
11448,0,0,A
11449,0,0,A
11450,0,1,N
11451,0,0,A
11452,0,0,A
11453,1,1,N
11454,1,1,N
11455,0,0,A
11456,1,1,N
11457,1,1,N
11458,0,0,A
11459,1,1,N
11460,1,1,N
11461,0,0,A
11462,0,0,A
11463,0,0,A
11464,0,0,A
11465,0,0,A
11466,0,0,A
11467,1,1,N
11468,0,0,A
11469,1,1,N
11470,1,1,N
11471,0,1,N
11472,0,0,A
11473,0,0,A
11474,1,1,N
11475,1,1,N
11476,1,1,N
11477,1,1,N
11478,1,1,N
11479,0,0,A
11480,0,0,A
11481,0,0,A
11482,1,1,N
11483,0,0,A
11484,0,0,A
11485,1,1,N
11486,0,1,N
11487,0,0,A
11488,1,1,N
11489,1,1,N
11490,1,1,N
11491,1,1,N
11492,0,0,A
11493,1,1,N
11494,1,1,N
11495,0,0,A
11496,0,0,A
11497,1,1,N
11498,1,0,A
11499,0,0,A
11500,1,1,N
11501,1,1,N
11502,1,1,N
11503,1,1,N
11504,0,0,A
11505,1,1,N
11506,1,1,N
11507,1,1,N
11508,1,1,N
11509,0,0,A
11510,0,0,A
11511,0,1,N
11512,1,1,N
11513,1,1,N
11514,1,1,N
11515,1,1,N
11516,1,1,N
11517,0,0,A
11518,0,0,A
11519,0,0,A
11520,1,1,N
11521,1,1,N
11522,1,1,N
11523,0,0,A
11524,0,0,A
11525,1,1,N
11526,1,1,N
11527,0,0,A
11528,0,0,A
11529,1,1,N
11530,1,1,N
11531,0,0,A
11532,1,1,N
11533,1,1,N
11534,0,1,N
11535,0,0,A
11536,1,1,N
11537,0,0,A
11538,0,0,A
11539,1,1,N
11540,0,0,A
11541,1,1,N
11542,0,0,A
11543,0,0,A
11544,0,0,A
11545,0,0,A
11546,1,1,N
11547,1,1,N
11548,0,0,A
11549,1,0,A
11550,0,0,A
11551,1,1,N
11552,0,0,A
11553,0,0,A
11554,1,1,N
11555,0,0,A
11556,1,1,N
11557,0,0,A
11558,0,0,A
11559,1,0,A
11560,0,0,A
11561,1,1,N
11562,0,0,A
11563,0,0,A
11564,0,0,A
11565,1,1,N
11566,0,0,A
11567,0,0,A
11568,0,0,A
11569,0,0,A
11570,0,0,A
11571,1,1,N
11572,0,1,N
11573,1,1,N
11574,1,1,N
11575,1,1,N
11576,1,1,N
11577,0,0,A
11578,0,0,A
11579,1,1,N
11580,0,0,A
11581,0,0,A
11582,1,1,N
11583,1,1,N
11584,1,1,N
11585,1,1,N
11586,1,1,N
11587,0,1,N
11588,0,0,A
11589,1,1,N
11590,0,0,A
11591,1,1,N
11592,1,1,N
11593,0,0,A
11594,1,1,N
11595,1,1,N
11596,1,1,N
11597,1,1,N
11598,1,1,N
11599,0,0,A
11600,1,1,N
11601,0,0,A
11602,1,1,N
11603,0,1,N
11604,0,0,A
11605,1,1,N
11606,0,0,A
11607,0,0,A
11608,0,0,A
11609,0,0,A
11610,0,0,A
11611,0,0,A
11612,0,0,A
11613,0,0,A
11614,0,0,A
11615,1,1,N
11616,1,1,N
11617,1,1,N
11618,0,0,A
11619,0,1,N
11620,0,0,A
11621,1,1,N
11622,0,0,A
11623,0,0,A
11624,0,0,A
11625,0,0,A
11626,1,1,N
11627,1,1,N
11628,1,1,N
11629,1,1,N
11630,0,0,A
11631,1,1,N
11632,0,0,A
11633,0,0,A
11634,1,1,N
11635,1,1,N
11636,1,1,N
11637,1,1,N
11638,1,1,N
11639,0,0,A
11640,1,1,N
11641,1,1,N
11642,1,1,N
11643,0,0,A
11644,0,0,A
11645,0,0,A
11646,0,0,A
11647,0,0,A
11648,0,0,A
11649,1,1,N
11650,0,1,N
11651,0,0,A
11652,0,0,A
11653,1,1,N
11654,1,1,N
11655,0,0,A
11656,1,1,N
11657,0,0,A
11658,0,0,A
11659,1,1,N
11660,1,1,N
11661,1,1,N
11662,1,1,N
11663,1,1,N
11664,0,0,A
11665,1,1,N
11666,1,1,N
11667,1,1,N
11668,0,0,A
11669,1,1,N
11670,1,1,N
11671,1,1,N
11672,1,1,N
11673,0,0,A
11674,0,1,N
11675,1,1,N
11676,1,1,N
11677,1,1,N
11678,0,0,A
11679,1,0,A
11680,0,0,A
11681,0,0,A
11682,0,0,A
11683,0,0,A
11684,1,1,N
11685,1,1,N
11686,1,1,N
11687,0,0,A
11688,0,0,A
11689,0,0,A
11690,0,0,A
11691,1,1,N
11692,1,1,N
11693,0,1,N
11694,1,1,N
11695,0,0,A
11696,0,0,A
11697,1,1,N
11698,1,1,N
11699,0,0,A
11700,0,0,A
11701,0,0,A
11702,1,1,N
11703,0,1,N
11704,0,0,A
11705,1,1,N
11706,0,0,A
11707,0,0,A
11708,1,1,N
11709,1,1,N
11710,0,0,A
11711,0,0,A
11712,1,1,N
11713,1,1,N
11714,1,1,N
11715,1,1,N
11716,1,1,N
11717,1,1,N
11718,1,1,N
11719,0,0,A
11720,0,0,A
11721,1,1,N
11722,0,0,A
11723,0,0,A
11724,1,1,N
11725,1,1,N
11726,1,1,N
11727,1,1,N
11728,1,1,N
11729,0,1,N
11730,1,1,N
11731,0,0,A
11732,1,0,A
11733,1,1,N
11734,0,0,A
11735,0,0,A
11736,0,0,A
11737,0,0,A
11738,1,1,N
11739,0,0,A
11740,0,0,A
11741,1,1,N
11742,0,0,A
11743,0,0,A
11744,1,1,N
11745,0,0,A
11746,1,1,N
11747,0,0,A
11748,1,1,N
11749,1,1,N
11750,1,1,N
11751,0,0,A
11752,0,0,A
11753,1,1,N
11754,0,0,A
11755,1,1,N
11756,0,0,A
11757,0,0,A
11758,1,1,N
11759,0,0,A
11760,0,0,A
11761,0,1,N
11762,1,1,N
11763,0,0,A
11764,1,1,N
11765,0,0,A
11766,1,1,N
11767,1,1,N
11768,1,1,N
11769,1,1,N
11770,0,0,A
11771,1,1,N
11772,1,1,N
11773,1,1,N
11774,1,1,N
11775,1,1,N
11776,1,1,N
11777,1,1,N
11778,0,0,A
11779,1,1,N
11780,1,1,N
11781,1,1,N
11782,0,0,A
11783,0,0,A
11784,1,1,N
11785,0,0,A
11786,1,1,N
11787,1,1,N
11788,0,0,A
11789,1,1,N
11790,1,1,N
11791,0,0,A
11792,1,1,N
11793,1,1,N
11794,0,0,A
11795,0,0,A
11796,0,0,A
11797,1,1,N
11798,1,0,A
11799,1,1,N
11800,1,0,A
11801,1,1,N
11802,0,0,A
11803,0,1,N
11804,1,1,N
11805,0,0,A
11806,0,0,A
11807,1,1,N
11808,1,1,N
11809,1,1,N
11810,1,1,N
11811,1,1,N
11812,0,0,A
11813,1,1,N
11814,0,0,A
11815,0,0,A
11816,1,1,N
11817,0,0,A
11818,1,1,N
11819,1,1,N
11820,1,0,A
11821,0,1,N
11822,0,1,N
11823,0,0,A
11824,0,0,A
11825,0,0,A
11826,1,1,N
11827,0,0,A
11828,1,1,N
11829,1,1,N
11830,0,0,A
11831,0,1,N
11832,0,0,A
11833,0,0,A
11834,0,1,N
11835,1,1,N
11836,1,1,N
11837,1,1,N
11838,1,1,N
11839,1,1,N
11840,0,0,A
11841,1,1,N
11842,1,1,N
11843,0,0,A
11844,1,1,N
11845,1,1,N
11846,0,0,A
11847,0,0,A
11848,1,1,N
11849,0,1,N
11850,0,0,A
11851,0,0,A
11852,0,0,A
11853,0,0,A
11854,1,1,N
11855,1,1,N
11856,1,1,N
11857,1,1,N
11858,1,1,N
11859,0,0,A
11860,1,1,N
11861,0,0,A
11862,1,1,N
11863,0,0,A
11864,0,0,A
11865,1,1,N
11866,0,1,N
11867,0,0,A
11868,1,1,N
11869,0,0,A
11870,0,0,A
11871,0,0,A
11872,1,1,N
11873,1,1,N
11874,1,0,A
11875,1,1,N
11876,0,0,A
11877,0,1,N
11878,0,0,A
11879,0,0,A
11880,1,1,N
11881,0,0,A
11882,1,1,N
11883,1,1,N
11884,0,0,A
11885,0,0,A
11886,0,1,N
11887,0,0,A
11888,0,0,A
11889,1,1,N
11890,0,1,N
11891,1,1,N
11892,1,1,N
11893,1,1,N
11894,0,0,A
11895,1,1,N
11896,0,0,A
11897,0,0,A
11898,0,0,A
11899,0,0,A
11900,0,0,A
11901,0,0,A
11902,1,1,N
11903,0,0,A
11904,1,1,N
11905,1,1,N
11906,0,0,A
11907,0,0,A
11908,1,1,N
11909,0,0,A
11910,1,0,A
11911,0,0,A
11912,1,1,N
11913,0,0,A
11914,1,1,N
11915,1,1,N
11916,1,1,N
11917,0,0,A
11918,1,1,N
11919,1,1,N
11920,1,1,N
11921,0,0,A
11922,1,0,A
11923,1,1,N
11924,1,1,N
11925,0,0,A
11926,1,1,N
11927,0,0,A
11928,1,1,N
11929,0,0,A
11930,0,0,A
11931,1,1,N
11932,1,1,N
11933,1,1,N
11934,0,0,A
11935,0,1,N
11936,1,1,N
11937,1,1,N
11938,1,1,N
11939,0,1,N
11940,1,1,N
11941,0,1,N
11942,1,1,N
11943,0,0,A
11944,1,1,N
11945,0,0,A
11946,1,1,N
11947,0,0,A
11948,0,0,A
11949,0,0,A
11950,1,1,N
11951,0,1,N
11952,0,0,A
11953,0,0,A
11954,0,0,A
11955,0,0,A
11956,1,0,A
11957,1,1,N
11958,0,0,A
11959,0,0,A
11960,1,1,N
11961,0,0,A
11962,0,1,N
11963,1,1,N
11964,0,0,A
11965,0,0,A
11966,0,0,A
11967,0,0,A
11968,1,1,N
11969,0,1,N
11970,1,1,N
11971,1,1,N
11972,0,0,A
11973,0,0,A
11974,0,0,A
11975,1,1,N
11976,1,1,N
11977,1,1,N
11978,1,1,N
11979,1,1,N
11980,1,1,N
11981,1,1,N
11982,1,1,N
11983,1,0,A
11984,1,1,N
11985,0,0,A
11986,0,1,N
11987,1,1,N
11988,1,1,N
11989,0,0,A
11990,0,0,A
11991,1,1,N
11992,1,1,N
11993,1,1,N
11994,0,0,A
11995,1,1,N
11996,1,1,N
11997,1,1,N
11998,0,0,A
11999,1,1,N
12000,0,0,A
12001,1,1,N
12002,1,1,N
12003,1,1,N
12004,0,0,A
12005,1,1,N
12006,0,0,A
12007,0,0,A
12008,0,0,A
12009,0,0,A
12010,0,0,A
12011,1,1,N
12012,0,1,N
12013,0,0,A
12014,1,1,N
12015,1,1,N
12016,0,0,A
12017,0,0,A
12018,1,1,N
12019,1,1,N
12020,1,1,N
12021,1,1,N
12022,0,0,A
12023,0,0,A
12024,0,0,A
12025,0,0,A
12026,0,1,N
12027,0,0,A
12028,0,0,A
12029,0,0,A
12030,1,1,N
12031,0,0,A
12032,1,1,N
12033,1,1,N
12034,0,1,N
12035,0,0,A
12036,0,0,A
12037,1,1,N
12038,1,1,N
12039,1,1,N
12040,0,0,A
12041,0,0,A
12042,0,0,A
12043,0,0,A
12044,0,0,A
12045,1,1,N
12046,1,1,N
12047,1,1,N
12048,0,0,A
12049,1,1,N
12050,1,1,N
12051,0,0,A
12052,1,1,N
12053,1,1,N
12054,0,0,A
12055,1,1,N
12056,0,0,A
12057,1,1,N
12058,1,1,N
12059,1,1,N
12060,1,1,N
12061,1,1,N
12062,1,1,N
12063,1,1,N
12064,1,1,N
12065,0,0,A
12066,1,1,N
12067,0,0,A
12068,1,1,N
12069,0,0,A
12070,1,0,A
12071,1,1,N
12072,1,1,N
12073,0,0,A
12074,1,1,N
12075,0,0,A
12076,1,1,N
12077,0,0,A
12078,0,0,A
12079,0,0,A
12080,1,1,N
12081,1,1,N
12082,1,1,N
12083,0,0,A
12084,0,1,N
12085,0,0,A
12086,1,1,N
12087,1,1,N
12088,0,0,A
12089,0,0,A
12090,0,0,A
12091,1,1,N
12092,0,0,A
12093,1,1,N
12094,0,0,A
12095,0,0,A
12096,0,0,A
12097,0,0,A
12098,1,1,N
12099,0,0,A
12100,1,1,N
12101,0,0,A
12102,1,1,N
12103,1,1,N
12104,1,1,N
12105,0,0,A
12106,0,0,A
12107,0,1,N
12108,1,1,N
12109,0,0,A
12110,0,0,A
12111,1,1,N
12112,0,0,A
12113,0,1,N
12114,0,0,A
12115,1,1,N
12116,0,0,A
12117,1,1,N
12118,0,0,A
12119,0,0,A
12120,0,0,A
12121,1,1,N
12122,0,1,N
12123,1,1,N
12124,1,1,N
12125,0,0,A
12126,1,1,N
12127,1,1,N
12128,1,1,N
12129,1,1,N
12130,1,1,N
12131,1,0,A
12132,1,1,N
12133,0,0,A
12134,1,1,N
12135,1,1,N
12136,0,0,A
12137,0,0,A
12138,0,0,A
12139,1,1,N
12140,0,0,A
12141,1,1,N
12142,0,1,N
12143,1,1,N
12144,1,1,N
12145,1,1,N
12146,0,0,A
12147,1,1,N
12148,1,1,N
12149,0,0,A
12150,1,1,N
12151,1,1,N
12152,1,1,N
12153,1,1,N
12154,0,1,N
12155,1,1,N
12156,1,1,N
12157,0,0,A
12158,0,0,A
12159,1,1,N
12160,0,0,A
12161,1,1,N
12162,1,1,N
12163,0,0,A
12164,1,1,N
12165,1,1,N
12166,1,0,A
12167,0,0,A
12168,1,1,N
12169,1,1,N
12170,1,1,N
12171,1,1,N
12172,1,1,N
12173,0,0,A
12174,1,1,N
12175,0,0,A
12176,0,1,N
12177,1,1,N
12178,0,1,N
12179,1,1,N
12180,0,0,A
12181,1,1,N
12182,1,1,N
12183,1,1,N
12184,1,1,N
12185,0,0,A
12186,1,1,N
12187,0,0,A
12188,1,1,N
12189,0,0,A
12190,1,1,N
12191,1,1,N
12192,0,0,A
12193,1,1,N
12194,0,0,A
12195,1,1,N
12196,0,0,A
12197,0,0,A
12198,0,0,A
12199,0,0,A
12200,0,1,N
12201,1,1,N
12202,0,0,A
12203,0,0,A
12204,0,0,A
12205,1,1,N
12206,0,0,A
12207,1,1,N
12208,1,1,N
12209,0,0,A
12210,0,0,A
12211,0,0,A
12212,1,1,N
12213,1,1,N
12214,1,1,N
12215,1,1,N
12216,1,1,N
12217,0,0,A
12218,1,1,N
12219,1,1,N
12220,1,1,N
12221,0,0,A
12222,1,1,N
12223,1,1,N
12224,1,1,N
12225,1,1,N
12226,1,1,N
12227,1,1,N
12228,1,1,N
12229,1,1,N
12230,0,0,A
12231,1,1,N
12232,1,1,N
12233,0,0,A
12234,0,0,A
12235,1,1,N
12236,1,0,A
12237,0,0,A
12238,1,1,N
12239,1,1,N
12240,1,0,A
12241,1,1,N
12242,1,1,N
12243,1,1,N
12244,1,1,N
12245,1,1,N
12246,0,0,A
12247,1,1,N
12248,1,1,N
12249,0,0,A
12250,0,0,A
12251,1,1,N
12252,0,0,A
12253,0,0,A
12254,0,0,A
12255,0,0,A
12256,0,0,A
12257,0,1,N
12258,1,1,N
12259,0,0,A
12260,0,0,A
12261,1,1,N
12262,0,1,N
12263,1,1,N
12264,0,0,A
12265,0,0,A
12266,0,1,N
12267,1,1,N
12268,0,0,A
12269,0,0,A
12270,1,1,N
12271,1,1,N
12272,1,1,N
12273,0,0,A
12274,0,1,N
12275,1,1,N
12276,0,0,A
12277,0,0,A
12278,0,0,A
12279,0,0,A
12280,0,0,A
12281,1,1,N
12282,1,1,N
12283,0,1,N
12284,0,0,A
12285,0,0,A
12286,1,1,N
12287,1,1,N
12288,1,1,N
12289,1,1,N
12290,1,1,N
12291,0,0,A
12292,0,0,A
12293,1,0,A
12294,0,0,A
12295,0,0,A
12296,0,0,A
12297,1,0,A
12298,0,0,A
12299,0,0,A
12300,1,1,N
12301,0,1,N
12302,1,1,N
12303,0,0,A
12304,1,1,N
12305,0,0,A
12306,0,0,A
12307,0,0,A
12308,0,0,A
12309,1,1,N
12310,1,1,N
12311,0,0,A
12312,0,0,A
12313,1,1,N
12314,1,1,N
12315,1,1,N
12316,0,0,A
12317,1,1,N
12318,0,0,A
12319,1,1,N
12320,0,0,A
12321,0,0,A
12322,1,1,N
12323,1,1,N
12324,1,1,N
12325,0,0,A
12326,0,0,A
12327,1,0,A
12328,0,0,A
12329,0,0,A
12330,0,0,A
12331,1,1,N
12332,0,0,A
12333,0,0,A
12334,1,1,N
12335,0,0,A
12336,0,0,A
12337,1,1,N
12338,0,0,A
12339,0,1,N
12340,0,0,A
12341,0,0,A
12342,1,1,N
12343,1,1,N
12344,1,1,N
12345,1,1,N
12346,1,1,N
12347,0,1,N
12348,1,1,N
12349,0,0,A
12350,0,0,A
12351,0,0,A
12352,0,0,A
12353,0,1,N
12354,0,0,A
12355,1,1,N
12356,1,1,N
12357,0,1,N
12358,0,0,A
12359,1,1,N
12360,1,1,N
12361,1,1,N
12362,1,1,N
12363,0,0,A
12364,1,1,N
12365,1,1,N
12366,0,0,A
12367,0,0,A
12368,0,0,A
12369,1,1,N
12370,0,0,A
12371,1,1,N
12372,1,1,N
12373,1,1,N
12374,1,1,N
12375,0,1,N
12376,1,1,N
12377,1,1,N
12378,1,1,N
12379,1,1,N
12380,0,0,A
12381,0,0,A
12382,1,1,N
12383,0,0,A
12384,0,0,A
12385,0,0,A
12386,1,1,N
12387,1,1,N
12388,1,1,N
12389,1,1,N
12390,0,0,A
12391,0,0,A
12392,0,0,A
12393,0,0,A
12394,0,0,A
12395,1,1,N
12396,0,0,A
12397,1,1,N
12398,1,0,A
12399,1,1,N
12400,0,0,A
12401,1,1,N
12402,1,1,N
12403,0,0,A
12404,1,1,N
12405,1,1,N
12406,1,1,N
12407,0,1,N
12408,1,1,N
12409,0,0,A
12410,1,1,N
12411,0,0,A
12412,0,0,A
12413,0,0,A
12414,0,0,A
12415,0,0,A
12416,1,1,N
12417,0,0,A
12418,1,1,N
12419,1,1,N
12420,1,1,N
12421,1,1,N
12422,0,0,A
12423,0,0,A
12424,0,0,A
12425,0,0,A
12426,0,0,A
12427,1,1,N
12428,0,0,A
12429,1,1,N
12430,1,1,N
12431,1,1,N
12432,1,1,N
12433,1,1,N
12434,1,1,N
12435,1,1,N
12436,1,1,N
12437,1,1,N
12438,0,1,N
12439,0,0,A
12440,1,1,N
12441,1,1,N
12442,0,0,A
12443,0,0,A
12444,1,1,N
12445,1,1,N
12446,0,0,A
12447,1,1,N
12448,0,0,A
12449,0,0,A
12450,1,1,N
12451,0,0,A
12452,1,1,N
12453,1,1,N
12454,0,0,A
12455,0,0,A
12456,1,1,N
12457,1,1,N
12458,0,0,A
12459,0,1,N
12460,0,1,N
12461,1,1,N
12462,0,0,A
12463,1,1,N
12464,1,0,A
12465,1,1,N
12466,1,1,N
12467,1,1,N
12468,1,1,N
12469,1,1,N
12470,1,1,N
12471,1,1,N
12472,0,1,N
12473,0,0,A
12474,1,1,N
12475,1,1,N
12476,0,0,A
12477,0,1,N
12478,1,1,N
12479,1,1,N
12480,1,1,N
12481,0,0,A
12482,1,1,N
12483,1,1,N
12484,0,0,A
12485,0,1,N
12486,0,0,A
12487,1,1,N
12488,0,0,A
12489,1,1,N
12490,1,1,N
12491,1,1,N
12492,1,1,N
12493,1,0,A
12494,1,1,N
12495,0,0,A
12496,1,1,N
12497,0,0,A
12498,1,1,N
12499,1,1,N
12500,1,1,N
12501,1,1,N
12502,1,1,N
12503,0,0,A
12504,1,1,N
12505,0,0,A
12506,1,1,N
12507,1,1,N
12508,0,0,A
12509,0,1,N
12510,1,1,N
12511,0,0,A
12512,1,1,N
12513,0,0,A
12514,1,1,N
12515,1,1,N
12516,1,1,N
12517,0,0,A
12518,1,1,N
12519,0,0,A
12520,1,0,A
12521,0,1,N
12522,0,1,N
12523,1,1,N
12524,0,0,A
12525,0,0,A
12526,1,1,N
12527,0,1,N
12528,1,1,N
12529,0,0,A
12530,1,1,N
12531,0,0,A
12532,1,1,N
12533,1,1,N
12534,1,1,N
12535,0,0,A
12536,0,1,N
12537,0,0,A
12538,0,0,A
12539,0,0,A
12540,0,0,A
12541,1,1,N
12542,1,1,N
12543,0,0,A
12544,0,1,N
12545,0,0,A
12546,1,1,N
12547,1,1,N
12548,1,1,N
12549,1,1,N
12550,0,0,A
12551,1,1,N
12552,0,0,A
12553,0,0,A
12554,1,1,N
12555,0,0,A
12556,0,0,A
12557,0,0,A
12558,1,1,N
12559,0,0,A
12560,0,0,A
12561,0,0,A
12562,1,1,N
12563,0,0,A
12564,0,0,A
12565,0,0,A
12566,0,0,A
12567,0,0,A
12568,0,0,A
12569,1,1,N
12570,0,0,A
12571,1,1,N
12572,0,0,A
12573,0,0,A
12574,1,1,N
12575,0,0,A
12576,0,0,A
12577,0,0,A
12578,0,0,A
12579,0,0,A
12580,0,0,A
12581,0,0,A
12582,0,0,A
12583,0,0,A
12584,0,0,A
12585,1,1,N
12586,0,1,N
12587,1,1,N
12588,0,0,A
12589,1,1,N
12590,0,0,A
12591,1,1,N
12592,0,0,A
12593,1,1,N
12594,1,1,N
12595,1,1,N
12596,0,0,A
12597,1,1,N
12598,1,1,N
12599,0,0,A
12600,1,1,N
12601,1,1,N
12602,0,0,A
12603,1,1,N
12604,1,1,N
12605,1,1,N
12606,0,0,A
12607,0,0,A
12608,0,0,A
12609,0,0,A
12610,0,0,A
12611,1,1,N
12612,0,1,N
12613,1,1,N
12614,1,1,N
12615,0,0,A
12616,1,1,N
12617,1,1,N
12618,0,0,A
12619,0,0,A
12620,0,0,A
12621,0,0,A
12622,1,1,N
12623,0,0,A
12624,1,1,N
12625,0,0,A
12626,1,1,N
12627,1,1,N
12628,0,0,A
12629,1,1,N
12630,1,1,N
12631,0,0,A
12632,1,1,N
12633,1,1,N
12634,1,0,A
12635,1,1,N
12636,0,1,N
12637,0,0,A
12638,1,1,N
12639,0,0,A
12640,0,0,A
12641,1,1,N
12642,1,1,N
12643,0,0,A
12644,0,0,A
12645,0,0,A
12646,1,1,N
12647,0,0,A
12648,1,1,N
12649,0,0,A
12650,1,1,N
12651,0,0,A
12652,0,0,A
12653,1,1,N
12654,0,1,N
12655,1,1,N
12656,0,0,A
12657,1,1,N
12658,1,1,N
12659,0,0,A
12660,0,1,N
12661,1,1,N
12662,0,0,A
12663,1,1,N
12664,0,0,A
12665,0,0,A
12666,0,0,A
12667,1,1,N
12668,0,0,A
12669,1,1,N
12670,0,0,A
12671,1,1,N
12672,1,1,N
12673,0,0,A
12674,1,1,N
12675,1,1,N
12676,1,1,N
12677,0,0,A
12678,1,1,N
12679,0,1,N
12680,0,0,A
12681,1,0,A
12682,0,0,A
12683,0,0,A
12684,0,0,A
12685,1,1,N
12686,0,0,A
12687,1,1,N
12688,1,1,N
12689,1,1,N
12690,0,0,A
12691,0,0,A
12692,1,1,N
12693,1,1,N
12694,1,1,N
12695,1,1,N
12696,1,1,N
12697,1,1,N
12698,1,1,N
12699,1,1,N
12700,0,0,A
12701,1,1,N
12702,0,0,A
12703,1,1,N
12704,1,1,N
12705,0,1,N
12706,0,0,A
12707,1,1,N
12708,1,1,N
12709,1,1,N
12710,0,0,A
12711,0,0,A
12712,0,0,A
12713,0,0,A
12714,0,0,A
12715,0,1,N
12716,1,1,N
12717,1,1,N
12718,0,0,A
12719,1,1,N
12720,0,0,A
12721,1,1,N
12722,1,1,N
12723,1,1,N
12724,0,0,A
12725,1,1,N
12726,0,1,N
12727,1,1,N
12728,1,1,N
12729,0,0,A
12730,1,1,N
12731,1,1,N
12732,1,1,N
12733,1,1,N
12734,1,1,N
12735,1,1,N
12736,1,0,A
12737,0,0,A
12738,0,1,N
12739,0,0,A
12740,0,0,A
12741,0,0,A
12742,0,0,A
12743,0,0,A
12744,1,1,N
12745,1,1,N
12746,0,0,A
12747,0,0,A
12748,1,1,N
12749,0,1,N
12750,1,1,N
12751,1,1,N
12752,0,0,A
12753,1,1,N
12754,1,1,N
12755,1,1,N
12756,0,1,N
12757,1,1,N
12758,0,0,A
12759,0,0,A
12760,0,0,A
12761,0,0,A
12762,0,1,N
12763,0,0,A
12764,0,0,A
12765,0,0,A
12766,0,0,A
12767,0,0,A
12768,1,1,N
12769,0,1,N
12770,1,1,N
12771,1,1,N
12772,1,1,N
12773,0,0,A
12774,0,1,N
12775,0,0,A
12776,0,0,A
12777,1,1,N
12778,0,0,A
12779,1,1,N
12780,1,0,A
12781,0,1,N
12782,0,0,A
12783,1,1,N
12784,0,0,A
12785,0,0,A
12786,1,1,N
12787,1,1,N
12788,0,0,A
12789,0,0,A
12790,1,1,N
12791,1,1,N
12792,1,1,N
12793,0,0,A
12794,1,1,N
12795,1,0,A
12796,0,0,A
12797,0,0,A
12798,0,0,A
12799,0,0,A
12800,1,0,A
12801,0,0,A
12802,1,1,N
12803,0,0,A
12804,1,1,N
12805,1,1,N
12806,1,1,N
12807,1,0,A
12808,1,1,N
12809,1,1,N
12810,0,1,N
12811,0,0,A
12812,0,0,A
12813,1,1,N
12814,1,1,N
12815,0,0,A
12816,0,0,A
12817,1,1,N
12818,0,0,A
12819,1,1,N
12820,1,1,N
12821,0,0,A
12822,1,1,N
12823,1,1,N
12824,0,0,A
12825,0,0,A
12826,1,1,N
12827,1,1,N
12828,0,0,A
12829,1,1,N
12830,0,0,A
12831,1,1,N
12832,1,1,N
12833,0,0,A
12834,1,1,N
12835,0,0,A
12836,1,1,N
12837,1,1,N
12838,1,1,N
12839,0,0,A
12840,1,1,N
12841,1,1,N
12842,0,0,A
12843,1,1,N
12844,1,1,N
12845,1,1,N
12846,1,1,N
12847,1,1,N
12848,0,0,A
12849,0,0,A
12850,0,0,A
12851,0,0,A
12852,1,1,N
12853,1,1,N
12854,0,0,A
12855,0,0,A
12856,0,0,A
12857,0,0,A
12858,1,1,N
12859,1,1,N
12860,1,1,N
12861,0,0,A
12862,1,1,N
12863,1,1,N
12864,0,0,A
12865,0,0,A
12866,0,0,A
12867,0,0,A
12868,0,0,A
12869,1,1,N
12870,0,0,A
12871,0,0,A
12872,1,1,N
12873,0,0,A
12874,1,1,N
12875,0,0,A
12876,1,1,N
12877,1,1,N
12878,1,1,N
12879,0,0,A
12880,0,0,A
12881,0,0,A
12882,0,0,A
12883,1,1,N
12884,0,0,A
12885,0,1,N
12886,1,1,N
12887,1,1,N
12888,0,0,A
12889,0,0,A
12890,0,1,N
12891,1,1,N
12892,1,1,N
12893,0,1,N
12894,1,1,N
12895,0,0,A
12896,0,0,A
12897,0,0,A
12898,1,1,N
12899,0,1,N
12900,1,1,N
12901,0,1,N
12902,0,0,A
12903,1,1,N
12904,1,1,N
12905,0,0,A
12906,1,1,N
12907,1,1,N
12908,0,1,N
12909,0,0,A
12910,1,1,N
12911,0,0,A
12912,0,0,A
12913,0,0,A
12914,1,1,N
12915,0,0,A
12916,0,0,A
12917,0,1,N
12918,1,1,N
12919,1,1,N
12920,1,1,N
12921,0,0,A
12922,0,0,A
12923,0,0,A
12924,1,1,N
12925,1,1,N
12926,0,0,A
12927,0,0,A
12928,1,1,N
12929,1,1,N
12930,0,1,N
12931,0,0,A
12932,0,0,A
12933,1,1,N
12934,0,0,A
12935,0,0,A
12936,1,1,N
12937,1,1,N
12938,1,1,N
12939,1,1,N
12940,1,1,N
12941,0,0,A
12942,1,1,N
12943,1,1,N
12944,0,0,A
12945,1,1,N
12946,1,1,N
12947,0,0,A
12948,1,1,N
12949,1,1,N
12950,1,1,N
12951,0,0,A
12952,1,1,N
12953,0,0,A
12954,1,1,N
12955,0,0,A
12956,0,1,N
12957,1,1,N
12958,0,0,A
12959,1,1,N
12960,1,1,N
12961,1,1,N
12962,1,1,N
12963,1,1,N
12964,0,0,A
12965,1,1,N
12966,1,1,N
12967,0,0,A
12968,0,0,A
12969,0,0,A
12970,1,1,N
12971,0,0,A
12972,0,0,A
12973,0,0,A
12974,1,1,N
12975,0,0,A
12976,1,1,N
12977,1,1,N
12978,1,1,N
12979,1,0,A
12980,1,1,N
12981,0,0,A
12982,1,1,N
12983,1,1,N
12984,1,1,N
12985,0,0,A
12986,0,0,A
12987,0,0,A
12988,1,1,N
12989,0,0,A
12990,0,0,A
12991,0,1,N
12992,0,0,A
12993,0,0,A
12994,1,1,N
12995,1,1,N
12996,0,0,A
12997,0,0,A
12998,1,0,A
12999,1,1,N
13000,1,1,N
13001,0,1,N
13002,0,0,A
13003,1,1,N
13004,1,1,N
13005,0,1,N
13006,1,1,N
13007,0,0,A
13008,1,1,N
13009,1,1,N
13010,0,0,A
13011,0,0,A
13012,0,0,A
13013,0,0,A
13014,0,0,A
13015,0,1,N
13016,1,1,N
13017,1,1,N
13018,0,0,A
13019,1,0,A
13020,0,0,A
13021,0,0,A
13022,0,0,A
13023,0,0,A
13024,1,1,N
13025,1,1,N
13026,1,1,N
13027,0,0,A
13028,0,0,A
13029,1,1,N
13030,1,1,N
13031,1,1,N
13032,1,1,N
13033,1,1,N
13034,0,0,A
13035,1,1,N
13036,0,0,A
13037,1,1,N
13038,1,1,N
13039,0,0,A
13040,0,0,A
13041,0,1,N
13042,0,0,A
13043,1,1,N
13044,1,1,N
13045,1,1,N
13046,1,1,N
13047,1,1,N
13048,0,0,A
13049,0,0,A
13050,1,1,N
13051,1,0,A
13052,1,1,N
13053,0,0,A
13054,0,0,A
13055,1,1,N
13056,1,1,N
13057,0,0,A
13058,1,1,N
13059,0,0,A
13060,0,0,A
13061,1,1,N
13062,1,1,N
13063,1,1,N
13064,1,1,N
13065,1,1,N
13066,0,0,A
13067,0,0,A
13068,1,1,N
13069,1,1,N
13070,1,1,N
13071,0,0,A
13072,1,0,A
13073,0,0,A
13074,1,1,N
13075,0,0,A
13076,0,0,A
13077,0,0,A
13078,1,1,N
13079,1,1,N
13080,0,1,N
13081,1,1,N
13082,1,1,N
13083,1,1,N
13084,1,1,N
13085,0,0,A
13086,1,1,N
13087,0,0,A
13088,1,1,N
13089,1,1,N
13090,1,1,N
13091,0,0,A
13092,0,0,A
13093,0,1,N
13094,1,1,N
13095,0,0,A
13096,0,0,A
13097,0,0,A
13098,1,1,N
13099,1,1,N
13100,1,1,N
13101,0,0,A
13102,0,1,N
13103,0,0,A
13104,0,0,A
13105,0,0,A
13106,1,0,A
13107,1,1,N
13108,1,1,N
13109,1,0,A
13110,1,0,A
13111,0,0,A
13112,1,1,N
13113,1,1,N
13114,1,1,N
13115,0,0,A
13116,0,1,N
13117,1,1,N
13118,1,1,N
13119,0,0,A
13120,1,1,N
13121,1,1,N
13122,1,1,N
13123,0,0,A
13124,1,1,N
13125,0,0,A
13126,1,1,N
13127,0,0,A
13128,1,1,N
13129,1,1,N
13130,1,1,N
13131,0,0,A
13132,0,0,A
13133,0,0,A
13134,0,1,N
13135,0,0,A
13136,1,1,N
13137,0,0,A
13138,1,1,N
13139,0,1,N
13140,1,1,N
13141,1,1,N
13142,0,0,A
13143,0,1,N
13144,0,0,A
13145,1,1,N
13146,0,0,A
13147,1,1,N
13148,0,0,A
13149,0,0,A
13150,0,0,A
13151,1,1,N
13152,0,0,A
13153,1,1,N
13154,1,0,A
13155,1,1,N
13156,0,0,A
13157,0,0,A
13158,0,0,A
13159,1,1,N
13160,1,1,N
13161,1,1,N
13162,0,0,A
13163,0,0,A
13164,0,0,A
13165,0,0,A
13166,1,1,N
13167,1,1,N
13168,0,0,A
13169,0,0,A
13170,0,1,N
13171,1,1,N
13172,0,0,A
13173,1,1,N
13174,1,1,N
13175,1,1,N
13176,1,1,N
13177,0,0,A
13178,1,1,N
13179,0,0,A
13180,1,1,N
13181,0,0,A
13182,0,0,A
13183,1,1,N
13184,0,0,A
13185,1,1,N
13186,1,1,N
13187,0,0,A
13188,1,1,N
13189,1,1,N
13190,1,1,N
13191,1,1,N
13192,0,1,N
13193,1,1,N
13194,1,1,N
13195,0,0,A
13196,1,1,N
13197,1,1,N
13198,1,1,N
13199,0,0,A
13200,0,0,A
13201,0,0,A
13202,0,0,A
13203,1,1,N
13204,1,0,A
13205,0,0,A
13206,0,0,A
13207,0,0,A
13208,0,0,A
13209,0,0,A
13210,1,1,N
13211,0,0,A
13212,1,1,N
13213,1,1,N
13214,1,0,A
13215,1,1,N
13216,0,0,A
13217,0,0,A
13218,0,0,A
13219,0,0,A
13220,1,1,N
13221,0,1,N
13222,1,1,N
13223,1,1,N
13224,0,0,A
13225,1,1,N
13226,0,0,A
13227,0,0,A
13228,1,1,N
13229,0,0,A
13230,1,0,A
13231,0,0,A
13232,1,1,N
13233,0,0,A
13234,1,1,N
13235,0,0,A
13236,0,0,A
13237,0,0,A
13238,0,0,A
13239,0,0,A
13240,0,0,A
13241,0,0,A
13242,0,0,A
13243,0,0,A
13244,0,0,A
13245,0,0,A
13246,0,0,A
13247,1,1,N
13248,1,1,N
13249,0,0,A
13250,1,1,N
13251,1,1,N
13252,0,0,A
13253,0,0,A
13254,1,1,N
13255,0,1,N
13256,1,1,N
13257,1,1,N
13258,0,1,N
13259,0,0,A
13260,0,0,A
13261,0,0,A
13262,0,0,A
13263,1,1,N
13264,0,0,A
13265,0,0,A
13266,0,0,A
13267,0,0,A
13268,1,1,N
13269,1,1,N
13270,1,1,N
13271,1,1,N
13272,1,1,N
13273,0,0,A
13274,1,0,A
13275,0,0,A
13276,0,0,A
13277,0,1,N
13278,0,0,A
13279,0,0,A
13280,0,0,A
13281,0,1,N
13282,0,0,A
13283,0,0,A
13284,1,1,N
13285,1,1,N
13286,0,0,A
13287,0,0,A
13288,0,0,A
13289,1,1,N
13290,1,1,N
13291,1,1,N
13292,0,1,N
13293,1,1,N
13294,0,0,A
13295,1,1,N
13296,0,0,A
13297,0,0,A
13298,0,1,N
13299,1,1,N
13300,1,1,N
13301,0,0,A
13302,0,1,N
13303,0,0,A
13304,0,0,A
13305,0,0,A
13306,0,0,A
13307,1,1,N
13308,1,1,N
13309,0,0,A
13310,1,1,N
13311,1,1,N
13312,1,1,N
13313,1,0,A
13314,1,0,A
13315,1,1,N
13316,0,0,A
13317,0,0,A
13318,0,0,A
13319,0,0,A
13320,0,0,A
13321,1,1,N
13322,1,1,N
13323,1,1,N
13324,1,1,N
13325,0,1,N
13326,0,0,A
13327,0,0,A
13328,0,0,A
13329,0,1,N
13330,1,1,N
13331,1,1,N
13332,1,1,N
13333,1,1,N
13334,1,1,N
13335,1,1,N
13336,1,1,N
13337,1,1,N
13338,1,0,A
13339,1,1,N
13340,0,0,A
13341,0,0,A
13342,1,1,N
13343,0,0,A
13344,0,0,A
13345,1,1,N
13346,0,1,N
13347,0,0,A
13348,0,0,A
13349,0,1,N
13350,1,1,N
13351,0,0,A
13352,0,0,A
13353,1,1,N
13354,1,1,N
13355,1,1,N
13356,1,1,N
13357,1,1,N
13358,0,0,A
13359,1,1,N
13360,0,0,A
13361,0,0,A
13362,0,0,A
13363,1,1,N
13364,1,1,N
13365,1,1,N
13366,1,0,A
13367,1,1,N
13368,0,0,A
13369,1,1,N
13370,1,1,N
13371,1,1,N
13372,1,1,N
13373,0,0,A
13374,0,0,A
13375,0,0,A
13376,1,1,N
13377,1,1,N
13378,1,1,N
13379,0,0,A
13380,0,0,A
13381,1,1,N
13382,1,1,N
13383,0,0,A
13384,1,0,A
13385,0,1,N
13386,1,1,N
13387,0,0,A
13388,0,0,A
13389,1,1,N
13390,1,1,N
13391,0,1,N
13392,1,0,A
13393,0,1,N
13394,1,1,N
13395,1,1,N
13396,0,0,A
13397,1,1,N
13398,0,0,A
13399,0,0,A
13400,1,1,N
13401,1,1,N
13402,0,0,A
13403,0,1,N
13404,1,1,N
13405,1,1,N
13406,1,1,N
13407,1,1,N
13408,0,0,A
13409,0,1,N
13410,1,0,A
13411,1,1,N
13412,1,1,N
13413,1,1,N
13414,0,0,A
13415,0,0,A
13416,0,0,A
13417,1,1,N
13418,1,1,N
13419,1,1,N
13420,0,0,A
13421,0,0,A
13422,1,1,N
13423,0,0,A
13424,0,0,A
13425,0,0,A
13426,0,0,A
13427,1,1,N
13428,1,1,N
13429,0,0,A
13430,0,0,A
13431,0,0,A
13432,1,1,N
13433,1,1,N
13434,1,1,N
13435,0,0,A
13436,0,0,A
13437,0,0,A
13438,0,0,A
13439,0,0,A
13440,1,1,N
13441,1,1,N
13442,0,0,A
13443,0,0,A
13444,1,1,N
13445,0,0,A
13446,1,1,N
13447,1,0,A
13448,1,1,N
13449,0,0,A
13450,1,1,N
13451,1,1,N
13452,0,1,N
13453,0,0,A
13454,0,0,A
13455,0,0,A
13456,0,0,A
13457,0,0,A
13458,0,0,A
13459,1,1,N
13460,1,1,N
13461,1,1,N
13462,0,0,A
13463,0,0,A
13464,1,1,N
13465,1,0,A
13466,1,1,N
13467,1,1,N
13468,0,0,A
13469,0,0,A
13470,1,1,N
13471,0,1,N
13472,0,0,A
13473,1,1,N
13474,1,1,N
13475,0,0,A
13476,0,0,A
13477,0,0,A
13478,1,1,N
13479,0,0,A
13480,0,0,A
13481,0,0,A
13482,1,1,N
13483,0,0,A
13484,0,0,A
13485,0,0,A
13486,0,0,A
13487,0,0,A
13488,0,0,A
13489,1,1,N
13490,1,1,N
13491,0,0,A
13492,1,1,N
13493,0,0,A
13494,0,0,A
13495,1,1,N
13496,1,1,N
13497,1,1,N
13498,0,0,A
13499,0,0,A
13500,0,0,A
13501,0,0,A
13502,0,0,A
13503,1,1,N
13504,1,1,N
13505,0,0,A
13506,0,0,A
13507,1,1,N
13508,1,1,N
13509,1,1,N
13510,0,0,A
13511,1,1,N
13512,1,1,N
13513,1,1,N
13514,1,1,N
13515,1,1,N
13516,1,1,N
13517,0,0,A
13518,0,0,A
13519,0,1,N
13520,1,1,N
13521,1,1,N
13522,0,0,A
13523,0,0,A
13524,1,1,N
13525,0,0,A
13526,0,0,A
13527,0,0,A
13528,1,1,N
13529,0,0,A
13530,0,1,N
13531,0,0,A
13532,1,1,N
13533,0,0,A
13534,1,1,N
13535,1,1,N
13536,0,0,A
13537,1,1,N
13538,0,0,A
13539,0,0,A
13540,1,1,N
13541,1,1,N
13542,1,1,N
13543,0,0,A
13544,0,0,A
13545,0,0,A
13546,0,0,A
13547,1,1,N
13548,0,0,A
13549,0,0,A
13550,0,0,A
13551,0,0,A
13552,0,0,A
13553,0,0,A
13554,1,1,N
13555,0,0,A
13556,1,1,N
13557,1,1,N
13558,0,1,N
13559,1,1,N
13560,1,1,N
13561,0,0,A
13562,0,0,A
13563,0,0,A
13564,1,1,N
13565,1,0,A
13566,1,1,N
13567,0,0,A
13568,0,0,A
13569,1,1,N
13570,1,1,N
13571,0,1,N
13572,1,1,N
13573,0,0,A
13574,1,1,N
13575,0,0,A
13576,0,0,A
13577,1,1,N
13578,1,1,N
13579,0,0,A
13580,1,1,N
13581,0,0,A
13582,0,0,A
13583,1,1,N
13584,0,0,A
13585,0,0,A
13586,1,1,N
13587,0,0,A
13588,0,0,A
13589,0,0,A
13590,0,1,N
13591,0,0,A
13592,1,1,N
13593,1,1,N
13594,1,1,N
13595,0,0,A
13596,1,1,N
13597,1,1,N
13598,1,1,N
13599,1,1,N
13600,0,0,A
13601,1,1,N
13602,0,1,N
13603,1,1,N
13604,1,1,N
13605,0,1,N
13606,1,1,N
13607,1,1,N
13608,0,0,A
13609,1,1,N
13610,0,0,A
13611,1,1,N
13612,0,0,A
13613,0,0,A
13614,1,1,N
13615,1,1,N
13616,0,1,N
13617,0,0,A
13618,1,1,N
13619,1,1,N
13620,0,1,N
13621,0,0,A
13622,1,1,N
13623,0,0,A
13624,1,1,N
13625,0,1,N
13626,1,1,N
13627,1,1,N
13628,1,1,N
13629,0,1,N
13630,0,0,A
13631,0,0,A
13632,0,0,A
13633,0,0,A
13634,0,0,A
13635,0,1,N
13636,1,0,A
13637,0,0,A
13638,1,1,N
13639,1,1,N
13640,1,1,N
13641,0,0,A
13642,1,1,N
13643,0,0,A
13644,1,1,N
13645,0,0,A
13646,0,0,A
13647,1,1,N
13648,0,0,A
13649,1,1,N
13650,1,0,A
13651,1,1,N
13652,0,0,A
13653,1,1,N
13654,1,0,A
13655,0,0,A
13656,1,1,N
13657,1,1,N
13658,1,1,N
13659,0,0,A
13660,0,0,A
13661,0,0,A
13662,0,0,A
13663,0,1,N
13664,0,0,A
13665,0,0,A
13666,1,1,N
13667,1,1,N
13668,1,1,N
13669,0,0,A
13670,1,1,N
13671,1,1,N
13672,0,0,A
13673,0,0,A
13674,0,0,A
13675,0,0,A
13676,0,1,N
13677,0,0,A
13678,1,1,N
13679,1,1,N
13680,0,0,A
13681,0,0,A
13682,1,1,N
13683,0,0,A
13684,1,1,N
13685,1,1,N
13686,0,0,A
13687,1,1,N
13688,1,1,N
13689,1,1,N
13690,1,1,N
13691,0,0,A
13692,1,1,N
13693,1,1,N
13694,0,0,A
13695,1,1,N
13696,0,0,A
13697,1,1,N
13698,0,0,A
13699,1,1,N
13700,0,0,A
13701,0,0,A
13702,0,0,A
13703,1,0,A
13704,0,0,A
13705,1,1,N
13706,1,1,N
13707,0,0,A
13708,0,0,A
13709,0,0,A
13710,1,1,N
13711,1,1,N
13712,1,1,N
13713,0,0,A
13714,1,1,N
13715,0,0,A
13716,1,1,N
13717,0,0,A
13718,0,1,N
13719,1,1,N
13720,0,0,A
13721,1,1,N
13722,0,0,A
13723,0,0,A
13724,1,1,N
13725,0,0,A
13726,1,1,N
13727,0,0,A
13728,0,0,A
13729,0,1,N
13730,0,0,A
13731,0,0,A
13732,1,1,N
13733,1,1,N
13734,0,0,A
13735,1,1,N
13736,0,0,A
13737,0,0,A
13738,1,1,N
13739,0,0,A
13740,0,0,A
13741,0,1,N
13742,0,0,A
13743,1,1,N
13744,0,0,A
13745,0,0,A
13746,0,1,N
13747,1,1,N
13748,0,0,A
13749,1,1,N
13750,0,0,A
13751,1,1,N
13752,0,0,A
13753,1,1,N
13754,0,0,A
13755,0,1,N
13756,1,1,N
13757,0,0,A
13758,0,0,A
13759,0,1,N
13760,1,1,N
13761,1,1,N
13762,1,1,N
13763,1,1,N
13764,0,0,A
13765,0,0,A
13766,1,1,N
13767,1,1,N
13768,1,1,N
13769,1,1,N
13770,1,1,N
13771,0,0,A
13772,1,1,N
13773,0,0,A
13774,0,0,A
13775,1,1,N
13776,1,0,A
13777,0,0,A
13778,1,1,N
13779,0,1,N
13780,1,1,N
13781,0,0,A
13782,1,1,N
13783,0,1,N
13784,0,0,A
13785,0,0,A
13786,0,1,N
13787,1,1,N
13788,1,1,N
13789,1,1,N
13790,1,1,N
13791,0,0,A
13792,0,1,N
13793,1,1,N
13794,0,0,A
13795,1,1,N
13796,1,1,N
13797,0,0,A
13798,0,0,A
13799,1,1,N
13800,1,1,N
13801,1,1,N
13802,0,0,A
13803,0,0,A
13804,1,1,N
13805,1,1,N
13806,0,0,A
13807,1,1,N
13808,0,0,A
13809,1,1,N
13810,0,0,A
13811,1,1,N
13812,1,1,N
13813,0,0,A
13814,1,1,N
13815,0,0,A
13816,0,1,N
13817,0,1,N
13818,1,1,N
13819,1,1,N
13820,1,1,N
13821,0,1,N
13822,0,0,A
13823,1,1,N
13824,1,0,A
13825,1,1,N
13826,1,1,N
13827,1,1,N
13828,0,0,A
13829,0,0,A
13830,0,0,A
13831,1,1,N
13832,0,0,A
13833,1,1,N
13834,1,1,N
13835,0,0,A
13836,1,1,N
13837,0,0,A
13838,0,1,N
13839,1,1,N
13840,0,0,A
13841,0,0,A
13842,0,0,A
13843,0,0,A
13844,1,1,N
13845,0,0,A
13846,0,0,A
13847,1,0,A
13848,0,0,A
13849,1,1,N
13850,1,1,N
13851,1,1,N
13852,0,0,A
13853,0,0,A
13854,1,1,N
13855,0,0,A
13856,1,1,N
13857,0,0,A
13858,0,1,N
13859,1,1,N
13860,0,0,A
13861,1,1,N
13862,1,1,N
13863,1,1,N
13864,0,0,A
13865,0,0,A
13866,0,0,A
13867,1,0,A
13868,0,0,A
13869,1,1,N
13870,1,1,N
13871,1,1,N
13872,1,1,N
13873,1,1,N
13874,1,1,N
13875,1,1,N
13876,0,0,A
13877,1,1,N
13878,0,0,A
13879,0,1,N
13880,1,1,N
13881,0,0,A
13882,0,0,A
13883,1,1,N
13884,1,1,N
13885,0,0,A
13886,0,0,A
13887,0,0,A
13888,0,0,A
13889,1,1,N
13890,0,0,A
13891,0,0,A
13892,1,1,N
13893,1,1,N
13894,0,0,A
13895,1,1,N
13896,1,1,N
13897,0,0,A
13898,0,0,A
13899,0,0,A
13900,0,0,A
13901,1,0,A
13902,1,1,N
13903,0,0,A
13904,1,1,N
13905,0,0,A
13906,0,0,A
13907,0,0,A
13908,0,1,N
13909,1,1,N
13910,1,1,N
13911,1,0,A
13912,0,0,A
13913,0,0,A
13914,0,1,N
13915,1,1,N
13916,0,0,A
13917,0,0,A
13918,0,0,A
13919,1,1,N
13920,0,0,A
13921,1,1,N
13922,1,1,N
13923,0,0,A
13924,0,0,A
13925,1,1,N
13926,0,0,A
13927,1,1,N
13928,1,1,N
13929,0,0,A
13930,0,1,N
13931,0,0,A
13932,1,1,N
13933,1,1,N
13934,1,1,N
13935,1,1,N
13936,1,1,N
13937,1,1,N
13938,1,0,A
13939,1,1,N
13940,1,1,N
13941,0,0,A
13942,1,1,N
13943,1,1,N
13944,1,1,N
13945,0,1,N
13946,1,1,N
13947,0,0,A
13948,0,0,A
13949,1,1,N
13950,1,1,N
13951,1,1,N
13952,1,1,N
13953,1,1,N
13954,1,1,N
13955,0,0,A
13956,1,1,N
13957,1,1,N
13958,0,0,A
13959,1,1,N
13960,1,1,N
13961,0,1,N
13962,0,0,A
13963,0,1,N
13964,1,1,N
13965,0,1,N
13966,0,0,A
13967,0,0,A
13968,0,0,A
13969,1,1,N
13970,0,0,A
13971,1,1,N
13972,1,1,N
13973,1,0,A
13974,0,0,A
13975,0,1,N
13976,1,1,N
13977,0,0,A
13978,1,1,N
13979,1,1,N
13980,1,1,N
13981,0,0,A
13982,1,1,N
13983,1,1,N
13984,0,0,A
13985,1,1,N
13986,1,1,N
13987,1,1,N
13988,1,1,N
13989,0,0,A
13990,1,1,N
13991,0,0,A
13992,0,0,A
13993,1,1,N
13994,1,1,N
13995,1,1,N
13996,1,1,N
13997,0,0,A
13998,1,1,N
13999,0,0,A
14000,1,1,N
14001,0,0,A
14002,0,0,A
14003,0,1,N
14004,0,0,A
14005,1,1,N
14006,0,0,A
14007,0,1,N
14008,0,1,N
14009,1,1,N
14010,0,1,N
14011,0,0,A
14012,0,0,A
14013,1,0,A
14014,1,1,N
14015,1,1,N
14016,1,1,N
14017,1,0,A
14018,1,1,N
14019,0,0,A
14020,1,1,N
14021,1,1,N
14022,0,0,A
14023,0,0,A
14024,0,0,A
14025,0,0,A
14026,1,1,N
14027,1,1,N
14028,0,0,A
14029,0,1,N
14030,1,1,N
14031,1,1,N
14032,1,0,A
14033,0,0,A
14034,1,1,N
14035,1,1,N
14036,0,0,A
14037,1,1,N
14038,1,1,N
14039,1,1,N
14040,0,1,N
14041,0,0,A
14042,0,0,A
14043,1,1,N
14044,1,1,N
14045,0,0,A
14046,0,0,A
14047,1,1,N
14048,0,0,A
14049,0,0,A
14050,1,1,N
14051,0,0,A
14052,1,1,N
14053,1,1,N
14054,0,0,A
14055,0,0,A
14056,0,1,N
14057,1,1,N
14058,1,0,A
14059,1,1,N
14060,0,0,A
14061,1,1,N
14062,0,0,A
14063,0,0,A
14064,1,1,N
14065,0,1,N
14066,0,0,A
14067,1,1,N
14068,0,0,A
14069,0,0,A
14070,0,0,A
14071,1,1,N
14072,0,0,A
14073,1,1,N
14074,0,0,A
14075,0,0,A
14076,1,1,N
14077,0,0,A
14078,1,1,N
14079,1,1,N
14080,1,1,N
14081,0,0,A
14082,0,0,A
14083,0,0,A
14084,1,0,A
14085,1,1,N
14086,1,1,N
14087,1,1,N
14088,0,0,A
14089,0,0,A
14090,0,0,A
14091,1,0,A
14092,0,0,A
14093,1,1,N
14094,0,0,A
14095,0,1,N
14096,0,0,A
14097,0,0,A
14098,0,0,A
14099,0,0,A
14100,1,1,N
14101,1,1,N
14102,1,1,N
14103,1,1,N
14104,1,1,N
14105,1,1,N
14106,0,0,A
14107,0,0,A
14108,1,1,N
14109,1,1,N
14110,1,1,N
14111,1,1,N
14112,1,1,N
14113,1,1,N
14114,0,0,A
14115,1,1,N
14116,0,0,A
14117,1,1,N
14118,1,1,N
14119,1,1,N
14120,1,1,N
14121,1,1,N
14122,1,1,N
14123,0,0,A
14124,1,1,N
14125,1,1,N
14126,1,1,N
14127,0,1,N
14128,0,0,A
14129,0,1,N
14130,0,0,A
14131,1,1,N
14132,0,1,N
14133,0,0,A
14134,0,1,N
14135,0,0,A
14136,0,0,A
14137,0,0,A
14138,1,1,N
14139,1,1,N
14140,0,0,A
14141,0,1,N
14142,0,0,A
14143,1,1,N
14144,1,1,N
14145,0,0,A
14146,0,0,A
14147,0,0,A
14148,1,1,N
14149,1,1,N
14150,1,1,N
14151,0,0,A
14152,1,1,N
14153,0,0,A
14154,0,0,A
14155,0,0,A
14156,0,0,A
14157,0,0,A
14158,0,0,A
14159,0,0,A
14160,1,1,N
14161,1,1,N
14162,0,0,A
14163,1,1,N
14164,1,1,N
14165,0,1,N
14166,1,0,A
14167,1,1,N
14168,1,1,N
14169,0,0,A
14170,0,0,A
14171,0,0,A
14172,1,1,N
14173,0,0,A
14174,0,0,A
14175,1,1,N
14176,1,1,N
14177,0,0,A
14178,1,1,N
14179,0,0,A
14180,0,1,N
14181,1,1,N
14182,0,0,A
14183,0,0,A
14184,1,1,N
14185,1,1,N
14186,0,0,A
14187,1,1,N
14188,1,1,N
14189,1,1,N
14190,1,1,N
14191,1,1,N
14192,0,0,A
14193,0,0,A
14194,1,1,N
14195,1,1,N
14196,1,1,N
14197,1,1,N
14198,1,1,N
14199,1,1,N
14200,1,0,A
14201,0,0,A
14202,0,0,A
14203,0,0,A
14204,0,0,A
14205,0,0,A
14206,1,1,N
14207,1,1,N
14208,0,1,N
14209,1,1,N
14210,0,1,N
14211,1,1,N
14212,1,1,N
14213,0,0,A
14214,1,1,N
14215,1,1,N
14216,1,1,N
14217,1,1,N
14218,0,0,A
14219,1,1,N
14220,0,0,A
14221,1,1,N
14222,1,1,N
14223,1,1,N
14224,1,1,N
14225,0,0,A
14226,1,1,N
14227,0,0,A
14228,1,1,N
14229,1,1,N
14230,1,1,N
14231,0,1,N
14232,0,0,A
14233,0,0,A
14234,1,1,N
14235,1,1,N
14236,1,1,N
14237,0,0,A
14238,0,0,A
14239,0,0,A
14240,0,0,A
14241,0,0,A
14242,0,0,A
14243,1,1,N
14244,0,0,A
14245,0,1,N
14246,0,0,A
14247,1,0,A
14248,1,1,N
14249,0,1,N
14250,0,0,A
14251,1,1,N
14252,0,0,A
14253,1,1,N
14254,0,0,A
14255,1,1,N
14256,1,0,A
14257,0,1,N
14258,0,1,N
14259,0,0,A
14260,0,0,A
14261,1,1,N
14262,1,1,N
14263,0,0,A
14264,1,1,N
14265,1,1,N
14266,0,0,A
14267,1,1,N
14268,1,1,N
14269,0,0,A
14270,0,0,A
14271,0,0,A
14272,0,0,A
14273,0,0,A
14274,0,0,A
14275,1,1,N
14276,1,1,N
14277,1,1,N
14278,0,1,N
14279,1,1,N
14280,0,1,N
14281,1,1,N
14282,1,1,N
14283,0,0,A
14284,1,1,N
14285,0,0,A
14286,0,0,A
14287,1,1,N
14288,0,0,A
14289,1,1,N
14290,1,1,N
14291,1,1,N
14292,0,0,A
14293,0,0,A
14294,1,1,N
14295,1,1,N
14296,1,1,N
14297,1,1,N
14298,1,1,N
14299,1,1,N
14300,1,1,N
14301,0,0,A
14302,0,0,A
14303,1,1,N
14304,1,1,N
14305,1,1,N
14306,1,1,N
14307,1,1,N
14308,0,1,N
14309,0,0,A
14310,1,1,N
14311,0,1,N
14312,1,1,N
14313,1,1,N
14314,0,0,A
14315,0,0,A
14316,0,0,A
14317,1,1,N
14318,1,1,N
14319,0,0,A
14320,0,0,A
14321,1,1,N
14322,1,0,A
14323,0,0,A
14324,0,0,A
14325,0,0,A
14326,1,1,N
14327,1,1,N
14328,1,1,N
14329,1,1,N
14330,1,1,N
14331,0,0,A
14332,1,1,N
14333,1,1,N
14334,1,1,N
14335,1,0,A
14336,0,0,A
14337,1,1,N
14338,1,1,N
14339,0,0,A
14340,0,0,A
14341,0,0,A
14342,0,0,A
14343,1,1,N
14344,1,1,N
14345,1,1,N
14346,1,1,N
14347,1,1,N
14348,1,1,N
14349,0,0,A
14350,1,1,N
14351,1,1,N
14352,1,1,N
14353,0,0,A
14354,0,0,A
14355,1,1,N
14356,1,1,N
14357,1,1,N
14358,0,0,A
14359,0,0,A
14360,1,1,N
14361,1,1,N
14362,1,1,N
14363,1,1,N
14364,1,1,N
14365,0,0,A
14366,1,1,N
14367,1,1,N
14368,0,0,A
14369,0,0,A
14370,1,1,N
14371,0,0,A
14372,0,0,A
14373,1,1,N
14374,0,1,N
14375,1,1,N
14376,1,1,N
14377,0,0,A
14378,0,0,A
14379,0,0,A
14380,0,0,A
14381,0,0,A
14382,1,1,N
14383,0,1,N
14384,1,1,N
14385,0,0,A
14386,0,0,A
14387,1,1,N
14388,1,0,A
14389,0,0,A
14390,1,1,N
14391,1,0,A
14392,1,1,N
14393,1,1,N
14394,0,0,A
14395,1,1,N
14396,1,1,N
14397,1,0,A
14398,1,1,N
14399,1,1,N
14400,1,1,N
14401,0,0,A
14402,1,1,N
14403,1,1,N
14404,0,0,A
14405,0,0,A
14406,1,1,N
14407,0,0,A
14408,0,0,A
14409,1,1,N
14410,1,1,N
14411,0,0,A
14412,0,0,A
14413,1,1,N
14414,0,0,A
14415,0,0,A
14416,0,0,A
14417,1,1,N
14418,1,1,N
14419,0,0,A
14420,0,0,A
14421,1,1,N
14422,0,0,A
14423,0,0,A
14424,1,1,N
14425,1,1,N
14426,1,1,N
14427,0,0,A
14428,1,1,N
14429,0,0,A
14430,1,1,N
14431,1,1,N
14432,0,0,A
14433,0,0,A
14434,1,1,N
14435,0,0,A
14436,0,1,N
14437,1,1,N
14438,1,1,N
14439,1,1,N
14440,0,0,A
14441,1,1,N
14442,1,1,N
14443,1,1,N
14444,0,0,A
14445,0,0,A
14446,0,0,A
14447,1,1,N
14448,1,1,N
14449,1,1,N
14450,0,1,N
14451,0,0,A
14452,1,1,N
14453,0,0,A
14454,0,0,A
14455,0,0,A
14456,0,0,A
14457,0,0,A
14458,1,1,N
14459,0,0,A
14460,0,0,A
14461,1,1,N
14462,0,0,A
14463,1,1,N
14464,0,0,A
14465,0,0,A
14466,0,1,N
14467,1,1,N
14468,1,1,N
14469,1,1,N
14470,1,1,N
14471,1,1,N
14472,1,1,N
14473,1,1,N
14474,0,0,A
14475,1,1,N
14476,0,0,A
14477,1,1,N
14478,0,1,N
14479,1,1,N
14480,1,1,N
14481,1,1,N
14482,0,0,A
14483,1,1,N
14484,1,1,N
14485,0,1,N
14486,1,1,N
14487,0,0,A
14488,1,1,N
14489,1,1,N
14490,1,1,N
14491,1,1,N
14492,0,0,A
14493,1,1,N
14494,0,1,N
14495,1,1,N
14496,0,0,A
14497,0,0,A
14498,0,0,A
14499,0,0,A
14500,0,0,A
14501,1,1,N
14502,0,0,A
14503,0,0,A
14504,0,0,A
14505,0,0,A
14506,1,1,N
14507,0,0,A
14508,0,0,A
14509,0,0,A
14510,0,0,A
14511,0,0,A
14512,0,0,A
14513,0,0,A
14514,1,1,N
14515,0,0,A
14516,1,1,N
14517,0,0,A
14518,1,1,N
14519,1,1,N
14520,1,1,N
14521,1,1,N
14522,1,1,N
14523,0,0,A
14524,1,0,A
14525,1,1,N
14526,1,1,N
14527,1,1,N
14528,1,1,N
14529,0,0,A
14530,1,1,N
14531,1,1,N
14532,0,0,A
14533,1,1,N
14534,1,1,N
14535,0,0,A
14536,0,0,A
14537,1,1,N
14538,0,0,A
14539,0,0,A
14540,1,1,N
14541,0,0,A
14542,1,0,A
14543,0,1,N
14544,0,0,A
14545,0,0,A
14546,0,0,A
14547,0,0,A
14548,1,1,N
14549,0,0,A
14550,1,1,N
14551,1,1,N
14552,0,0,A
14553,0,1,N
14554,1,1,N
14555,0,0,A
14556,0,0,A
14557,1,1,N
14558,0,0,A
14559,0,0,A
14560,1,1,N
14561,0,0,A
14562,0,0,A
14563,0,0,A
14564,0,0,A
14565,0,0,A
14566,0,0,A
14567,0,0,A
14568,0,0,A
14569,1,1,N
14570,0,1,N
14571,1,1,N
14572,1,1,N
14573,0,0,A
14574,0,1,N
14575,1,0,A
14576,0,0,A
14577,1,1,N
14578,1,1,N
14579,0,0,A
14580,1,1,N
14581,0,1,N
14582,0,0,A
14583,1,1,N
14584,1,1,N
14585,1,1,N
14586,1,1,N
14587,0,0,A
14588,1,1,N
14589,0,0,A
14590,1,1,N
14591,0,0,A
14592,1,1,N
14593,0,0,A
14594,1,1,N
14595,1,1,N
14596,0,0,A
14597,1,1,N
14598,0,0,A
14599,0,0,A
14600,1,1,N
14601,0,0,A
14602,1,1,N
14603,1,1,N
14604,0,0,A
14605,0,0,A
14606,1,1,N
14607,0,0,A
14608,1,1,N
14609,0,0,A
14610,0,0,A
14611,0,0,A
14612,1,1,N
14613,1,0,A
14614,0,0,A
14615,1,1,N
14616,0,0,A
14617,1,1,N
14618,0,0,A
14619,1,1,N
14620,1,1,N
14621,0,0,A
14622,1,1,N
14623,1,1,N
14624,0,0,A
14625,1,1,N
14626,0,0,A
14627,1,1,N
14628,1,1,N
14629,1,1,N
14630,0,1,N
14631,0,0,A
14632,1,1,N
14633,0,0,A
14634,0,0,A
14635,1,1,N
14636,0,0,A
14637,0,0,A
14638,1,1,N
14639,1,1,N
14640,0,0,A
14641,0,0,A
14642,0,0,A
14643,0,0,A
14644,1,1,N
14645,0,0,A
14646,1,1,N
14647,0,0,A
14648,0,0,A
14649,0,0,A
14650,0,0,A
14651,0,1,N
14652,0,0,A
14653,0,0,A
14654,1,1,N
14655,0,0,A
14656,0,0,A
14657,1,1,N
14658,0,0,A
14659,0,0,A
14660,1,1,N
14661,0,0,A
14662,0,0,A
14663,0,0,A
14664,1,1,N
14665,1,1,N
14666,1,1,N
14667,1,1,N
14668,0,0,A
14669,0,0,A
14670,0,0,A
14671,0,0,A
14672,1,1,N
14673,0,0,A
14674,1,1,N
14675,0,0,A
14676,0,0,A
14677,0,0,A
14678,1,1,N
14679,1,1,N
14680,0,0,A
14681,1,1,N
14682,1,1,N
14683,0,0,A
14684,1,1,N
14685,1,1,N
14686,1,1,N
14687,0,0,A
14688,0,0,A
14689,1,1,N
14690,0,0,A
14691,1,1,N
14692,1,1,N
14693,0,0,A
14694,1,1,N
14695,1,1,N
14696,0,0,A
14697,1,1,N
14698,1,1,N
14699,0,0,A
14700,0,0,A
14701,1,1,N
14702,0,0,A
14703,1,1,N
14704,1,1,N
14705,1,1,N
14706,0,0,A
14707,0,1,N
14708,1,1,N
14709,0,0,A
14710,1,1,N
14711,1,0,A
14712,1,1,N
14713,0,0,A
14714,1,1,N
14715,1,1,N
14716,1,1,N
14717,0,1,N
14718,1,1,N
14719,0,0,A
14720,0,0,A
14721,0,0,A
14722,1,1,N
14723,1,1,N
14724,0,1,N
14725,0,1,N
14726,0,0,A
14727,0,0,A
14728,0,0,A
14729,1,1,N
14730,1,1,N
14731,1,1,N
14732,0,0,A
14733,0,0,A
14734,0,0,A
14735,1,1,N
14736,1,1,N
14737,1,1,N
14738,1,1,N
14739,1,1,N
14740,1,1,N
14741,0,1,N
14742,1,1,N
14743,0,0,A
14744,0,0,A
14745,1,0,A
14746,0,0,A
14747,1,1,N
14748,0,0,A
14749,0,0,A
14750,0,0,A
14751,1,1,N
14752,0,0,A
14753,0,0,A
14754,0,0,A
14755,0,0,A
14756,0,0,A
14757,1,1,N
14758,0,0,A
14759,1,1,N
14760,0,0,A
14761,0,0,A
14762,1,1,N
14763,0,1,N
14764,1,1,N
14765,1,1,N
14766,0,0,A
14767,1,1,N
14768,0,0,A
14769,1,1,N
14770,1,1,N
14771,0,0,A
14772,0,0,A
14773,1,1,N
14774,1,1,N
14775,0,0,A
14776,0,0,A
14777,1,1,N
14778,0,0,A
14779,1,1,N
14780,0,0,A
14781,1,1,N
14782,1,1,N
14783,1,1,N
14784,0,0,A
14785,0,0,A
14786,1,1,N
14787,1,1,N
14788,0,0,A
14789,0,0,A
14790,0,1,N
14791,1,1,N
14792,1,1,N
14793,1,1,N
14794,0,0,A
14795,1,1,N
14796,0,0,A
14797,1,1,N
14798,1,1,N
14799,0,0,A
14800,0,0,A
14801,1,1,N
14802,1,1,N
14803,0,0,A
14804,1,1,N
14805,1,1,N
14806,0,0,A
14807,0,0,A
14808,1,1,N
14809,0,0,A
14810,1,1,N
14811,1,1,N
14812,0,1,N
14813,0,0,A
14814,0,0,A
14815,1,1,N
14816,0,0,A
14817,1,1,N
14818,1,0,A
14819,1,1,N
14820,0,0,A
14821,0,0,A
14822,0,0,A
14823,0,0,A
14824,0,0,A
14825,0,0,A
14826,1,1,N
14827,1,1,N
14828,1,1,N
14829,0,0,A
14830,0,0,A
14831,0,0,A
14832,0,0,A
14833,0,0,A
14834,1,1,N
14835,1,1,N
14836,1,1,N
14837,1,0,A
14838,1,1,N
14839,0,0,A
14840,0,0,A
14841,0,1,N
14842,0,0,A
14843,0,0,A
14844,1,1,N
14845,0,1,N
14846,1,1,N
14847,0,0,A
14848,0,0,A
14849,1,0,A
14850,0,1,N
14851,1,1,N
14852,1,1,N
14853,0,0,A
14854,0,0,A
14855,1,1,N
14856,0,0,A
14857,0,0,A
14858,1,1,N
14859,1,1,N
14860,0,0,A
14861,1,1,N
14862,0,1,N
14863,0,0,A
14864,1,1,N
14865,1,1,N
14866,0,0,A
14867,0,0,A
14868,0,0,A
14869,0,0,A
14870,0,0,A
14871,0,0,A
14872,0,0,A
14873,1,1,N
14874,0,0,A
14875,1,1,N
14876,1,1,N
14877,0,0,A
14878,1,1,N
14879,0,0,A
14880,0,0,A
14881,0,0,A
14882,1,1,N
14883,1,1,N
14884,0,0,A
14885,1,1,N
14886,0,0,A
14887,1,1,N
14888,0,0,A
14889,0,0,A
14890,0,0,A
14891,0,0,A
14892,0,0,A
14893,1,1,N
14894,1,1,N
14895,0,0,A
14896,0,0,A
14897,1,1,N
14898,0,1,N
14899,0,0,A
14900,1,1,N
14901,0,0,A
14902,0,0,A
14903,1,1,N
14904,0,0,A
14905,0,1,N
14906,0,0,A
14907,0,0,A
14908,0,0,A
14909,0,0,A
14910,0,1,N
14911,1,1,N
14912,0,0,A
14913,0,0,A
14914,1,1,N
14915,0,0,A
14916,1,1,N
14917,0,0,A
14918,0,0,A
14919,0,0,A
14920,0,0,A
14921,1,1,N
14922,0,0,A
14923,1,1,N
14924,0,0,A
14925,0,0,A
14926,0,0,A
14927,1,1,N
14928,0,0,A
14929,0,0,A
14930,0,0,A
14931,0,0,A
14932,0,0,A
14933,1,1,N
14934,0,1,N
14935,1,1,N
14936,1,0,A
14937,1,1,N
14938,0,0,A
14939,1,1,N
14940,0,0,A
14941,1,1,N
14942,1,1,N
14943,1,1,N
14944,0,0,A
14945,1,1,N
14946,1,1,N
14947,0,0,A
14948,0,0,A
14949,0,0,A
14950,0,0,A
14951,1,0,A
14952,1,1,N
14953,1,1,N
14954,1,1,N
14955,1,1,N
14956,1,1,N
14957,1,1,N
14958,1,1,N
14959,1,1,N
14960,0,0,A
14961,1,1,N
14962,0,0,A
14963,0,1,N
14964,0,1,N
14965,1,1,N
14966,1,1,N
14967,0,0,A
14968,1,1,N
14969,0,0,A
14970,0,0,A
14971,0,0,A
14972,0,0,A
14973,1,1,N
14974,0,0,A
14975,1,1,N
14976,1,1,N
14977,0,0,A
14978,1,1,N
14979,1,1,N
14980,0,0,A
14981,1,1,N
14982,0,0,A
14983,1,1,N
14984,1,1,N
14985,0,0,A
14986,1,1,N
14987,0,0,A
14988,0,0,A
14989,1,1,N
14990,1,1,N
14991,0,0,A
14992,0,0,A
14993,1,1,N
14994,1,1,N
14995,1,1,N
14996,1,1,N
14997,0,0,A
14998,0,0,A
14999,1,1,N
15000,0,0,A
15001,1,1,N
15002,1,1,N
15003,1,1,N
15004,0,0,A
15005,1,1,N
15006,0,0,A
15007,0,0,A
15008,1,1,N
15009,0,0,A
15010,0,0,A
15011,1,1,N
15012,0,0,A
15013,1,1,N
15014,0,0,A
15015,0,0,A
15016,0,0,A
15017,0,0,A
15018,0,0,A
15019,0,0,A
15020,0,0,A
15021,1,1,N
15022,1,1,N
15023,0,0,A
15024,1,1,N
15025,1,1,N
15026,1,1,N
15027,1,1,N
15028,0,0,A
15029,0,0,A
15030,1,1,N
15031,1,1,N
15032,1,1,N
15033,1,1,N
15034,0,0,A
15035,1,1,N
15036,1,0,A
15037,1,1,N
15038,0,0,A
15039,1,1,N
15040,0,0,A
15041,0,0,A
15042,1,1,N
15043,0,1,N
15044,1,1,N
15045,0,0,A
15046,0,0,A
15047,1,1,N
15048,0,0,A
15049,1,1,N
15050,0,0,A
15051,1,1,N
15052,1,1,N
15053,0,1,N
15054,0,0,A
15055,0,0,A
15056,1,1,N
15057,1,1,N
15058,0,0,A
15059,0,0,A
15060,0,0,A
15061,0,0,A
15062,1,1,N
15063,1,1,N
15064,0,1,N
15065,0,0,A
15066,1,1,N
15067,0,0,A
15068,1,1,N
15069,1,1,N
15070,1,1,N
15071,1,1,N
15072,1,1,N
15073,1,1,N
15074,0,0,A
15075,0,0,A
15076,0,0,A
15077,1,1,N
15078,1,1,N
15079,0,0,A
15080,1,1,N
15081,0,1,N
15082,1,1,N
15083,1,1,N
15084,1,1,N
15085,0,0,A
15086,0,0,A
15087,0,0,A
15088,0,0,A
15089,0,0,A
15090,0,0,A
15091,0,0,A
15092,0,0,A
15093,0,0,A
15094,1,1,N
15095,1,1,N
15096,0,0,A
15097,0,0,A
15098,1,1,N
15099,0,0,A
15100,1,1,N
15101,1,1,N
15102,1,1,N
15103,1,1,N
15104,0,0,A
15105,0,1,N
15106,1,1,N
15107,1,1,N
15108,1,1,N
15109,0,0,A
15110,1,1,N
15111,1,1,N
15112,1,1,N
15113,0,1,N
15114,1,1,N
15115,0,0,A
15116,0,0,A
15117,1,1,N
15118,1,1,N
15119,0,0,A
15120,1,1,N
15121,1,1,N
15122,1,1,N
15123,0,1,N
15124,1,1,N
15125,0,0,A
15126,1,1,N
15127,1,1,N
15128,1,1,N
15129,1,1,N
15130,1,1,N
15131,1,1,N
15132,1,1,N
15133,1,1,N
15134,0,0,A
15135,0,1,N
15136,1,1,N
15137,1,1,N
15138,1,1,N
15139,1,0,A
15140,0,0,A
15141,1,1,N
15142,1,1,N
15143,1,1,N
15144,1,1,N
15145,1,1,N
15146,1,1,N
15147,1,1,N
15148,0,1,N
15149,0,1,N
15150,0,0,A
15151,0,1,N
15152,0,0,A
15153,0,0,A
15154,1,1,N
15155,0,0,A
15156,1,1,N
15157,1,1,N
15158,1,1,N
15159,0,0,A
15160,0,0,A
15161,0,0,A
15162,1,1,N
15163,1,1,N
15164,0,0,A
15165,1,1,N
15166,1,1,N
15167,1,1,N
15168,0,0,A
15169,1,1,N
15170,0,0,A
15171,0,0,A
15172,1,1,N
15173,0,1,N
15174,1,1,N
15175,0,0,A
15176,1,1,N
15177,0,0,A
15178,1,1,N
15179,1,1,N
15180,1,1,N
15181,1,1,N
15182,1,1,N
15183,0,0,A
15184,1,1,N
15185,0,1,N
15186,0,0,A
15187,1,1,N
15188,0,0,A
15189,0,0,A
15190,1,1,N
15191,1,1,N
15192,0,0,A
15193,0,0,A
15194,1,1,N
15195,0,0,A
15196,1,1,N
15197,0,0,A
15198,1,1,N
15199,0,0,A
15200,1,1,N
15201,0,0,A
15202,1,1,N
15203,0,0,A
15204,1,1,N
15205,0,0,A
15206,0,0,A
15207,0,0,A
15208,1,1,N
15209,1,1,N
15210,0,0,A
15211,0,1,N
15212,0,0,A
15213,1,1,N
15214,1,1,N
15215,0,0,A
15216,0,0,A
15217,1,1,N
15218,1,1,N
15219,1,1,N
15220,1,1,N
15221,0,1,N
15222,0,0,A
15223,1,1,N
15224,1,1,N
15225,1,1,N
15226,1,1,N
15227,0,1,N
15228,0,0,A
15229,1,1,N
15230,1,1,N
15231,0,0,A
15232,0,0,A
15233,0,0,A
15234,1,1,N
15235,0,0,A
15236,1,0,A
15237,1,1,N
15238,0,0,A
15239,1,1,N
15240,0,0,A
15241,1,1,N
15242,0,0,A
15243,0,0,A
15244,1,1,N
15245,1,1,N
15246,1,1,N
15247,0,0,A
15248,1,1,N
15249,0,0,A
15250,0,0,A
15251,1,1,N
15252,0,1,N
15253,1,1,N
15254,1,1,N
15255,1,1,N
15256,0,1,N
15257,0,0,A
15258,0,0,A
15259,0,0,A
15260,0,0,A
15261,1,1,N
15262,0,0,A
15263,0,0,A
15264,1,1,N
15265,0,0,A
15266,1,1,N
15267,0,0,A
15268,1,1,N
15269,0,0,A
15270,0,0,A
15271,0,0,A
15272,1,1,N
15273,1,1,N
15274,1,1,N
15275,0,0,A
15276,0,0,A
15277,0,0,A
15278,0,0,A
15279,0,0,A
15280,0,0,A
15281,0,0,A
15282,0,0,A
15283,1,1,N
15284,1,1,N
15285,0,0,A
15286,1,1,N
15287,1,1,N
15288,0,0,A
15289,0,0,A
15290,1,1,N
15291,1,1,N
15292,0,1,N
15293,1,1,N
15294,0,0,A
15295,1,1,N
15296,1,1,N
15297,0,0,A
15298,1,1,N
15299,0,0,A
15300,1,1,N
15301,1,1,N
15302,1,1,N
15303,1,1,N
15304,1,1,N
15305,0,1,N
15306,1,1,N
15307,1,1,N
15308,0,0,A
15309,0,0,A
15310,0,1,N
15311,1,1,N
15312,0,0,A
15313,1,1,N
15314,0,0,A
15315,1,1,N
15316,0,0,A
15317,0,0,A
15318,1,1,N
15319,0,0,A
15320,0,0,A
15321,0,0,A
15322,0,1,N
15323,0,0,A
15324,0,1,N
15325,0,0,A
15326,0,0,A
15327,0,0,A
15328,0,0,A
15329,1,1,N
15330,1,1,N
15331,0,0,A
15332,0,0,A
15333,0,0,A
15334,1,1,N
15335,1,1,N
15336,0,0,A
15337,0,0,A
15338,1,1,N
15339,0,0,A
15340,1,1,N
15341,1,1,N
15342,1,1,N
15343,1,1,N
15344,0,1,N
15345,1,1,N
15346,0,0,A
15347,1,1,N
15348,1,1,N
15349,1,1,N
15350,1,1,N
15351,1,1,N
15352,1,1,N
15353,1,0,A
15354,1,1,N
15355,1,1,N
15356,1,1,N
15357,1,1,N
15358,0,0,A
15359,1,1,N
15360,1,1,N
15361,0,0,A
15362,0,0,A
15363,0,0,A
15364,1,1,N
15365,1,1,N
15366,1,1,N
15367,1,1,N
15368,1,1,N
15369,0,1,N
15370,0,0,A
15371,0,0,A
15372,1,1,N
15373,0,0,A
15374,1,1,N
15375,1,1,N
15376,0,0,A
15377,0,0,A
15378,0,0,A
15379,1,0,A
15380,0,0,A
15381,1,1,N
15382,1,1,N
15383,0,0,A
15384,1,1,N
15385,1,1,N
15386,1,1,N
15387,0,0,A
15388,1,1,N
15389,1,1,N
15390,0,0,A
15391,0,0,A
15392,1,1,N
15393,1,1,N
15394,1,1,N
15395,1,1,N
15396,1,1,N
15397,0,0,A
15398,1,1,N
15399,0,0,A
15400,1,1,N
15401,0,0,A
15402,1,1,N
15403,0,0,A
15404,1,1,N
15405,1,1,N
15406,0,0,A
15407,0,0,A
15408,1,1,N
15409,1,1,N
15410,1,1,N
15411,1,1,N
15412,0,0,A
15413,1,1,N
15414,1,1,N
15415,0,1,N
15416,1,0,A
15417,1,1,N
15418,0,0,A
15419,1,1,N
15420,1,1,N
15421,0,0,A
15422,1,1,N
15423,0,0,A
15424,1,1,N
15425,0,0,A
15426,0,1,N
15427,1,1,N
15428,0,0,A
15429,0,0,A
15430,1,1,N
15431,1,1,N
15432,0,0,A
15433,1,1,N
15434,0,1,N
15435,0,1,N
15436,1,1,N
15437,0,0,A
15438,0,1,N
15439,0,0,A
15440,0,0,A
15441,1,1,N
15442,1,1,N
15443,1,1,N
15444,1,1,N
15445,0,0,A
15446,1,1,N
15447,1,1,N
15448,1,1,N
15449,0,0,A
15450,1,1,N
15451,0,0,A
15452,1,1,N
15453,0,0,A
15454,0,0,A
15455,1,1,N
15456,0,0,A
15457,0,0,A
15458,0,0,A
15459,1,1,N
15460,1,1,N
15461,0,0,A
15462,0,0,A
15463,1,1,N
15464,0,0,A
15465,1,1,N
15466,0,0,A
15467,1,1,N
15468,1,1,N
15469,1,1,N
15470,1,1,N
15471,1,1,N
15472,1,1,N
15473,0,0,A
15474,1,1,N
15475,1,0,A
15476,0,0,A
15477,1,1,N
15478,1,1,N
15479,0,1,N
15480,1,1,N
15481,0,0,A
15482,1,1,N
15483,1,1,N
15484,1,1,N
15485,0,0,A
15486,1,1,N
15487,0,0,A
15488,1,1,N
15489,1,1,N
15490,1,1,N
15491,0,0,A
15492,1,1,N
15493,1,1,N
15494,0,0,A
15495,0,0,A
15496,1,1,N
15497,0,1,N
15498,0,0,A
15499,1,1,N
15500,0,0,A
15501,1,0,A
15502,1,1,N
15503,0,0,A
15504,1,1,N
15505,1,1,N
15506,0,0,A
15507,1,1,N
15508,1,1,N
15509,1,1,N
15510,1,1,N
15511,1,1,N
15512,0,0,A
15513,0,0,A
15514,1,1,N
15515,0,1,N
15516,0,0,A
15517,0,1,N
15518,0,0,A
15519,1,1,N
15520,0,0,A
15521,0,0,A
15522,0,0,A
15523,1,1,N
15524,1,0,A
15525,1,1,N
15526,0,1,N
15527,0,0,A
15528,1,1,N
15529,1,1,N
15530,1,1,N
15531,1,1,N
15532,1,1,N
15533,0,1,N
15534,1,1,N
15535,0,0,A
15536,1,1,N
15537,0,0,A
15538,1,1,N
15539,1,1,N
15540,1,1,N
15541,1,1,N
15542,1,1,N
15543,0,0,A
15544,0,0,A
15545,1,1,N
15546,0,0,A
15547,1,0,A
15548,1,0,A
15549,0,0,A
15550,0,0,A
15551,1,1,N
15552,1,1,N
15553,1,1,N
15554,1,1,N
15555,1,1,N
15556,0,0,A
15557,1,0,A
15558,0,0,A
15559,1,1,N
15560,0,0,A
15561,0,0,A
15562,0,0,A
15563,1,1,N
15564,1,1,N
15565,1,1,N
15566,1,1,N
15567,0,0,A
15568,1,0,A
15569,0,0,A
15570,1,1,N
15571,1,0,A
15572,1,1,N
15573,0,0,A
15574,0,0,A
15575,0,0,A
15576,1,1,N
15577,0,0,A
15578,1,1,N
15579,0,0,A
15580,1,1,N
15581,0,0,A
15582,0,0,A
15583,0,0,A
15584,1,1,N
15585,1,1,N
15586,1,1,N
15587,1,1,N
15588,0,0,A
15589,0,0,A
15590,0,0,A
15591,1,1,N
15592,0,1,N
15593,1,1,N
15594,0,0,A
15595,0,0,A
15596,0,0,A
15597,0,1,N
15598,0,0,A
15599,0,1,N
15600,0,1,N
15601,0,0,A
15602,0,1,N
15603,1,1,N
15604,0,0,A
15605,0,0,A
15606,0,0,A
15607,0,1,N
15608,0,0,A
15609,0,0,A
15610,1,1,N
15611,0,0,A
15612,0,0,A
15613,1,1,N
15614,1,1,N
15615,1,1,N
15616,0,0,A
15617,1,1,N
15618,1,1,N
15619,1,1,N
15620,0,0,A
15621,1,1,N
15622,0,0,A
15623,1,1,N
15624,1,1,N
15625,1,1,N
15626,1,1,N
15627,1,1,N
15628,1,1,N
15629,0,0,A
15630,1,1,N
15631,0,0,A
15632,0,0,A
15633,0,0,A
15634,1,1,N
15635,1,1,N
15636,1,1,N
15637,0,0,A
15638,0,0,A
15639,0,0,A
15640,0,0,A
15641,1,1,N
15642,1,1,N
15643,1,1,N
15644,0,0,A
15645,0,0,A
15646,1,1,N
15647,1,1,N
15648,1,1,N
15649,0,0,A
15650,1,1,N
15651,1,1,N
15652,0,1,N
15653,0,0,A
15654,0,0,A
15655,0,0,A
15656,0,0,A
15657,1,1,N
15658,0,0,A
15659,0,0,A
15660,1,1,N
15661,0,0,A
15662,0,0,A
15663,1,1,N
15664,1,1,N
15665,1,1,N
15666,0,0,A
15667,0,0,A
15668,1,1,N
15669,1,1,N
15670,1,1,N
15671,1,1,N
15672,0,0,A
15673,0,0,A
15674,0,0,A
15675,0,1,N
15676,0,0,A
15677,0,0,A
15678,1,1,N
15679,0,1,N
15680,1,1,N
15681,1,1,N
15682,1,1,N
15683,0,0,A
15684,0,0,A
15685,0,0,A
15686,0,0,A
15687,0,0,A
15688,0,0,A
15689,1,1,N
15690,1,1,N
15691,1,1,N
15692,0,0,A
15693,0,0,A
15694,1,1,N
15695,1,0,A
15696,1,1,N
15697,1,1,N
15698,1,1,N
15699,0,0,A
15700,1,1,N
15701,1,1,N
15702,0,0,A
15703,0,0,A
15704,1,1,N
15705,0,0,A
15706,1,1,N
15707,1,1,N
15708,1,0,A
15709,0,0,A
15710,0,0,A
15711,0,0,A
15712,0,0,A
15713,0,1,N
15714,0,0,A
15715,1,1,N
15716,1,1,N
15717,0,0,A
15718,0,0,A
15719,0,0,A
15720,0,1,N
15721,0,1,N
15722,1,1,N
15723,1,1,N
15724,1,1,N
15725,1,1,N
15726,0,0,A
15727,0,0,A
15728,1,1,N
15729,0,0,A
15730,1,0,A
15731,1,1,N
15732,1,1,N
15733,1,1,N
15734,0,1,N
15735,1,1,N
15736,0,0,A
15737,1,1,N
15738,0,0,A
15739,0,0,A
15740,0,1,N
15741,0,0,A
15742,1,1,N
15743,1,1,N
15744,0,0,A
15745,1,1,N
15746,0,0,A
15747,0,0,A
15748,0,0,A
15749,1,1,N
15750,1,1,N
15751,1,1,N
15752,1,1,N
15753,0,0,A
15754,1,1,N
15755,0,0,A
15756,0,0,A
15757,0,1,N
15758,0,0,A
15759,1,1,N
15760,0,0,A
15761,0,0,A
15762,1,1,N
15763,1,1,N
15764,1,1,N
15765,1,1,N
15766,1,1,N
15767,1,1,N
15768,0,1,N
15769,1,1,N
15770,0,0,A
15771,1,0,A
15772,1,1,N
15773,1,1,N
15774,0,0,A
15775,0,0,A
15776,0,0,A
15777,1,1,N
15778,1,1,N
15779,1,1,N
15780,1,1,N
15781,1,1,N
15782,1,1,N
15783,0,1,N
15784,1,1,N
15785,0,0,A
15786,1,1,N
15787,1,1,N
15788,1,1,N
15789,1,1,N
15790,0,1,N
15791,0,0,A
15792,1,1,N
15793,0,0,A
15794,1,1,N
15795,1,0,A
15796,1,1,N
15797,1,1,N
15798,0,0,A
15799,0,0,A
15800,0,1,N
15801,1,1,N
15802,1,1,N
15803,0,0,A
15804,0,0,A
15805,1,1,N
15806,0,0,A
15807,1,1,N
15808,1,1,N
15809,1,1,N
15810,0,1,N
15811,1,1,N
15812,1,1,N
15813,0,1,N
15814,1,1,N
15815,1,1,N
15816,1,1,N
15817,0,1,N
15818,1,1,N
15819,0,0,A
15820,1,1,N
15821,0,0,A
15822,0,0,A
15823,1,1,N
15824,1,1,N
15825,0,0,A
15826,0,0,A
15827,0,0,A
15828,0,0,A
15829,0,0,A
15830,1,1,N
15831,1,1,N
15832,1,1,N
15833,0,0,A
15834,0,1,N
15835,0,0,A
15836,1,1,N
15837,1,1,N
15838,0,0,A
15839,1,1,N
15840,1,1,N
15841,0,0,A
15842,1,1,N
15843,1,1,N
15844,1,1,N
15845,0,0,A
15846,0,0,A
15847,0,0,A
15848,1,1,N
15849,1,1,N
15850,1,1,N
15851,1,1,N
15852,0,0,A
15853,0,0,A
15854,0,0,A
15855,1,1,N
15856,0,0,A
15857,1,1,N
15858,1,1,N
15859,1,1,N
15860,1,1,N
15861,1,1,N
15862,0,0,A
15863,1,1,N
15864,1,1,N
15865,1,1,N
15866,0,0,A
15867,1,1,N
15868,0,0,A
15869,1,1,N
15870,0,0,A
15871,1,0,A
15872,1,0,A
15873,0,0,A
15874,0,0,A
15875,1,1,N
15876,1,1,N
15877,1,1,N
15878,0,1,N
15879,0,1,N
15880,1,1,N
15881,1,1,N
15882,1,1,N
15883,1,1,N
15884,0,0,A
15885,0,1,N
15886,0,0,A
15887,1,1,N
15888,0,0,A
15889,0,0,A
15890,0,0,A
15891,1,1,N
15892,1,1,N
15893,0,0,A
15894,1,1,N
15895,1,1,N
15896,1,1,N
15897,0,0,A
15898,0,0,A
15899,0,0,A
15900,1,1,N
15901,0,0,A
15902,1,0,A
15903,0,1,N
15904,1,1,N
15905,1,1,N
15906,1,1,N
15907,0,0,A
15908,0,0,A
15909,0,0,A
15910,1,1,N
15911,0,0,A
15912,1,1,N
15913,1,1,N
15914,0,0,A
15915,1,1,N
15916,0,0,A
15917,0,0,A
15918,1,1,N
15919,1,1,N
15920,0,0,A
15921,1,1,N
15922,1,1,N
15923,0,0,A
15924,1,1,N
15925,0,0,A
15926,1,1,N
15927,0,0,A
15928,0,0,A
15929,1,1,N
15930,0,0,A
15931,0,0,A
15932,0,0,A
15933,0,0,A
15934,1,1,N
15935,0,0,A
15936,0,0,A
15937,0,0,A
15938,0,0,A
15939,0,0,A
15940,0,0,A
15941,0,0,A
15942,0,0,A
15943,1,1,N
15944,1,1,N
15945,0,0,A
15946,0,0,A
15947,0,0,A
15948,0,0,A
15949,0,0,A
15950,0,0,A
15951,1,1,N
15952,1,1,N
15953,1,1,N
15954,1,1,N
15955,0,0,A
15956,0,0,A
15957,1,1,N
15958,0,0,A
15959,0,0,A
15960,1,0,A
15961,0,0,A
15962,1,1,N
15963,0,0,A
15964,1,1,N
15965,1,1,N
15966,1,1,N
15967,1,1,N
15968,0,0,A
15969,0,0,A
15970,1,1,N
15971,1,1,N
15972,0,1,N
15973,1,1,N
15974,1,1,N
15975,0,0,A
15976,0,0,A
15977,0,0,A
15978,1,1,N
15979,0,0,A
15980,1,0,A
15981,0,0,A
15982,1,1,N
15983,1,0,A
15984,1,1,N
15985,1,1,N
15986,1,0,A
15987,0,0,A
15988,1,1,N
15989,1,1,N
15990,1,0,A
15991,0,0,A
15992,0,0,A
15993,0,0,A
15994,0,1,N
15995,1,1,N
15996,0,0,A
15997,1,1,N
15998,0,0,A
15999,0,0,A
16000,1,1,N
16001,0,0,A
16002,0,1,N
16003,0,0,A
16004,0,0,A
16005,1,0,A
16006,0,0,A
16007,1,1,N
16008,1,1,N
16009,0,0,A
16010,1,1,N
16011,0,0,A
16012,1,1,N
16013,1,1,N
16014,0,0,A
16015,1,1,N
16016,1,1,N
16017,1,0,A
16018,0,1,N
16019,0,0,A
16020,0,0,A
16021,1,1,N
16022,1,1,N
16023,1,0,A
16024,0,0,A
16025,0,0,A
16026,1,0,A
16027,0,0,A
16028,1,1,N
16029,0,0,A
16030,0,0,A
16031,1,1,N
16032,0,1,N
16033,1,1,N
16034,1,1,N
16035,1,1,N
16036,0,0,A
16037,1,1,N
16038,1,1,N
16039,0,0,A
16040,0,0,A
16041,1,1,N
16042,1,1,N
16043,0,0,A
16044,0,0,A
16045,0,1,N
16046,1,1,N
16047,1,1,N
16048,0,0,A
16049,1,1,N
16050,1,1,N
16051,1,1,N
16052,1,1,N
16053,1,1,N
16054,1,1,N
16055,1,1,N
16056,0,0,A
16057,1,1,N
16058,0,0,A
16059,0,0,A
16060,0,0,A
16061,0,0,A
16062,1,1,N
16063,0,0,A
16064,0,0,A
16065,1,1,N
16066,0,0,A
16067,1,1,N
16068,0,0,A
16069,1,1,N
16070,1,1,N
16071,1,1,N
16072,1,0,A
16073,1,1,N
16074,1,1,N
16075,0,0,A
16076,1,1,N
16077,1,1,N
16078,1,1,N
16079,0,0,A
16080,0,0,A
16081,1,1,N
16082,1,1,N
16083,0,0,A
16084,0,0,A
16085,0,0,A
16086,1,1,N
16087,1,1,N
16088,0,1,N
16089,1,1,N
16090,1,1,N
16091,0,1,N
16092,1,1,N
16093,1,1,N
16094,1,1,N
16095,0,0,A
16096,0,0,A
16097,0,0,A
16098,0,0,A
16099,0,0,A
16100,0,0,A
16101,0,0,A
16102,1,1,N
16103,1,1,N
16104,0,1,N
16105,1,1,N
16106,0,0,A
16107,0,0,A
16108,1,1,N
16109,0,0,A
16110,1,1,N
16111,1,1,N
16112,1,1,N
16113,1,1,N
16114,0,1,N
16115,1,0,A
16116,1,0,A
16117,1,1,N
16118,0,0,A
16119,1,1,N
16120,1,1,N
16121,0,0,A
16122,0,0,A
16123,1,1,N
16124,0,0,A
16125,1,1,N
16126,0,0,A
16127,1,1,N
16128,1,1,N
16129,0,0,A
16130,0,0,A
16131,1,1,N
16132,1,1,N
16133,0,0,A
16134,0,0,A
16135,0,0,A
16136,0,0,A
16137,0,1,N
16138,0,0,A
16139,0,0,A
16140,0,0,A
16141,0,1,N
16142,0,0,A
16143,1,1,N
16144,1,1,N
16145,0,0,A
16146,0,0,A
16147,1,1,N
16148,1,1,N
16149,0,0,A
16150,1,1,N
16151,0,0,A
16152,1,1,N
16153,0,0,A
16154,0,0,A
16155,0,0,A
16156,0,0,A
16157,1,1,N
16158,1,0,A
16159,0,0,A
16160,0,0,A
16161,1,1,N
16162,0,0,A
16163,1,1,N
16164,0,1,N
16165,1,1,N
16166,1,1,N
16167,0,0,A
16168,0,0,A
16169,1,1,N
16170,1,1,N
16171,1,1,N
16172,0,1,N
16173,0,0,A
16174,1,1,N
16175,1,1,N
16176,0,0,A
16177,0,0,A
16178,0,0,A
16179,0,1,N
16180,0,0,A
16181,0,0,A
16182,0,0,A
16183,1,1,N
16184,1,1,N
16185,1,1,N
16186,1,1,N
16187,1,1,N
16188,1,1,N
16189,1,1,N
16190,0,0,A
16191,1,1,N
16192,0,1,N
16193,1,1,N
16194,0,0,A
16195,1,1,N
16196,0,0,A
16197,1,1,N
16198,0,0,A
16199,1,1,N
16200,1,1,N
16201,0,0,A
16202,0,0,A
16203,1,1,N
16204,1,1,N
16205,0,0,A
16206,0,0,A
16207,1,1,N
16208,1,1,N
16209,0,0,A
16210,0,0,A
16211,0,0,A
16212,0,0,A
16213,1,0,A
16214,1,1,N
16215,1,1,N
16216,0,0,A
16217,1,1,N
16218,0,0,A
16219,1,1,N
16220,1,1,N
16221,1,1,N
16222,1,1,N
16223,1,1,N
16224,1,1,N
16225,0,0,A
16226,1,1,N
16227,0,0,A
16228,1,1,N
16229,1,1,N
16230,0,0,A
16231,1,1,N
16232,1,1,N
16233,0,1,N
16234,1,1,N
16235,1,1,N
16236,1,1,N
16237,1,1,N
16238,1,0,A
16239,1,1,N
16240,0,0,A
16241,0,1,N
16242,1,1,N
16243,0,0,A
16244,1,1,N
16245,0,0,A
16246,1,1,N
16247,0,0,A
16248,1,1,N
16249,1,1,N
16250,0,0,A
16251,0,0,A
16252,1,1,N
16253,1,1,N
16254,1,1,N
16255,1,1,N
16256,0,1,N
16257,1,1,N
16258,0,0,A
16259,1,1,N
16260,1,1,N
16261,0,0,A
16262,0,1,N
16263,1,1,N
16264,0,0,A
16265,1,1,N
16266,0,1,N
16267,1,1,N
16268,0,0,A
16269,0,0,A
16270,0,0,A
16271,1,1,N
16272,0,0,A
16273,1,1,N
16274,0,0,A
16275,0,0,A
16276,1,1,N
16277,1,1,N
16278,0,0,A
16279,1,1,N
16280,0,0,A
16281,1,1,N
16282,1,1,N
16283,0,0,A
16284,0,0,A
16285,1,1,N
16286,1,0,A
16287,0,0,A
16288,1,1,N
16289,1,1,N
16290,0,1,N
16291,0,0,A
16292,1,1,N
16293,1,1,N
16294,1,1,N
16295,1,1,N
16296,1,1,N
16297,0,0,A
16298,1,1,N
16299,1,1,N
16300,0,0,A
16301,0,0,A
16302,0,0,A
16303,1,1,N
16304,0,0,A
16305,1,1,N
16306,1,1,N
16307,1,1,N
16308,1,1,N
16309,0,0,A
16310,1,1,N
16311,1,1,N
16312,1,1,N
16313,1,1,N
16314,0,0,A
16315,0,0,A
16316,1,1,N
16317,1,1,N
16318,0,0,A
16319,0,0,A
16320,0,0,A
16321,1,1,N
16322,1,1,N
16323,1,1,N
16324,0,1,N
16325,0,1,N
16326,0,0,A
16327,0,0,A
16328,1,1,N
16329,1,1,N
16330,1,1,N
16331,1,1,N
16332,0,0,A
16333,1,1,N
16334,1,1,N
16335,1,1,N
16336,1,1,N
16337,1,1,N
16338,1,1,N
16339,0,0,A
16340,1,1,N
16341,0,1,N
16342,0,0,A
16343,0,0,A
16344,0,0,A
16345,1,1,N
16346,1,1,N
16347,1,1,N
16348,0,0,A
16349,1,1,N
16350,0,0,A
16351,0,1,N
16352,1,1,N
16353,1,1,N
16354,0,0,A
16355,1,1,N
16356,0,0,A
16357,1,1,N
16358,1,1,N
16359,0,0,A
16360,0,0,A
16361,1,1,N
16362,0,0,A
16363,1,1,N
16364,0,0,A
16365,0,0,A
16366,0,0,A
16367,0,0,A
16368,0,0,A
16369,1,1,N
16370,0,1,N
16371,0,0,A
16372,1,1,N
16373,0,0,A
16374,1,1,N
16375,0,0,A
16376,0,0,A
16377,1,1,N
16378,1,1,N
16379,1,1,N
16380,1,1,N
16381,1,1,N
16382,1,1,N
16383,1,1,N
16384,1,1,N
16385,1,1,N
16386,0,0,A
16387,1,1,N
16388,1,1,N
16389,0,0,A
16390,0,0,A
16391,0,0,A
16392,1,1,N
16393,0,0,A
16394,0,0,A
16395,0,0,A
16396,1,1,N
16397,1,1,N
16398,1,1,N
16399,1,1,N
16400,1,0,A
16401,1,1,N
16402,0,0,A
16403,0,0,A
16404,1,1,N
16405,1,1,N
16406,0,0,A
16407,0,0,A
16408,0,0,A
16409,0,0,A
16410,1,1,N
16411,1,1,N
16412,0,0,A
16413,1,1,N
16414,1,1,N
16415,0,1,N
16416,1,1,N
16417,0,0,A
16418,0,0,A
16419,0,0,A
16420,1,1,N
16421,1,1,N
16422,1,1,N
16423,0,0,A
16424,0,0,A
16425,0,0,A
16426,1,1,N
16427,1,1,N
16428,1,1,N
16429,0,1,N
16430,1,1,N
16431,0,0,A
16432,0,0,A
16433,1,1,N
16434,0,1,N
16435,1,1,N
16436,1,1,N
16437,0,0,A
16438,1,1,N
16439,0,0,A
16440,0,0,A
16441,1,1,N
16442,1,1,N
16443,1,1,N
16444,0,1,N
16445,1,1,N
16446,0,0,A
16447,1,1,N
16448,1,1,N
16449,1,1,N
16450,0,0,A
16451,0,0,A
16452,0,0,A
16453,0,1,N
16454,1,1,N
16455,1,1,N
16456,1,1,N
16457,0,0,A
16458,0,1,N
16459,1,1,N
16460,0,0,A
16461,0,0,A
16462,0,0,A
16463,0,0,A
16464,1,1,N
16465,1,1,N
16466,0,0,A
16467,0,1,N
16468,0,0,A
16469,1,1,N
16470,0,0,A
16471,1,1,N
16472,1,1,N
16473,1,1,N
16474,0,0,A
16475,1,1,N
16476,0,0,A
16477,1,1,N
16478,1,1,N
16479,0,1,N
16480,1,1,N
16481,1,1,N
16482,0,0,A
16483,1,1,N
16484,1,1,N
16485,0,0,A
16486,0,0,A
16487,1,0,A
16488,0,0,A
16489,0,0,A
16490,1,1,N
16491,1,0,A
16492,0,1,N
16493,1,0,A
16494,0,0,A
16495,1,1,N
16496,1,1,N
16497,0,0,A
16498,0,0,A
16499,0,1,N
16500,1,1,N
16501,1,1,N
16502,0,0,A
16503,0,0,A
16504,0,0,A
16505,1,1,N
16506,1,1,N
16507,1,1,N
16508,1,1,N
16509,0,0,A
16510,0,1,N
16511,1,1,N
16512,0,0,A
16513,1,1,N
16514,0,0,A
16515,0,1,N
16516,0,0,A
16517,0,0,A
16518,0,0,A
16519,0,0,A
16520,0,1,N
16521,1,1,N
16522,0,0,A
16523,0,0,A
16524,0,1,N
16525,1,1,N
16526,0,0,A
16527,1,1,N
16528,1,1,N
16529,1,1,N
16530,1,1,N
16531,1,1,N
16532,1,1,N
16533,1,1,N
16534,1,1,N
16535,1,1,N
16536,1,0,A
16537,1,1,N
16538,1,1,N
16539,1,1,N
16540,1,1,N
16541,0,1,N
16542,0,0,A
16543,0,0,A
16544,0,0,A
16545,1,1,N
16546,0,0,A
16547,0,0,A
16548,1,1,N
16549,1,1,N
16550,1,1,N
16551,1,1,N
16552,0,1,N
16553,0,0,A
16554,0,0,A
16555,1,1,N
16556,0,0,A
16557,0,0,A
16558,0,0,A
16559,0,0,A
16560,1,1,N
16561,0,0,A
16562,0,0,A
16563,0,0,A
16564,1,1,N
16565,1,1,N
16566,1,1,N
16567,0,0,A
16568,0,0,A
16569,0,0,A
16570,1,1,N
16571,1,1,N
16572,0,0,A
16573,1,1,N
16574,0,0,A
16575,0,0,A
16576,0,1,N
16577,0,0,A
16578,0,0,A
16579,0,0,A
16580,1,1,N
16581,0,0,A
16582,1,1,N
16583,1,1,N
16584,1,1,N
16585,0,0,A
16586,1,1,N
16587,0,0,A
16588,0,1,N
16589,1,1,N
16590,0,1,N
16591,1,1,N
16592,0,0,A
16593,1,1,N
16594,0,0,A
16595,0,1,N
16596,0,0,A
16597,1,1,N
16598,0,0,A
16599,0,0,A
16600,1,1,N
16601,1,1,N
16602,1,1,N
16603,0,0,A
16604,0,0,A
16605,0,0,A
16606,0,1,N
16607,0,0,A
16608,0,1,N
16609,1,1,N
16610,1,1,N
16611,1,1,N
16612,0,0,A
16613,1,1,N
16614,0,1,N
16615,0,0,A
16616,1,1,N
16617,1,1,N
16618,1,1,N
16619,0,1,N
16620,1,1,N
16621,1,1,N
16622,0,0,A
16623,0,0,A
16624,0,0,A
16625,1,1,N
16626,1,1,N
16627,1,1,N
16628,1,0,A
16629,1,1,N
16630,1,1,N
16631,0,0,A
16632,0,0,A
16633,1,1,N
16634,1,1,N
16635,0,0,A
16636,0,1,N
16637,1,1,N
16638,0,0,A
16639,0,0,A
16640,1,1,N
16641,1,1,N
16642,0,0,A
16643,1,1,N
16644,1,1,N
16645,1,1,N
16646,0,0,A
16647,1,1,N
16648,1,1,N
16649,1,1,N
16650,1,1,N
16651,0,0,A
16652,0,0,A
16653,1,1,N
16654,1,1,N
16655,0,0,A
16656,0,1,N
16657,1,1,N
16658,1,1,N
16659,1,1,N
16660,1,1,N
16661,0,0,A
16662,0,0,A
16663,1,1,N
16664,0,0,A
16665,0,0,A
16666,1,1,N
16667,1,1,N
16668,0,1,N
16669,0,1,N
16670,0,1,N
16671,0,0,A
16672,1,1,N
16673,1,1,N
16674,0,0,A
16675,1,1,N
16676,0,0,A
16677,1,1,N
16678,1,1,N
16679,0,1,N
16680,1,1,N
16681,0,0,A
16682,0,0,A
16683,0,0,A
16684,1,1,N
16685,1,1,N
16686,0,0,A
16687,0,0,A
16688,1,1,N
16689,1,1,N
16690,0,0,A
16691,0,0,A
16692,0,0,A
16693,1,1,N
16694,1,1,N
16695,1,1,N
16696,0,0,A
16697,0,0,A
16698,1,1,N
16699,1,1,N
16700,0,0,A
16701,0,0,A
16702,1,1,N
16703,0,0,A
16704,1,1,N
16705,1,1,N
16706,0,0,A
16707,0,1,N
16708,1,1,N
16709,1,1,N
16710,0,0,A
16711,0,0,A
16712,0,0,A
16713,1,1,N
16714,1,1,N
16715,0,0,A
16716,0,0,A
16717,0,0,A
16718,1,1,N
16719,0,0,A
16720,0,0,A
16721,0,1,N
16722,1,1,N
16723,0,0,A
16724,1,1,N
16725,0,0,A
16726,0,0,A
16727,1,1,N
16728,1,1,N
16729,1,1,N
16730,0,0,A
16731,1,1,N
16732,1,1,N
16733,0,1,N
16734,1,1,N
16735,1,1,N
16736,0,0,A
16737,0,0,A
16738,0,0,A
16739,1,1,N
16740,0,0,A
16741,1,1,N
16742,0,0,A
16743,0,0,A
16744,1,1,N
16745,0,0,A
16746,0,0,A
16747,0,0,A
16748,0,0,A
16749,0,0,A
16750,1,1,N
16751,0,0,A
16752,0,0,A
16753,1,1,N
16754,1,1,N
16755,1,1,N
16756,0,0,A
16757,0,1,N
16758,1,1,N
16759,1,1,N
16760,1,1,N
16761,1,1,N
16762,0,0,A
16763,0,0,A
16764,0,0,A
16765,1,0,A
16766,0,0,A
16767,0,1,N
16768,1,1,N
16769,0,0,A
16770,0,1,N
16771,0,0,A
16772,1,1,N
16773,1,1,N
16774,1,1,N
16775,0,0,A
16776,1,1,N
16777,0,0,A
16778,1,1,N
16779,0,1,N
16780,1,1,N
16781,0,0,A
16782,0,1,N
16783,1,1,N
16784,1,1,N
16785,0,0,A
16786,1,1,N
16787,0,0,A
16788,1,0,A
16789,1,1,N
16790,0,0,A
16791,1,1,N
16792,1,1,N
16793,0,0,A
16794,1,1,N
16795,0,0,A
16796,1,1,N
16797,1,1,N
16798,1,1,N
16799,0,0,A
16800,0,1,N
16801,0,0,A
16802,1,1,N
16803,0,1,N
16804,0,1,N
16805,1,1,N
16806,0,0,A
16807,0,0,A
16808,0,1,N
16809,1,1,N
16810,0,0,A
16811,1,1,N
16812,0,0,A
16813,0,0,A
16814,1,1,N
16815,1,1,N
16816,1,1,N
16817,0,0,A
16818,0,0,A
16819,1,1,N
16820,0,0,A
16821,0,0,A
16822,0,0,A
16823,0,0,A
16824,0,0,A
16825,0,0,A
16826,1,1,N
16827,1,0,A
16828,1,1,N
16829,0,0,A
16830,1,1,N
16831,1,1,N
16832,1,1,N
16833,0,1,N
16834,0,0,A
16835,1,1,N
16836,1,1,N
16837,1,1,N
16838,0,0,A
16839,0,0,A
16840,1,1,N
16841,1,1,N
16842,1,1,N
16843,0,1,N
16844,0,0,A
16845,0,0,A
16846,1,1,N
16847,1,1,N
16848,0,0,A
16849,1,1,N
16850,1,1,N
16851,0,0,A
16852,1,1,N
16853,0,1,N
16854,1,1,N
16855,1,1,N
16856,1,1,N
16857,0,0,A
16858,1,1,N
16859,1,1,N
16860,0,1,N
16861,0,0,A
16862,1,1,N
16863,0,0,A
16864,1,1,N
16865,1,1,N
16866,0,0,A
16867,0,0,A
16868,1,1,N
16869,0,1,N
16870,0,0,A
16871,1,1,N
16872,1,1,N
16873,0,0,A
16874,0,0,A
16875,1,1,N
16876,0,0,A
16877,0,1,N
16878,0,0,A
16879,1,1,N
16880,0,0,A
16881,1,1,N
16882,0,0,A
16883,0,0,A
16884,1,1,N
16885,1,1,N
16886,1,1,N
16887,0,0,A
16888,1,0,A
16889,1,1,N
16890,1,1,N
16891,0,0,A
16892,0,1,N
16893,0,0,A
16894,0,0,A
16895,1,1,N
16896,0,0,A
16897,0,0,A
16898,1,1,N
16899,0,0,A
16900,0,0,A
16901,0,0,A
16902,0,0,A
16903,0,1,N
16904,1,1,N
16905,0,1,N
16906,1,1,N
16907,1,1,N
16908,0,0,A
16909,1,1,N
16910,0,0,A
16911,0,0,A
16912,0,0,A
16913,1,1,N
16914,0,0,A
16915,0,1,N
16916,0,0,A
16917,1,1,N
16918,0,0,A
16919,1,1,N
16920,1,1,N
16921,1,1,N
16922,1,1,N
16923,1,1,N
16924,0,0,A
16925,0,0,A
16926,1,1,N
16927,0,0,A
16928,0,1,N
16929,1,1,N
16930,0,1,N
16931,1,1,N
16932,0,0,A
16933,0,0,A
16934,0,0,A
16935,1,1,N
16936,0,0,A
16937,0,0,A
16938,0,0,A
16939,1,1,N
16940,1,1,N
16941,1,1,N
16942,1,1,N
16943,1,1,N
16944,1,1,N
16945,1,1,N
16946,1,1,N
16947,1,1,N
16948,0,0,A
16949,0,0,A
16950,0,0,A
16951,0,0,A
16952,0,0,A
16953,0,0,A
16954,1,1,N
16955,0,0,A
16956,0,0,A
16957,1,1,N
16958,1,1,N
16959,1,1,N
16960,1,1,N
16961,1,1,N
16962,1,1,N
16963,0,1,N
16964,0,0,A
16965,0,0,A
16966,0,0,A
16967,1,1,N
16968,0,0,A
16969,1,1,N
16970,0,0,A
16971,0,0,A
16972,1,1,N
16973,1,1,N
16974,1,1,N
16975,0,0,A
16976,1,1,N
16977,1,1,N
16978,1,1,N
16979,0,0,A
16980,1,1,N
16981,1,1,N
16982,1,1,N
16983,0,0,A
16984,1,1,N
16985,1,1,N
16986,0,0,A
16987,1,1,N
16988,1,1,N
16989,0,0,A
16990,0,0,A
16991,0,1,N
16992,0,0,A
16993,0,1,N
16994,1,1,N
16995,1,1,N
16996,0,0,A
16997,1,1,N
16998,1,1,N
16999,1,1,N
17000,0,0,A
17001,1,1,N
17002,0,0,A
17003,0,0,A
17004,0,0,A
17005,1,0,A
17006,0,0,A
17007,0,0,A
17008,1,1,N
17009,1,1,N
17010,0,0,A
17011,0,0,A
17012,0,0,A
17013,1,1,N
17014,1,1,N
17015,0,0,A
17016,0,0,A
17017,0,0,A
17018,1,1,N
17019,0,0,A
17020,0,0,A
17021,1,1,N
17022,0,0,A
17023,1,1,N
17024,1,1,N
17025,0,0,A
17026,0,0,A
17027,0,1,N
17028,0,0,A
17029,0,0,A
17030,1,1,N
17031,0,0,A
17032,0,0,A
17033,1,1,N
17034,1,1,N
17035,1,1,N
17036,0,1,N
17037,0,0,A
17038,1,1,N
17039,0,0,A
17040,0,1,N
17041,0,1,N
17042,1,0,A
17043,1,1,N
17044,1,1,N
17045,0,0,A
17046,1,1,N
17047,1,1,N
17048,1,1,N
17049,1,1,N
17050,1,0,A
17051,1,1,N
17052,0,0,A
17053,0,0,A
17054,1,1,N
17055,1,1,N
17056,0,1,N
17057,0,0,A
17058,0,0,A
17059,0,0,A
17060,0,0,A
17061,1,1,N
17062,0,0,A
17063,1,1,N
17064,1,1,N
17065,0,0,A
17066,0,0,A
17067,1,1,N
17068,1,1,N
17069,1,1,N
17070,0,1,N
17071,0,0,A
17072,1,1,N
17073,0,0,A
17074,1,1,N
17075,1,1,N
17076,1,1,N
17077,1,1,N
17078,0,0,A
17079,1,1,N
17080,1,1,N
17081,1,1,N
17082,0,0,A
17083,0,1,N
17084,1,1,N
17085,1,1,N
17086,0,0,A
17087,0,0,A
17088,0,1,N
17089,0,0,A
17090,1,1,N
17091,1,1,N
17092,1,1,N
17093,0,0,A
17094,1,1,N
17095,1,1,N
17096,1,1,N
17097,1,1,N
17098,1,1,N
17099,0,0,A
17100,1,1,N
17101,0,0,A
17102,0,0,A
17103,1,1,N
17104,1,1,N
17105,0,0,A
17106,0,0,A
17107,1,1,N
17108,1,1,N
17109,0,0,A
17110,0,0,A
17111,0,0,A
17112,1,1,N
17113,1,1,N
17114,1,1,N
17115,0,0,A
17116,0,0,A
17117,0,0,A
17118,0,0,A
17119,1,1,N
17120,0,0,A
17121,1,1,N
17122,1,1,N
17123,1,1,N
17124,1,1,N
17125,0,0,A
17126,0,0,A
17127,0,0,A
17128,0,0,A
17129,1,1,N
17130,1,1,N
17131,0,0,A
17132,0,1,N
17133,0,0,A
17134,0,0,A
17135,1,1,N
17136,1,1,N
17137,1,1,N
17138,1,1,N
17139,1,1,N
17140,1,1,N
17141,0,0,A
17142,0,0,A
17143,1,1,N
17144,1,1,N
17145,0,0,A
17146,0,0,A
17147,1,1,N
17148,0,0,A
17149,0,0,A
17150,1,1,N
17151,0,0,A
17152,1,1,N
17153,1,1,N
17154,0,0,A
17155,0,0,A
17156,0,0,A
17157,1,1,N
17158,1,1,N
17159,0,0,A
17160,1,1,N
17161,1,1,N
17162,0,0,A
17163,0,0,A
17164,0,1,N
17165,0,0,A
17166,1,1,N
17167,1,1,N
17168,0,0,A
17169,0,0,A
17170,1,1,N
17171,1,1,N
17172,1,1,N
17173,0,0,A
17174,0,0,A
17175,0,0,A
17176,0,0,A
17177,1,1,N
17178,1,1,N
17179,0,0,A
17180,0,0,A
17181,1,1,N
17182,1,1,N
17183,1,0,A
17184,1,1,N
17185,1,1,N
17186,1,1,N
17187,1,1,N
17188,1,1,N
17189,1,1,N
17190,1,1,N
17191,1,1,N
17192,1,1,N
17193,1,1,N
17194,0,0,A
17195,1,1,N
17196,1,1,N
17197,0,0,A
17198,0,0,A
17199,1,1,N
17200,0,0,A
17201,0,0,A
17202,0,0,A
17203,1,1,N
17204,0,0,A
17205,1,1,N
17206,0,0,A
17207,1,1,N
17208,1,1,N
17209,0,0,A
17210,0,0,A
17211,1,1,N
17212,0,1,N
17213,0,0,A
17214,0,1,N
17215,0,0,A
17216,0,0,A
17217,0,0,A
17218,0,1,N
17219,0,0,A
17220,0,0,A
17221,1,1,N
17222,0,0,A
17223,0,0,A
17224,1,1,N
17225,1,1,N
17226,1,1,N
17227,0,0,A
17228,0,0,A
17229,1,1,N
17230,1,1,N
17231,0,0,A
17232,0,0,A
17233,1,1,N
17234,0,0,A
17235,0,0,A
17236,0,0,A
17237,1,1,N
17238,0,0,A
17239,1,1,N
17240,0,0,A
17241,0,0,A
17242,1,1,N
17243,1,1,N
17244,0,1,N
17245,1,1,N
17246,0,1,N
17247,1,1,N
17248,1,1,N
17249,1,1,N
17250,1,1,N
17251,0,0,A
17252,1,0,A
17253,0,1,N
17254,0,1,N
17255,1,1,N
17256,1,1,N
17257,0,0,A
17258,0,0,A
17259,1,1,N
17260,0,0,A
17261,0,0,A
17262,0,0,A
17263,0,0,A
17264,0,0,A
17265,0,0,A
17266,0,0,A
17267,0,0,A
17268,1,1,N
17269,1,1,N
17270,1,1,N
17271,0,0,A
17272,1,1,N
17273,0,0,A
17274,0,1,N
17275,0,1,N
17276,1,1,N
17277,1,1,N
17278,0,1,N
17279,0,0,A
17280,0,0,A
17281,0,0,A
17282,0,0,A
17283,1,1,N
17284,0,0,A
17285,0,0,A
17286,0,1,N
17287,1,1,N
17288,0,0,A
17289,1,1,N
17290,1,1,N
17291,1,1,N
17292,1,1,N
17293,0,1,N
17294,0,0,A
17295,1,1,N
17296,1,1,N
17297,0,0,A
17298,1,1,N
17299,1,1,N
17300,1,1,N
17301,1,1,N
17302,0,0,A
17303,1,1,N
17304,0,0,A
17305,1,1,N
17306,1,1,N
17307,1,1,N
17308,0,0,A
17309,0,0,A
17310,0,0,A
17311,0,0,A
17312,1,1,N
17313,1,1,N
17314,1,1,N
17315,1,1,N
17316,1,1,N
17317,1,1,N
17318,0,0,A
17319,0,0,A
17320,1,1,N
17321,0,0,A
17322,0,0,A
17323,1,1,N
17324,0,0,A
17325,0,1,N
17326,1,1,N
17327,1,1,N
17328,0,0,A
17329,0,0,A
17330,0,0,A
17331,0,0,A
17332,0,0,A
17333,1,1,N
17334,0,0,A
17335,0,1,N
17336,0,0,A
17337,0,0,A
17338,0,0,A
17339,0,0,A
17340,1,1,N
17341,1,1,N
17342,0,1,N
17343,0,0,A
17344,1,1,N
17345,0,0,A
17346,1,1,N
17347,0,1,N
17348,1,1,N
17349,0,0,A
17350,1,1,N
17351,0,0,A
17352,0,0,A
17353,0,0,A
17354,0,0,A
17355,1,1,N
17356,0,0,A
17357,0,0,A
17358,0,0,A
17359,0,0,A
17360,1,1,N
17361,0,0,A
17362,0,1,N
17363,1,1,N
17364,0,0,A
17365,0,0,A
17366,1,0,A
17367,1,1,N
17368,1,1,N
17369,0,0,A
17370,1,1,N
17371,0,0,A
17372,1,1,N
17373,1,1,N
17374,1,1,N
17375,0,0,A
17376,0,0,A
17377,1,1,N
17378,1,1,N
17379,1,1,N
17380,1,1,N
17381,1,1,N
17382,0,0,A
17383,1,1,N
17384,0,0,A
17385,1,1,N
17386,0,0,A
17387,0,0,A
17388,1,1,N
17389,0,0,A
17390,0,0,A
17391,1,1,N
17392,1,1,N
17393,0,0,A
17394,0,0,A
17395,1,1,N
17396,0,0,A
17397,0,0,A
17398,1,1,N
17399,1,1,N
17400,1,1,N
17401,1,1,N
17402,0,0,A
17403,0,0,A
17404,1,1,N
17405,1,1,N
17406,1,1,N
17407,0,0,A
17408,0,0,A
17409,0,0,A
17410,0,0,A
17411,0,0,A
17412,0,0,A
17413,1,1,N
17414,0,0,A
17415,0,0,A
17416,0,0,A
17417,1,1,N
17418,1,1,N
17419,1,1,N
17420,0,0,A
17421,0,0,A
17422,0,0,A
17423,0,0,A
17424,0,0,A
17425,1,1,N
17426,0,0,A
17427,0,0,A
17428,0,0,A
17429,1,1,N
17430,1,1,N
17431,0,0,A
17432,1,1,N
17433,0,0,A
17434,0,0,A
17435,1,1,N
17436,0,0,A
17437,0,1,N
17438,0,0,A
17439,1,1,N
17440,0,1,N
17441,1,1,N
17442,1,1,N
17443,1,1,N
17444,1,1,N
17445,1,1,N
17446,0,1,N
17447,0,0,A
17448,0,0,A
17449,0,0,A
17450,0,0,A
17451,1,1,N
17452,0,0,A
17453,0,0,A
17454,1,1,N
17455,0,0,A
17456,0,0,A
17457,1,1,N
17458,0,0,A
17459,0,0,A
17460,0,0,A
17461,1,1,N
17462,1,1,N
17463,0,0,A
17464,0,0,A
17465,1,0,A
17466,1,1,N
17467,1,1,N
17468,0,0,A
17469,0,0,A
17470,0,0,A
17471,1,1,N
17472,0,0,A
17473,1,1,N
17474,1,1,N
17475,0,0,A
17476,1,1,N
17477,0,0,A
17478,1,1,N
17479,0,0,A
17480,0,0,A
17481,1,1,N
17482,0,0,A
17483,1,1,N
17484,0,0,A
17485,1,1,N
17486,0,1,N
17487,1,1,N
17488,1,1,N
17489,0,0,A
17490,0,0,A
17491,0,1,N
17492,1,0,A
17493,1,1,N
17494,1,1,N
17495,1,1,N
17496,0,0,A
17497,1,1,N
17498,1,1,N
17499,1,1,N
17500,1,1,N
17501,0,0,A
17502,1,1,N
17503,1,1,N
17504,0,1,N
17505,0,1,N
17506,1,1,N
17507,0,0,A
17508,1,1,N
17509,1,1,N
17510,1,1,N
17511,1,1,N
17512,1,1,N
17513,0,0,A
17514,0,1,N
17515,1,1,N
17516,0,0,A
17517,1,1,N
17518,1,1,N
17519,1,1,N
17520,0,0,A
17521,1,1,N
17522,1,1,N
17523,0,0,A
17524,0,0,A
17525,1,1,N
17526,1,1,N
17527,1,1,N
17528,1,1,N
17529,1,1,N
17530,1,1,N
17531,0,0,A
17532,1,1,N
17533,0,0,A
17534,1,1,N
17535,0,0,A
17536,0,0,A
17537,0,0,A
17538,0,0,A
17539,0,0,A
17540,0,0,A
17541,1,1,N
17542,1,1,N
17543,0,0,A
17544,1,1,N
17545,0,0,A
17546,0,0,A
17547,1,1,N
17548,0,0,A
17549,0,1,N
17550,0,0,A
17551,0,0,A
17552,0,0,A
17553,1,1,N
17554,0,1,N
17555,0,0,A
17556,1,1,N
17557,1,1,N
17558,1,1,N
17559,0,0,A
17560,1,1,N
17561,1,1,N
17562,0,0,A
17563,1,1,N
17564,1,1,N
17565,1,0,A
17566,1,0,A
17567,0,0,A
17568,0,0,A
17569,0,0,A
17570,0,0,A
17571,1,1,N
17572,1,1,N
17573,0,1,N
17574,1,1,N
17575,0,0,A
17576,0,1,N
17577,0,0,A
17578,1,1,N
17579,1,1,N
17580,0,0,A
17581,1,1,N
17582,0,1,N
17583,0,0,A
17584,1,1,N
17585,1,1,N
17586,0,0,A
17587,1,1,N
17588,1,1,N
17589,1,1,N
17590,1,1,N
17591,1,1,N
17592,0,0,A
17593,1,1,N
17594,0,0,A
17595,1,1,N
17596,0,0,A
17597,0,0,A
17598,1,1,N
17599,1,1,N
17600,0,0,A
17601,0,0,A
17602,1,1,N
17603,1,1,N
17604,0,0,A
17605,1,1,N
17606,1,1,N
17607,1,1,N
17608,1,1,N
17609,1,1,N
17610,0,1,N
17611,0,0,A
17612,0,0,A
17613,0,0,A
17614,1,1,N
17615,1,1,N
17616,0,1,N
17617,0,1,N
17618,0,0,A
17619,0,0,A
17620,0,0,A
17621,1,1,N
17622,1,1,N
17623,0,0,A
17624,0,0,A
17625,1,1,N
17626,1,1,N
17627,1,1,N
17628,1,1,N
17629,0,0,A
17630,1,1,N
17631,1,1,N
17632,1,1,N
17633,0,0,A
17634,1,1,N
17635,1,1,N
17636,0,0,A
17637,1,1,N
17638,0,0,A
17639,1,1,N
17640,1,1,N
17641,0,0,A
17642,1,1,N
17643,1,1,N
17644,1,1,N
17645,1,1,N
17646,1,1,N
17647,0,1,N
17648,0,0,A
17649,1,1,N
17650,0,0,A
17651,1,1,N
17652,1,1,N
17653,1,1,N
17654,0,0,A
17655,0,0,A
17656,1,1,N
17657,1,1,N
17658,0,1,N
17659,0,0,A
17660,1,1,N
17661,1,1,N
17662,1,1,N
17663,1,1,N
17664,1,1,N
17665,0,0,A
17666,1,1,N
17667,0,0,A
17668,1,1,N
17669,0,0,A
17670,1,1,N
17671,1,1,N
17672,0,0,A
17673,1,1,N
17674,0,0,A
17675,0,0,A
17676,0,0,A
17677,1,1,N
17678,0,1,N
17679,1,1,N
17680,0,0,A
17681,0,0,A
17682,1,1,N
17683,1,1,N
17684,0,1,N
17685,1,1,N
17686,1,1,N
17687,1,1,N
17688,1,1,N
17689,0,0,A
17690,0,0,A
17691,0,1,N
17692,0,0,A
17693,1,0,A
17694,1,1,N
17695,0,0,A
17696,1,1,N
17697,0,1,N
17698,0,1,N
17699,0,0,A
17700,1,1,N
17701,1,1,N
17702,0,0,A
17703,1,1,N
17704,0,0,A
17705,1,1,N
17706,0,0,A
17707,0,0,A
17708,1,1,N
17709,0,0,A
17710,0,0,A
17711,1,1,N
17712,0,0,A
17713,1,1,N
17714,1,1,N
17715,1,1,N
17716,1,1,N
17717,1,1,N
17718,0,0,A
17719,1,1,N
17720,0,0,A
17721,1,1,N
17722,0,0,A
17723,0,0,A
17724,0,0,A
17725,1,1,N
17726,1,1,N
17727,0,0,A
17728,0,1,N
17729,0,0,A
17730,0,0,A
17731,1,1,N
17732,1,1,N
17733,1,1,N
17734,1,1,N
17735,1,1,N
17736,0,0,A
17737,1,1,N
17738,0,0,A
17739,0,0,A
17740,0,0,A
17741,0,0,A
17742,0,0,A
17743,0,0,A
17744,1,1,N
17745,1,1,N
17746,1,1,N
17747,1,1,N
17748,1,1,N
17749,0,0,A
17750,0,0,A
17751,1,1,N
17752,0,0,A
17753,0,0,A
17754,1,1,N
17755,0,0,A
17756,0,0,A
17757,1,1,N
17758,0,0,A
17759,0,0,A
17760,0,0,A
17761,1,1,N
17762,1,1,N
17763,1,1,N
17764,0,0,A
17765,1,1,N
17766,1,1,N
17767,1,1,N
17768,0,1,N
17769,1,1,N
17770,1,1,N
17771,0,0,A
17772,1,1,N
17773,0,0,A
17774,1,1,N
17775,1,1,N
17776,1,1,N
17777,0,0,A
17778,1,1,N
17779,1,1,N
17780,1,1,N
17781,1,1,N
17782,1,1,N
17783,1,1,N
17784,1,1,N
17785,1,1,N
17786,0,0,A
17787,0,0,A
17788,0,0,A
17789,1,1,N
17790,0,0,A
17791,0,0,A
17792,0,0,A
17793,1,1,N
17794,1,1,N
17795,1,1,N
17796,1,0,A
17797,0,1,N
17798,0,0,A
17799,1,1,N
17800,1,1,N
17801,0,0,A
17802,0,0,A
17803,1,1,N
17804,0,0,A
17805,0,0,A
17806,1,1,N
17807,1,1,N
17808,1,1,N
17809,0,1,N
17810,0,0,A
17811,1,1,N
17812,0,0,A
17813,1,1,N
17814,1,1,N
17815,1,1,N
17816,0,0,A
17817,1,1,N
17818,1,1,N
17819,0,0,A
17820,1,1,N
17821,0,0,A
17822,1,1,N
17823,0,0,A
17824,1,1,N
17825,1,1,N
17826,0,0,A
17827,0,0,A
17828,0,0,A
17829,0,0,A
17830,1,1,N
17831,1,1,N
17832,1,1,N
17833,1,1,N
17834,0,0,A
17835,0,0,A
17836,1,0,A
17837,0,0,A
17838,1,1,N
17839,1,1,N
17840,0,0,A
17841,0,0,A
17842,0,1,N
17843,1,1,N
17844,0,0,A
17845,0,0,A
17846,1,1,N
17847,0,0,A
17848,1,1,N
17849,1,1,N
17850,1,1,N
17851,1,0,A
17852,1,1,N
17853,0,0,A
17854,1,1,N
17855,0,1,N
17856,0,0,A
17857,1,1,N
17858,1,1,N
17859,0,0,A
17860,1,1,N
17861,0,0,A
17862,1,1,N
17863,1,1,N
17864,0,1,N
17865,1,1,N
17866,1,1,N
17867,1,1,N
17868,1,1,N
17869,0,1,N
17870,0,0,A
17871,1,1,N
17872,0,0,A
17873,1,1,N
17874,1,1,N
17875,1,1,N
17876,1,1,N
17877,1,1,N
17878,1,1,N
17879,1,1,N
17880,0,0,A
17881,1,1,N
17882,1,1,N
17883,1,1,N
17884,0,0,A
17885,0,0,A
17886,0,1,N
17887,1,1,N
17888,0,0,A
17889,1,1,N
17890,0,0,A
17891,0,0,A
17892,1,1,N
17893,0,0,A
17894,1,1,N
17895,1,1,N
17896,1,1,N
17897,0,0,A
17898,1,1,N
17899,0,1,N
17900,1,1,N
17901,1,1,N
17902,1,1,N
17903,1,1,N
17904,1,1,N
17905,0,0,A
17906,1,1,N
17907,1,1,N
17908,1,1,N
17909,0,0,A
17910,0,0,A
17911,1,1,N
17912,1,1,N
17913,1,1,N
17914,1,1,N
17915,0,1,N
17916,0,0,A
17917,0,0,A
17918,0,0,A
17919,0,0,A
17920,0,0,A
17921,1,1,N
17922,1,1,N
17923,1,1,N
17924,0,0,A
17925,0,0,A
17926,0,0,A
17927,1,1,N
17928,1,1,N
17929,1,0,A
17930,1,1,N
17931,1,0,A
17932,1,1,N
17933,1,1,N
17934,0,0,A
17935,0,0,A
17936,1,1,N
17937,0,0,A
17938,0,0,A
17939,0,0,A
17940,1,1,N
17941,1,1,N
17942,0,0,A
17943,0,0,A
17944,0,0,A
17945,0,0,A
17946,1,0,A
17947,1,1,N
17948,1,1,N
17949,0,0,A
17950,0,0,A
17951,1,1,N
17952,0,1,N
17953,1,1,N
17954,1,1,N
17955,0,0,A
17956,1,1,N
17957,1,1,N
17958,0,0,A
17959,1,1,N
17960,0,0,A
17961,0,0,A
17962,1,1,N
17963,0,0,A
17964,0,1,N
17965,1,1,N
17966,0,0,A
17967,0,0,A
17968,0,0,A
17969,0,0,A
17970,0,0,A
17971,0,0,A
17972,1,1,N
17973,0,0,A
17974,0,0,A
17975,0,0,A
17976,1,1,N
17977,1,1,N
17978,0,0,A
17979,1,1,N
17980,1,1,N
17981,0,0,A
17982,1,1,N
17983,1,1,N
17984,1,1,N
17985,1,1,N
17986,0,1,N
17987,1,1,N
17988,0,0,A
17989,0,1,N
17990,1,1,N
17991,1,0,A
17992,0,1,N
17993,1,1,N
17994,1,1,N
17995,0,0,A
17996,0,0,A
17997,0,0,A
17998,0,0,A
17999,0,0,A
18000,0,0,A
18001,0,0,A
18002,0,0,A
18003,1,1,N
18004,1,0,A
18005,1,1,N
18006,0,0,A
18007,1,1,N
18008,1,1,N
18009,0,1,N
18010,0,0,A
18011,0,0,A
18012,0,0,A
18013,1,1,N
18014,0,0,A
18015,0,0,A
18016,0,0,A
18017,1,1,N
18018,0,0,A
18019,0,0,A
18020,1,1,N
18021,1,1,N
18022,0,1,N
18023,1,1,N
18024,0,0,A
18025,0,0,A
18026,0,1,N
18027,1,1,N
18028,0,0,A
18029,0,0,A
18030,0,0,A
18031,1,1,N
18032,0,0,A
18033,1,1,N
18034,1,1,N
18035,1,1,N
18036,1,1,N
18037,0,0,A
18038,0,0,A
18039,1,1,N
18040,0,0,A
18041,0,0,A
18042,0,0,A
18043,0,0,A
18044,1,1,N
18045,1,1,N
18046,0,0,A
18047,1,1,N
18048,0,0,A
18049,0,0,A
18050,1,1,N
18051,1,1,N
18052,1,1,N
18053,1,1,N
18054,1,1,N
18055,0,0,A
18056,1,1,N
18057,1,1,N
18058,0,1,N
18059,1,1,N
18060,0,0,A
18061,1,1,N
18062,1,1,N
18063,0,0,A
18064,0,0,A
18065,0,0,A
18066,1,1,N
18067,1,1,N
18068,1,1,N
18069,1,1,N
18070,0,0,A
18071,1,1,N
18072,0,0,A
18073,0,1,N
18074,1,1,N
18075,0,0,A
18076,0,0,A
18077,1,1,N
18078,1,1,N
18079,1,1,N
18080,1,1,N
18081,0,0,A
18082,0,0,A
18083,0,1,N
18084,1,1,N
18085,1,1,N
18086,1,1,N
18087,1,1,N
18088,0,0,A
18089,0,0,A
18090,1,1,N
18091,0,0,A
18092,0,0,A
18093,0,0,A
18094,0,0,A
18095,0,0,A
18096,1,1,N
18097,0,0,A
18098,1,1,N
18099,1,1,N
18100,1,1,N
18101,0,0,A
18102,1,1,N
18103,0,0,A
18104,0,0,A
18105,0,0,A
18106,0,0,A
18107,1,1,N
18108,0,0,A
18109,1,1,N
18110,0,0,A
18111,0,0,A
18112,1,1,N
18113,0,0,A
18114,0,0,A
18115,1,1,N
18116,0,0,A
18117,0,0,A
18118,0,0,A
18119,1,1,N
18120,1,1,N
18121,1,0,A
18122,1,1,N
18123,1,0,A
18124,0,0,A
18125,0,0,A
18126,1,1,N
18127,0,0,A
18128,0,0,A
18129,0,0,A
18130,0,0,A
18131,1,1,N
18132,1,1,N
18133,1,1,N
18134,1,1,N
18135,0,0,A
18136,0,0,A
18137,1,0,A
18138,1,1,N
18139,0,0,A
18140,1,1,N
18141,1,1,N
18142,0,0,A
18143,0,0,A
18144,0,0,A
18145,0,0,A
18146,0,0,A
18147,1,1,N
18148,0,0,A
18149,0,0,A
18150,0,0,A
18151,0,0,A
18152,1,1,N
18153,0,0,A
18154,1,1,N
18155,1,1,N
18156,1,1,N
18157,1,1,N
18158,0,0,A
18159,0,0,A
18160,1,1,N
18161,1,1,N
18162,0,0,A
18163,0,0,A
18164,0,0,A
18165,0,0,A
18166,1,1,N
18167,0,0,A
18168,0,0,A
18169,0,0,A
18170,1,1,N
18171,1,1,N
18172,1,1,N
18173,0,0,A
18174,1,1,N
18175,1,0,A
18176,1,1,N
18177,0,0,A
18178,0,0,A
18179,0,0,A
18180,1,1,N
18181,1,1,N
18182,1,1,N
18183,0,0,A
18184,0,0,A
18185,0,1,N
18186,1,1,N
18187,1,1,N
18188,0,1,N
18189,0,1,N
18190,0,0,A
18191,1,1,N
18192,0,0,A
18193,1,1,N
18194,0,1,N
18195,0,0,A
18196,1,1,N
18197,0,0,A
18198,1,1,N
18199,1,1,N
18200,1,1,N
18201,1,1,N
18202,1,1,N
18203,1,1,N
18204,0,0,A
18205,0,0,A
18206,1,1,N
18207,1,1,N
18208,1,1,N
18209,0,0,A
18210,0,0,A
18211,1,1,N
18212,0,0,A
18213,1,1,N
18214,1,1,N
18215,0,0,A
18216,1,1,N
18217,0,0,A
18218,1,1,N
18219,1,1,N
18220,1,1,N
18221,1,1,N
18222,1,1,N
18223,0,0,A
18224,1,1,N
18225,0,1,N
18226,1,1,N
18227,0,0,A
18228,0,0,A
18229,0,0,A
18230,0,0,A
18231,0,0,A
18232,0,0,A
18233,1,0,A
18234,1,1,N
18235,0,1,N
18236,0,0,A
18237,1,1,N
18238,0,0,A
18239,1,1,N
18240,0,0,A
18241,0,1,N
18242,1,1,N
18243,0,0,A
18244,1,1,N
18245,1,1,N
18246,0,1,N
18247,0,0,A
18248,1,1,N
18249,0,0,A
18250,1,1,N
18251,0,0,A
18252,1,1,N
18253,1,1,N
18254,1,1,N
18255,0,0,A
18256,0,0,A
18257,0,0,A
18258,1,1,N
18259,0,0,A
18260,0,0,A
18261,1,1,N
18262,0,0,A
18263,1,1,N
18264,0,0,A
18265,1,1,N
18266,1,1,N
18267,0,0,A
18268,1,1,N
18269,1,0,A
18270,1,1,N
18271,1,1,N
18272,0,0,A
18273,1,1,N
18274,0,0,A
18275,0,0,A
18276,0,1,N
18277,0,0,A
18278,1,1,N
18279,1,1,N
18280,0,0,A
18281,0,0,A
18282,0,0,A
18283,0,0,A
18284,1,1,N
18285,0,0,A
18286,0,0,A
18287,0,0,A
18288,0,0,A
18289,1,1,N
18290,1,1,N
18291,1,1,N
18292,0,0,A
18293,0,0,A
18294,0,0,A
18295,0,0,A
18296,1,1,N
18297,1,1,N
18298,1,1,N
18299,0,0,A
18300,0,0,A
18301,1,1,N
18302,0,0,A
18303,0,0,A
18304,0,0,A
18305,0,0,A
18306,0,0,A
18307,1,1,N
18308,1,1,N
18309,1,1,N
18310,0,1,N
18311,1,1,N
18312,0,0,A
18313,0,0,A
18314,0,0,A
18315,1,1,N
18316,0,0,A
18317,1,1,N
18318,1,1,N
18319,1,0,A
18320,0,0,A
18321,1,1,N
18322,0,1,N
18323,1,1,N
18324,1,1,N
18325,1,1,N
18326,0,0,A
18327,0,0,A
18328,1,1,N
18329,0,0,A
18330,0,0,A
18331,1,1,N
18332,0,0,A
18333,1,1,N
18334,0,0,A
18335,1,0,A
18336,0,0,A
18337,0,0,A
18338,0,0,A
18339,1,1,N
18340,1,1,N
18341,0,0,A
18342,1,1,N
18343,0,0,A
18344,0,0,A
18345,1,1,N
18346,0,1,N
18347,1,1,N
18348,0,0,A
18349,0,0,A
18350,0,0,A
18351,0,0,A
18352,0,0,A
18353,1,1,N
18354,1,1,N
18355,0,0,A
18356,0,0,A
18357,0,0,A
18358,1,1,N
18359,1,1,N
18360,1,1,N
18361,1,1,N
18362,1,1,N
18363,0,0,A
18364,1,1,N
18365,0,0,A
18366,0,0,A
18367,1,1,N
18368,1,1,N
18369,1,1,N
18370,0,0,A
18371,1,1,N
18372,1,1,N
18373,0,0,A
18374,0,0,A
18375,1,1,N
18376,1,1,N
18377,0,0,A
18378,0,0,A
18379,0,1,N
18380,1,1,N
18381,0,0,A
18382,1,1,N
18383,1,1,N
18384,0,0,A
18385,0,0,A
18386,0,0,A
18387,0,1,N
18388,1,1,N
18389,0,0,A
18390,1,1,N
18391,1,1,N
18392,0,0,A
18393,1,0,A
18394,0,0,A
18395,1,1,N
18396,1,1,N
18397,1,1,N
18398,1,1,N
18399,0,0,A
18400,0,0,A
18401,1,0,A
18402,1,1,N
18403,1,1,N
18404,1,1,N
18405,1,1,N
18406,1,1,N
18407,1,1,N
18408,0,0,A
18409,0,0,A
18410,0,0,A
18411,1,1,N
18412,1,1,N
18413,1,1,N
18414,0,1,N
18415,1,1,N
18416,1,1,N
18417,0,0,A
18418,1,1,N
18419,1,1,N
18420,0,0,A
18421,0,0,A
18422,1,1,N
18423,1,1,N
18424,0,0,A
18425,1,1,N
18426,1,1,N
18427,1,1,N
18428,1,1,N
18429,1,1,N
18430,0,0,A
18431,1,1,N
18432,0,0,A
18433,1,1,N
18434,0,0,A
18435,1,1,N
18436,0,1,N
18437,0,0,A
18438,0,1,N
18439,1,1,N
18440,0,0,A
18441,1,1,N
18442,0,0,A
18443,1,1,N
18444,0,0,A
18445,1,1,N
18446,1,1,N
18447,1,1,N
18448,0,0,A
18449,1,1,N
18450,1,1,N
18451,1,1,N
18452,1,1,N
18453,1,1,N
18454,0,0,A
18455,1,1,N
18456,1,1,N
18457,1,1,N
18458,0,0,A
18459,1,1,N
18460,1,1,N
18461,1,1,N
18462,1,1,N
18463,0,0,A
18464,1,1,N
18465,0,0,A
18466,1,1,N
18467,1,1,N
18468,0,0,A
18469,1,1,N
18470,1,1,N
18471,0,0,A
18472,1,1,N
18473,1,1,N
18474,1,1,N
18475,1,1,N
18476,0,0,A
18477,0,0,A
18478,0,1,N
18479,0,0,A
18480,1,0,A
18481,0,0,A
18482,0,0,A
18483,1,1,N
18484,0,0,A
18485,0,0,A
18486,1,1,N
18487,0,0,A
18488,1,1,N
18489,0,0,A
18490,1,1,N
18491,1,1,N
18492,0,0,A
18493,1,1,N
18494,0,0,A
18495,0,1,N
18496,1,1,N
18497,1,1,N
18498,0,0,A
18499,0,0,A
18500,0,1,N
18501,1,1,N
18502,0,1,N
18503,1,0,A
18504,1,1,N
18505,0,1,N
18506,0,0,A
18507,1,1,N
18508,0,0,A
18509,0,0,A
18510,0,0,A
18511,1,1,N
18512,0,0,A
18513,0,0,A
18514,0,0,A
18515,0,0,A
18516,1,1,N
18517,0,1,N
18518,1,1,N
18519,0,0,A
18520,1,1,N
18521,0,0,A
18522,0,0,A
18523,1,1,N
18524,0,0,A
18525,1,1,N
18526,0,0,A
18527,1,1,N
18528,0,0,A
18529,0,0,A
18530,0,0,A
18531,0,0,A
18532,0,0,A
18533,1,1,N
18534,0,0,A
18535,1,1,N
18536,0,0,A
18537,0,0,A
18538,0,0,A
18539,1,1,N
18540,0,0,A
18541,0,0,A
18542,0,0,A
18543,1,1,N
18544,0,1,N
18545,1,1,N
18546,1,1,N
18547,1,1,N
18548,1,1,N
18549,1,1,N
18550,0,0,A
18551,1,1,N
18552,0,0,A
18553,1,1,N
18554,1,1,N
18555,0,0,A
18556,1,1,N
18557,0,0,A
18558,0,0,A
18559,0,0,A
18560,0,0,A
18561,1,1,N
18562,0,0,A
18563,1,1,N
18564,1,1,N
18565,1,1,N
18566,1,1,N
18567,1,1,N
18568,1,1,N
18569,0,0,A
18570,0,0,A
18571,1,1,N
18572,1,1,N
18573,0,1,N
18574,1,1,N
18575,0,1,N
18576,1,1,N
18577,0,0,A
18578,1,1,N
18579,0,0,A
18580,1,1,N
18581,0,0,A
18582,0,0,A
18583,1,1,N
18584,0,0,A
18585,0,0,A
18586,1,1,N
18587,1,1,N
18588,0,0,A
18589,1,1,N
18590,1,1,N
18591,1,1,N
18592,1,0,A
18593,1,1,N
18594,0,0,A
18595,1,1,N
18596,0,0,A
18597,1,1,N
18598,1,1,N
18599,0,0,A
18600,1,1,N
18601,0,0,A
18602,1,1,N
18603,0,1,N
18604,1,1,N
18605,0,0,A
18606,1,0,A
18607,1,1,N
18608,0,0,A
18609,0,0,A
18610,0,0,A
18611,1,1,N
18612,1,1,N
18613,1,1,N
18614,0,0,A
18615,0,0,A
18616,0,1,N
18617,0,0,A
18618,1,1,N
18619,0,0,A
18620,0,0,A
18621,1,1,N
18622,0,0,A
18623,0,0,A
18624,0,1,N
18625,1,1,N
18626,0,0,A
18627,1,1,N
18628,0,0,A
18629,0,0,A
18630,1,1,N
18631,1,1,N
18632,1,1,N
18633,0,0,A
18634,1,1,N
18635,1,1,N
18636,0,0,A
18637,0,0,A
18638,1,1,N
18639,0,0,A
18640,1,1,N
18641,1,0,A
18642,0,0,A
18643,0,1,N
18644,1,1,N
18645,1,1,N
18646,1,1,N
18647,0,1,N
18648,0,0,A
18649,1,1,N
18650,0,0,A
18651,1,1,N
18652,1,1,N
18653,1,1,N
18654,0,0,A
18655,0,0,A
18656,1,1,N
18657,0,0,A
18658,1,1,N
18659,1,1,N
18660,0,0,A
18661,0,0,A
18662,1,1,N
18663,0,1,N
18664,1,1,N
18665,0,0,A
18666,0,1,N
18667,0,0,A
18668,1,1,N
18669,0,0,A
18670,0,0,A
18671,0,0,A
18672,1,1,N
18673,0,0,A
18674,1,1,N
18675,0,0,A
18676,0,0,A
18677,0,0,A
18678,0,0,A
18679,1,1,N
18680,0,0,A
18681,0,0,A
18682,1,1,N
18683,0,0,A
18684,1,1,N
18685,0,0,A
18686,0,0,A
18687,1,1,N
18688,0,0,A
18689,0,0,A
18690,1,1,N
18691,1,1,N
18692,0,1,N
18693,1,1,N
18694,1,1,N
18695,1,1,N
18696,1,1,N
18697,0,0,A
18698,0,0,A
18699,0,1,N
18700,1,1,N
18701,1,1,N
18702,0,0,A
18703,1,1,N
18704,1,1,N
18705,0,0,A
18706,1,1,N
18707,0,1,N
18708,1,1,N
18709,1,1,N
18710,1,1,N
18711,0,0,A
18712,0,0,A
18713,0,0,A
18714,1,1,N
18715,0,0,A
18716,0,0,A
18717,0,0,A
18718,1,1,N
18719,0,0,A
18720,1,1,N
18721,1,1,N
18722,1,1,N
18723,0,0,A
18724,1,1,N
18725,0,0,A
18726,1,1,N
18727,1,1,N
18728,0,0,A
18729,1,1,N
18730,1,1,N
18731,0,1,N
18732,0,0,A
18733,1,1,N
18734,1,1,N
18735,0,0,A
18736,0,0,A
18737,1,1,N
18738,0,0,A
18739,0,0,A
18740,0,0,A
18741,1,1,N
18742,0,0,A
18743,1,1,N
18744,0,0,A
18745,0,0,A
18746,1,1,N
18747,0,1,N
18748,1,0,A
18749,1,1,N
18750,0,0,A
18751,1,1,N
18752,0,1,N
18753,0,0,A
18754,0,0,A
18755,0,0,A
18756,0,0,A
18757,1,1,N
18758,0,0,A
18759,0,0,A
18760,0,0,A
18761,0,0,A
18762,0,0,A
18763,1,1,N
18764,1,1,N
18765,0,0,A
18766,0,0,A
18767,0,0,A
18768,0,1,N
18769,1,1,N
18770,0,0,A
18771,0,0,A
18772,0,0,A
18773,0,0,A
18774,0,1,N
18775,0,0,A
18776,1,1,N
18777,1,1,N
18778,0,0,A
18779,1,0,A
18780,1,1,N
18781,0,0,A
18782,0,0,A
18783,0,0,A
18784,1,1,N
18785,0,0,A
18786,0,0,A
18787,0,0,A
18788,0,0,A
18789,0,0,A
18790,0,0,A
18791,0,0,A
18792,0,0,A
18793,0,0,A
18794,1,1,N
18795,0,0,A
18796,0,0,A
18797,0,0,A
18798,1,1,N
18799,0,0,A
18800,0,0,A
18801,0,0,A
18802,1,1,N
18803,1,1,N
18804,1,0,A
18805,0,0,A
18806,0,0,A
18807,1,1,N
18808,0,0,A
18809,1,1,N
18810,0,0,A
18811,0,0,A
18812,0,0,A
18813,1,1,N
18814,0,0,A
18815,1,1,N
18816,0,0,A
18817,0,0,A
18818,0,1,N
18819,0,0,A
18820,1,1,N
18821,0,0,A
18822,1,1,N
18823,0,0,A
18824,0,1,N
18825,1,1,N
18826,1,1,N
18827,1,1,N
18828,1,1,N
18829,1,1,N
18830,0,0,A
18831,1,1,N
18832,1,1,N
18833,1,0,A
18834,1,1,N
18835,0,0,A
18836,0,0,A
18837,1,1,N
18838,0,0,A
18839,0,0,A
18840,0,0,A
18841,0,0,A
18842,1,1,N
18843,0,0,A
18844,1,1,N
18845,0,0,A
18846,1,1,N
18847,1,0,A
18848,0,0,A
18849,0,1,N
18850,1,1,N
18851,0,0,A
18852,0,0,A
18853,1,1,N
18854,1,1,N
18855,0,0,A
18856,1,0,A
18857,1,0,A
18858,1,1,N
18859,0,0,A
18860,1,0,A
18861,1,1,N
18862,0,0,A
18863,0,0,A
18864,1,1,N
18865,1,1,N
18866,0,0,A
18867,1,1,N
18868,1,1,N
18869,0,0,A
18870,0,0,A
18871,0,0,A
18872,1,1,N
18873,0,0,A
18874,1,0,A
18875,1,1,N
18876,1,1,N
18877,1,1,N
18878,1,1,N
18879,0,0,A
18880,0,0,A
18881,0,0,A
18882,0,0,A
18883,1,1,N
18884,0,0,A
18885,1,1,N
18886,0,0,A
18887,0,1,N
18888,1,0,A
18889,1,1,N
18890,0,0,A
18891,0,0,A
18892,1,1,N
18893,1,1,N
18894,1,1,N
18895,0,0,A
18896,1,1,N
18897,0,0,A
18898,1,1,N
18899,1,1,N
18900,0,0,A
18901,1,1,N
18902,0,0,A
18903,1,1,N
18904,1,1,N
18905,0,1,N
18906,1,1,N
18907,0,0,A
18908,0,0,A
18909,1,0,A
18910,0,0,A
18911,0,0,A
18912,1,1,N
18913,0,0,A
18914,0,0,A
18915,1,1,N
18916,0,0,A
18917,1,1,N
18918,0,0,A
18919,1,1,N
18920,1,1,N
18921,0,0,A
18922,1,1,N
18923,0,0,A
18924,0,0,A
18925,1,1,N
18926,0,0,A
18927,1,1,N
18928,1,1,N
18929,1,1,N
18930,0,0,A
18931,0,0,A
18932,1,1,N
18933,1,1,N
18934,0,0,A
18935,1,1,N
18936,1,1,N
18937,1,1,N
18938,1,1,N
18939,0,0,A
18940,1,0,A
18941,1,1,N
18942,0,1,N
18943,1,1,N
18944,1,1,N
18945,1,1,N
18946,1,1,N
18947,1,1,N
18948,0,0,A
18949,0,1,N
18950,0,0,A
18951,1,1,N
18952,1,1,N
18953,1,1,N
18954,0,0,A
18955,0,0,A
18956,1,1,N
18957,0,0,A
18958,0,0,A
18959,0,0,A
18960,0,0,A
18961,0,0,A
18962,1,1,N
18963,0,0,A
18964,1,1,N
18965,1,1,N
18966,1,1,N
18967,0,0,A
18968,0,0,A
18969,0,0,A
18970,0,0,A
18971,1,1,N
18972,0,0,A
18973,0,1,N
18974,1,1,N
18975,1,1,N
18976,0,0,A
18977,0,0,A
18978,1,1,N
18979,1,1,N
18980,1,1,N
18981,1,1,N
18982,1,1,N
18983,0,0,A
18984,0,0,A
18985,1,1,N
18986,1,1,N
18987,1,1,N
18988,1,1,N
18989,1,1,N
18990,1,1,N
18991,0,0,A
18992,0,0,A
18993,0,0,A
18994,0,0,A
18995,0,0,A
18996,1,1,N
18997,0,1,N
18998,0,0,A
18999,0,0,A
19000,1,0,A
19001,1,1,N
19002,0,0,A
19003,1,1,N
19004,0,0,A
19005,1,1,N
19006,0,1,N
19007,0,1,N
19008,0,0,A
19009,1,1,N
19010,1,1,N
19011,0,0,A
19012,1,1,N
19013,0,0,A
19014,0,0,A
19015,1,1,N
19016,1,1,N
19017,1,1,N
19018,1,1,N
19019,1,1,N
19020,0,0,A
19021,0,0,A
19022,0,0,A
19023,0,0,A
19024,1,1,N
19025,1,1,N
19026,1,1,N
19027,0,0,A
19028,0,0,A
19029,0,0,A
19030,0,0,A
19031,0,0,A
19032,1,1,N
19033,0,0,A
19034,1,1,N
19035,0,0,A
19036,1,1,N
19037,1,1,N
19038,1,1,N
19039,0,0,A
19040,1,1,N
19041,1,1,N
19042,0,0,A
19043,0,0,A
19044,0,0,A
19045,1,1,N
19046,0,0,A
19047,1,1,N
19048,1,1,N
19049,0,0,A
19050,0,1,N
19051,1,1,N
19052,0,0,A
19053,1,1,N
19054,0,0,A
19055,0,0,A
19056,1,1,N
19057,0,0,A
19058,1,0,A
19059,0,0,A
19060,0,0,A
19061,1,1,N
19062,0,0,A
19063,1,1,N
19064,1,1,N
19065,0,0,A
19066,1,1,N
19067,0,0,A
19068,1,1,N
19069,1,1,N
19070,0,0,A
19071,0,0,A
19072,1,1,N
19073,0,0,A
19074,0,0,A
19075,1,1,N
19076,1,1,N
19077,1,1,N
19078,0,0,A
19079,0,0,A
19080,0,0,A
19081,0,1,N
19082,0,0,A
19083,1,1,N
19084,0,0,A
19085,0,0,A
19086,1,1,N
19087,0,0,A
19088,1,1,N
19089,1,1,N
19090,0,0,A
19091,1,1,N
19092,1,1,N
19093,0,0,A
19094,0,0,A
19095,1,1,N
19096,0,0,A
19097,1,1,N
19098,0,0,A
19099,1,1,N
19100,0,0,A
19101,1,1,N
19102,0,0,A
19103,1,1,N
19104,0,0,A
19105,1,1,N
19106,0,0,A
19107,0,0,A
19108,1,1,N
19109,0,0,A
19110,1,1,N
19111,0,0,A
19112,0,0,A
19113,1,1,N
19114,0,0,A
19115,0,0,A
19116,1,1,N
19117,0,0,A
19118,0,0,A
19119,0,0,A
19120,0,0,A
19121,1,1,N
19122,1,1,N
19123,0,0,A
19124,0,0,A
19125,1,1,N
19126,1,1,N
19127,0,0,A
19128,0,0,A
19129,1,1,N
19130,1,1,N
19131,0,0,A
19132,0,0,A
19133,1,1,N
19134,1,1,N
19135,0,0,A
19136,1,1,N
19137,1,1,N
19138,1,1,N
19139,1,1,N
19140,0,0,A
19141,0,1,N
19142,1,1,N
19143,1,1,N
19144,0,0,A
19145,0,0,A
19146,0,0,A
19147,0,0,A
19148,0,0,A
19149,1,1,N
19150,1,1,N
19151,0,0,A
19152,0,0,A
19153,0,1,N
19154,1,1,N
19155,0,0,A
19156,0,0,A
19157,1,1,N
19158,1,1,N
19159,0,0,A
19160,0,0,A
19161,1,1,N
19162,0,0,A
19163,1,1,N
19164,0,0,A
19165,0,0,A
19166,1,1,N
19167,0,0,A
19168,1,1,N
19169,0,0,A
19170,1,1,N
19171,0,0,A
19172,0,0,A
19173,0,0,A
19174,1,1,N
19175,0,0,A
19176,1,1,N
19177,0,0,A
19178,0,0,A
19179,1,1,N
19180,1,1,N
19181,0,1,N
19182,1,1,N
19183,0,0,A
19184,0,0,A
19185,1,1,N
19186,0,1,N
19187,0,0,A
19188,0,0,A
19189,1,1,N
19190,0,0,A
19191,1,1,N
19192,1,1,N
19193,0,0,A
19194,0,0,A
19195,0,0,A
19196,0,0,A
19197,0,0,A
19198,1,1,N
19199,1,1,N
19200,1,1,N
19201,1,1,N
19202,0,0,A
19203,1,1,N
19204,0,0,A
19205,0,1,N
19206,1,1,N
19207,1,1,N
19208,1,1,N
19209,1,1,N
19210,1,1,N
19211,1,1,N
19212,1,1,N
19213,1,1,N
19214,1,0,A
19215,0,0,A
19216,0,0,A
19217,1,1,N
19218,0,0,A
19219,1,1,N
19220,1,1,N
19221,1,1,N
19222,1,1,N
19223,0,0,A
19224,1,1,N
19225,1,1,N
19226,0,1,N
19227,1,1,N
19228,1,1,N
19229,1,1,N
19230,1,1,N
19231,1,1,N
19232,1,1,N
19233,0,0,A
19234,0,0,A
19235,1,1,N
19236,0,1,N
19237,1,1,N
19238,1,1,N
19239,0,0,A
19240,0,0,A
19241,0,0,A
19242,1,1,N
19243,0,0,A
19244,1,1,N
19245,1,1,N
19246,0,0,A
19247,1,0,A
19248,1,1,N
19249,0,0,A
19250,1,1,N
19251,1,0,A
19252,1,1,N
19253,1,1,N
19254,0,0,A
19255,1,1,N
19256,1,1,N
19257,1,1,N
19258,0,0,A
19259,0,0,A
19260,0,0,A
19261,0,0,A
19262,1,1,N
19263,0,0,A
19264,1,1,N
19265,1,1,N
19266,1,1,N
19267,0,0,A
19268,1,1,N
19269,1,1,N
19270,1,1,N
19271,0,0,A
19272,1,0,A
19273,1,1,N
19274,1,1,N
19275,0,0,A
19276,0,0,A
19277,0,0,A
19278,1,1,N
19279,0,0,A
19280,0,0,A
19281,1,1,N
19282,1,1,N
19283,1,1,N
19284,1,1,N
19285,1,1,N
19286,0,0,A
19287,1,1,N
19288,0,0,A
19289,0,0,A
19290,1,1,N
19291,0,0,A
19292,1,1,N
19293,0,0,A
19294,0,0,A
19295,1,0,A
19296,0,1,N
19297,0,0,A
19298,0,0,A
19299,0,0,A
19300,0,0,A
19301,0,0,A
19302,1,1,N
19303,1,1,N
19304,1,1,N
19305,1,1,N
19306,0,1,N
19307,1,1,N
19308,1,1,N
19309,0,0,A
19310,0,0,A
19311,1,1,N
19312,1,1,N
19313,1,1,N
19314,1,1,N
19315,0,0,A
19316,0,0,A
19317,1,1,N
19318,0,0,A
19319,1,0,A
19320,1,1,N
19321,1,0,A
19322,1,1,N
19323,0,0,A
19324,1,1,N
19325,1,1,N
19326,1,1,N
19327,0,0,A
19328,0,0,A
19329,0,1,N
19330,0,0,A
19331,1,1,N
19332,0,1,N
19333,0,0,A
19334,0,0,A
19335,1,1,N
19336,1,1,N
19337,1,1,N
19338,0,1,N
19339,1,1,N
19340,0,0,A
19341,0,0,A
19342,0,0,A
19343,0,0,A
19344,0,1,N
19345,1,1,N
19346,0,0,A
19347,0,0,A
19348,1,1,N
19349,0,0,A
19350,0,1,N
19351,1,1,N
19352,1,1,N
19353,1,1,N
19354,1,1,N
19355,0,0,A
19356,1,1,N
19357,0,0,A
19358,1,1,N
19359,0,0,A
19360,1,1,N
19361,0,1,N
19362,0,0,A
19363,1,1,N
19364,1,1,N
19365,0,0,A
19366,1,1,N
19367,1,1,N
19368,1,1,N
19369,1,1,N
19370,0,0,A
19371,0,0,A
19372,0,0,A
19373,1,1,N
19374,0,0,A
19375,1,1,N
19376,1,1,N
19377,1,1,N
19378,1,1,N
19379,0,0,A
19380,1,1,N
19381,1,1,N
19382,1,1,N
19383,0,0,A
19384,0,1,N
19385,0,0,A
19386,0,0,A
19387,1,1,N
19388,1,1,N
19389,1,1,N
19390,1,1,N
19391,1,1,N
19392,0,0,A
19393,0,0,A
19394,0,0,A
19395,1,1,N
19396,1,1,N
19397,0,0,A
19398,0,1,N
19399,0,0,A
19400,0,0,A
19401,1,1,N
19402,0,0,A
19403,1,1,N
19404,0,0,A
19405,0,0,A
19406,0,0,A
19407,1,1,N
19408,1,1,N
19409,1,1,N
19410,1,1,N
19411,1,1,N
19412,1,1,N
19413,1,1,N
19414,0,0,A
19415,1,1,N
19416,1,1,N
19417,0,0,A
19418,1,1,N
19419,1,1,N
19420,0,0,A
19421,1,1,N
19422,1,1,N
19423,1,1,N
19424,1,1,N
19425,0,0,A
19426,1,1,N
19427,1,1,N
19428,1,1,N
19429,1,1,N
19430,1,1,N
19431,0,0,A
19432,0,0,A
19433,0,0,A
19434,0,0,A
19435,1,1,N
19436,0,0,A
19437,1,1,N
19438,1,1,N
19439,1,1,N
19440,0,0,A
19441,0,0,A
19442,1,1,N
19443,1,1,N
19444,0,0,A
19445,1,1,N
19446,0,0,A
19447,1,1,N
19448,1,1,N
19449,0,0,A
19450,1,1,N
19451,1,1,N
19452,0,0,A
19453,1,1,N
19454,1,1,N
19455,1,1,N
19456,1,1,N
19457,0,1,N
19458,0,0,A
19459,1,1,N
19460,1,1,N
19461,1,1,N
19462,0,0,A
19463,0,0,A
19464,0,0,A
19465,1,1,N
19466,1,0,A
19467,0,0,A
19468,1,1,N
19469,1,1,N
19470,0,0,A
19471,0,0,A
19472,0,1,N
19473,1,0,A
19474,0,0,A
19475,1,1,N
19476,0,1,N
19477,1,1,N
19478,1,1,N
19479,0,1,N
19480,0,0,A
19481,1,1,N
19482,0,1,N
19483,0,0,A
19484,0,0,A
19485,1,1,N
19486,0,0,A
19487,1,1,N
19488,1,1,N
19489,1,0,A
19490,0,0,A
19491,0,0,A
19492,0,1,N
19493,0,0,A
19494,1,1,N
19495,0,0,A
19496,0,0,A
19497,0,0,A
19498,0,0,A
19499,0,1,N
19500,1,1,N
19501,0,0,A
19502,1,1,N
19503,0,0,A
19504,0,0,A
19505,1,1,N
19506,0,0,A
19507,1,1,N
19508,0,1,N
19509,0,0,A
19510,0,0,A
19511,0,0,A
19512,1,1,N
19513,1,1,N
19514,1,1,N
19515,1,1,N
19516,0,0,A
19517,1,1,N
19518,0,0,A
19519,0,0,A
19520,1,1,N
19521,1,1,N
19522,0,0,A
19523,1,1,N
19524,1,1,N
19525,0,0,A
19526,1,1,N
19527,1,1,N
19528,1,1,N
19529,1,1,N
19530,0,0,A
19531,0,0,A
19532,0,0,A
19533,0,0,A
19534,0,0,A
19535,1,1,N
19536,0,0,A
19537,0,0,A
19538,1,1,N
19539,0,0,A
19540,0,1,N
19541,1,1,N
19542,0,0,A
19543,1,1,N
19544,1,1,N
19545,0,0,A
19546,0,1,N
19547,0,0,A
19548,1,1,N
19549,1,1,N
19550,1,0,A
19551,0,0,A
19552,0,0,A
19553,0,0,A
19554,1,1,N
19555,1,1,N
19556,0,0,A
19557,0,0,A
19558,0,1,N
19559,1,1,N
19560,0,1,N
19561,0,0,A
19562,0,0,A
19563,1,0,A
19564,1,1,N
19565,0,0,A
19566,1,1,N
19567,1,1,N
19568,1,1,N
19569,0,0,A
19570,1,1,N
19571,0,0,A
19572,1,1,N
19573,1,1,N
19574,0,0,A
19575,1,1,N
19576,0,0,A
19577,0,0,A
19578,1,1,N
19579,0,0,A
19580,0,0,A
19581,1,1,N
19582,0,0,A
19583,0,0,A
19584,0,0,A
19585,0,0,A
19586,0,0,A
19587,1,1,N
19588,1,1,N
19589,1,0,A
19590,0,0,A
19591,0,0,A
19592,1,1,N
19593,1,1,N
19594,1,1,N
19595,0,0,A
19596,1,1,N
19597,1,1,N
19598,0,0,A
19599,1,1,N
19600,0,0,A
19601,1,1,N
19602,1,1,N
19603,0,0,A
19604,0,0,A
19605,1,1,N
19606,1,1,N
19607,1,1,N
19608,1,1,N
19609,1,1,N
19610,1,1,N
19611,1,1,N
19612,0,0,A
19613,1,1,N
19614,0,0,A
19615,0,0,A
19616,0,0,A
19617,1,1,N
19618,0,0,A
19619,0,0,A
19620,1,1,N
19621,1,1,N
19622,0,0,A
19623,1,1,N
19624,0,0,A
19625,0,1,N
19626,1,1,N
19627,0,0,A
19628,1,1,N
19629,0,0,A
19630,1,1,N
19631,1,1,N
19632,1,1,N
19633,0,0,A
19634,1,1,N
19635,0,0,A
19636,0,0,A
19637,1,1,N
19638,1,1,N
19639,1,1,N
19640,1,1,N
19641,1,1,N
19642,0,0,A
19643,1,1,N
19644,0,0,A
19645,1,1,N
19646,1,1,N
19647,0,0,A
19648,1,1,N
19649,1,1,N
19650,1,1,N
19651,1,1,N
19652,1,1,N
19653,0,0,A
19654,0,1,N
19655,0,0,A
19656,0,0,A
19657,0,1,N
19658,1,1,N
19659,1,1,N
19660,0,0,A
19661,0,1,N
19662,1,1,N
19663,0,0,A
19664,0,1,N
19665,1,1,N
19666,0,0,A
19667,0,0,A
19668,0,0,A
19669,0,0,A
19670,0,0,A
19671,0,0,A
19672,1,0,A
19673,0,0,A
19674,1,1,N
19675,1,1,N
19676,1,1,N
19677,0,0,A
19678,1,1,N
19679,0,0,A
19680,1,1,N
19681,0,0,A
19682,1,1,N
19683,1,1,N
19684,0,0,A
19685,1,1,N
19686,1,1,N
19687,1,1,N
19688,1,1,N
19689,0,0,A
19690,1,1,N
19691,0,0,A
19692,1,1,N
19693,0,0,A
19694,1,1,N
19695,0,0,A
19696,0,1,N
19697,0,0,A
19698,0,0,A
19699,1,1,N
19700,1,1,N
19701,0,0,A
19702,1,1,N
19703,1,1,N
19704,1,1,N
19705,0,0,A
19706,0,0,A
19707,0,0,A
19708,1,1,N
19709,1,1,N
19710,1,1,N
19711,1,1,N
19712,0,0,A
19713,1,1,N
19714,0,0,A
19715,1,1,N
19716,1,1,N
19717,0,0,A
19718,0,0,A
19719,0,0,A
19720,1,0,A
19721,0,0,A
19722,0,0,A
19723,1,1,N
19724,1,1,N
19725,0,1,N
19726,0,0,A
19727,1,1,N
19728,1,1,N
19729,0,0,A
19730,1,1,N
19731,1,1,N
19732,0,0,A
19733,0,0,A
19734,0,0,A
19735,1,1,N
19736,1,1,N
19737,1,1,N
19738,0,0,A
19739,1,1,N
19740,1,1,N
19741,0,0,A
19742,1,1,N
19743,0,0,A
19744,0,0,A
19745,0,0,A
19746,0,0,A
19747,0,0,A
19748,1,1,N
19749,1,1,N
19750,1,1,N
19751,0,0,A
19752,1,1,N
19753,0,1,N
19754,0,1,N
19755,1,1,N
19756,0,0,A
19757,1,1,N
19758,1,1,N
19759,0,0,A
19760,0,0,A
19761,1,1,N
19762,1,1,N
19763,1,1,N
19764,1,1,N
19765,0,0,A
19766,0,1,N
19767,0,0,A
19768,0,0,A
19769,0,0,A
19770,1,1,N
19771,0,0,A
19772,1,1,N
19773,1,1,N
19774,1,1,N
19775,0,0,A
19776,0,1,N
19777,1,1,N
19778,1,1,N
19779,0,0,A
19780,0,0,A
19781,1,1,N
19782,0,0,A
19783,1,1,N
19784,0,0,A
19785,1,1,N
19786,0,0,A
19787,1,1,N
19788,0,0,A
19789,1,1,N
19790,0,0,A
19791,0,0,A
19792,0,0,A
19793,0,1,N
19794,1,1,N
19795,1,1,N
19796,0,0,A
19797,1,1,N
19798,1,1,N
19799,0,0,A
19800,1,1,N
19801,0,1,N
19802,0,0,A
19803,0,0,A
19804,1,1,N
19805,0,0,A
19806,1,1,N
19807,0,0,A
19808,1,1,N
19809,0,0,A
19810,1,1,N
19811,1,0,A
19812,0,0,A
19813,0,0,A
19814,1,1,N
19815,1,0,A
19816,1,1,N
19817,0,0,A
19818,0,0,A
19819,0,0,A
19820,0,0,A
19821,1,1,N
19822,1,1,N
19823,1,1,N
19824,1,1,N
19825,0,0,A
19826,0,0,A
19827,1,1,N
19828,1,1,N
19829,1,1,N
19830,0,0,A
19831,1,1,N
19832,1,1,N
19833,1,1,N
19834,0,0,A
19835,0,0,A
19836,1,1,N
19837,0,0,A
19838,1,1,N
19839,1,1,N
19840,0,0,A
19841,0,0,A
19842,0,0,A
19843,1,1,N
19844,1,1,N
19845,0,0,A
19846,1,1,N
19847,1,1,N
19848,0,0,A
19849,0,0,A
19850,0,0,A
19851,1,1,N
19852,1,1,N
19853,1,0,A
19854,0,1,N
19855,1,1,N
19856,1,1,N
19857,1,1,N
19858,1,1,N
19859,1,1,N
19860,0,0,A
19861,1,1,N
19862,1,1,N
19863,0,0,A
19864,1,1,N
19865,0,0,A
19866,0,1,N
19867,0,1,N
19868,1,1,N
19869,1,1,N
19870,1,1,N
19871,1,0,A
19872,0,0,A
19873,0,1,N
19874,1,1,N
19875,0,1,N
19876,0,1,N
19877,1,1,N
19878,0,1,N
19879,0,0,A
19880,0,0,A
19881,1,1,N
19882,0,0,A
19883,0,0,A
19884,1,0,A
19885,0,0,A
19886,0,1,N
19887,0,0,A
19888,0,0,A
19889,1,1,N
19890,1,1,N
19891,0,0,A
19892,0,1,N
19893,1,1,N
19894,1,1,N
19895,1,1,N
19896,1,1,N
19897,0,0,A
19898,1,1,N
19899,1,1,N
19900,0,0,A
19901,1,1,N
19902,1,1,N
19903,0,0,A
19904,0,0,A
19905,1,1,N
19906,0,0,A
19907,0,0,A
19908,0,0,A
19909,1,1,N
19910,0,0,A
19911,1,1,N
19912,1,1,N
19913,1,1,N
19914,0,0,A
19915,0,0,A
19916,1,1,N
19917,1,1,N
19918,1,1,N
19919,1,1,N
19920,0,0,A
19921,0,0,A
19922,1,1,N
19923,0,0,A
19924,1,1,N
19925,1,1,N
19926,0,0,A
19927,1,1,N
19928,1,1,N
19929,1,1,N
19930,0,0,A
19931,0,0,A
19932,0,0,A
19933,1,1,N
19934,0,0,A
19935,1,1,N
19936,1,1,N
19937,0,0,A
19938,1,1,N
19939,0,0,A
19940,1,1,N
19941,1,1,N
19942,0,0,A
19943,0,0,A
19944,1,1,N
19945,0,0,A
19946,0,0,A
19947,0,0,A
19948,1,1,N
19949,1,1,N
19950,0,1,N
19951,0,0,A
19952,0,0,A
19953,1,1,N
19954,0,0,A
19955,0,0,A
19956,1,1,N
19957,0,0,A
19958,1,1,N
19959,0,0,A
19960,1,1,N
19961,0,0,A
19962,0,0,A
19963,1,1,N
19964,1,1,N
19965,0,0,A
19966,0,0,A
19967,0,0,A
19968,1,1,N
19969,0,0,A
19970,1,1,N
19971,1,1,N
19972,1,1,N
19973,1,1,N
19974,1,1,N
19975,1,1,N
19976,0,0,A
19977,1,1,N
19978,0,0,A
19979,0,0,A
19980,1,1,N
19981,1,1,N
19982,1,1,N
19983,1,1,N
19984,0,0,A
19985,0,0,A
19986,0,0,A
19987,1,1,N
19988,1,1,N
19989,0,0,A
19990,1,1,N
19991,0,0,A
19992,0,0,A
19993,1,1,N
19994,1,1,N
19995,0,0,A
19996,1,1,N
19997,0,0,A
19998,1,1,N
19999,1,1,N
20000,0,0,A
20001,0,0,A
20002,0,0,A
20003,1,1,N
20004,0,0,A
20005,0,0,A
20006,0,0,A
20007,1,1,N
20008,1,1,N
20009,0,0,A
20010,1,1,N
20011,1,1,N
20012,0,0,A
20013,0,0,A
20014,1,1,N
20015,0,0,A
20016,1,1,N
20017,1,1,N
20018,1,1,N
20019,0,0,A
20020,1,1,N
20021,1,1,N
20022,0,0,A
20023,0,0,A
20024,0,0,A
20025,0,0,A
20026,1,1,N
20027,1,1,N
20028,1,1,N
20029,1,1,N
20030,1,1,N
20031,1,1,N
20032,1,1,N
20033,0,0,A
20034,0,0,A
20035,0,0,A
20036,0,0,A
20037,1,1,N
20038,0,0,A
20039,0,0,A
20040,0,0,A
20041,0,0,A
20042,0,0,A
20043,1,1,N
20044,1,1,N
20045,0,0,A
20046,0,0,A
20047,0,0,A
20048,1,1,N
20049,0,0,A
20050,0,0,A
20051,0,0,A
20052,1,1,N
20053,0,0,A
20054,0,0,A
20055,0,1,N
20056,1,1,N
20057,1,1,N
20058,0,0,A
20059,1,1,N
20060,0,0,A
20061,1,1,N
20062,1,1,N
20063,0,0,A
20064,1,1,N
20065,0,0,A
20066,1,1,N
20067,1,1,N
20068,0,0,A
20069,0,1,N
20070,1,1,N
20071,0,0,A
20072,1,1,N
20073,1,1,N
20074,1,1,N
20075,1,1,N
20076,0,0,A
20077,1,1,N
20078,0,1,N
20079,1,1,N
20080,0,0,A
20081,1,1,N
20082,0,0,A
20083,0,0,A
20084,1,1,N
20085,1,1,N
20086,0,0,A
20087,1,1,N
20088,1,1,N
20089,1,1,N
20090,0,0,A
20091,0,0,A
20092,1,1,N
20093,0,0,A
20094,1,1,N
20095,0,1,N
20096,1,1,N
20097,0,0,A
20098,1,1,N
20099,0,1,N
20100,1,1,N
20101,1,1,N
20102,0,1,N
20103,1,0,A
20104,1,0,A
20105,1,1,N
20106,0,0,A
20107,1,1,N
20108,1,1,N
20109,1,0,A
20110,1,1,N
20111,1,1,N
20112,0,0,A
20113,0,0,A
20114,0,0,A
20115,0,0,A
20116,1,1,N
20117,1,1,N
20118,0,0,A
20119,1,1,N
20120,0,0,A
20121,0,0,A
20122,1,1,N
20123,1,1,N
20124,1,1,N
20125,1,1,N
20126,0,0,A
20127,0,0,A
20128,0,0,A
20129,1,1,N
20130,1,1,N
20131,0,1,N
20132,0,0,A
20133,0,0,A
20134,0,0,A
20135,1,1,N
20136,0,0,A
20137,1,1,N
20138,1,1,N
20139,1,1,N
20140,1,1,N
20141,1,1,N
20142,1,1,N
20143,0,0,A
20144,0,0,A
20145,0,0,A
20146,1,1,N
20147,0,0,A
20148,1,1,N
20149,1,1,N
20150,1,1,N
20151,1,1,N
20152,0,0,A
20153,0,0,A
20154,1,1,N
20155,1,1,N
20156,1,1,N
20157,1,1,N
20158,1,1,N
20159,0,0,A
20160,1,1,N
20161,0,0,A
20162,0,0,A
20163,0,0,A
20164,1,1,N
20165,1,1,N
20166,1,1,N
20167,0,1,N
20168,0,0,A
20169,0,1,N
20170,1,1,N
20171,0,0,A
20172,1,1,N
20173,1,1,N
20174,1,1,N
20175,1,1,N
20176,0,0,A
20177,1,1,N
20178,0,0,A
20179,1,1,N
20180,0,0,A
20181,0,0,A
20182,1,1,N
20183,0,0,A
20184,1,1,N
20185,1,1,N
20186,0,0,A
20187,0,0,A
20188,0,0,A
20189,0,1,N
20190,1,1,N
20191,0,1,N
20192,1,1,N
20193,1,1,N
20194,1,1,N
20195,0,0,A
20196,1,1,N
20197,0,0,A
20198,1,0,A
20199,1,1,N
20200,0,0,A
20201,1,1,N
20202,1,1,N
20203,0,0,A
20204,0,0,A
20205,0,0,A
20206,0,0,A
20207,0,0,A
20208,0,0,A
20209,0,0,A
20210,0,0,A
20211,1,1,N
20212,0,0,A
20213,0,0,A
20214,0,0,A
20215,0,0,A
20216,0,0,A
20217,1,1,N
20218,1,1,N
20219,0,1,N
20220,1,1,N
20221,1,1,N
20222,0,0,A
20223,1,1,N
20224,1,1,N
20225,0,0,A
20226,0,0,A
20227,1,1,N
20228,1,1,N
20229,0,0,A
20230,1,1,N
20231,0,0,A
20232,1,1,N
20233,1,1,N
20234,1,1,N
20235,1,1,N
20236,1,1,N
20237,0,0,A
20238,0,0,A
20239,0,0,A
20240,0,0,A
20241,0,1,N
20242,0,0,A
20243,0,0,A
20244,1,1,N
20245,1,1,N
20246,0,0,A
20247,0,0,A
20248,0,1,N
20249,0,0,A
20250,1,1,N
20251,1,1,N
20252,1,1,N
20253,1,1,N
20254,0,0,A
20255,0,0,A
20256,0,0,A
20257,1,1,N
20258,1,1,N
20259,0,0,A
20260,1,1,N
20261,1,1,N
20262,0,1,N
20263,0,0,A
20264,1,1,N
20265,0,0,A
20266,0,0,A
20267,0,1,N
20268,0,0,A
20269,0,0,A
20270,1,1,N
20271,0,0,A
20272,0,0,A
20273,1,1,N
20274,0,0,A
20275,1,1,N
20276,1,1,N
20277,1,1,N
20278,1,1,N
20279,1,1,N
20280,0,0,A
20281,0,0,A
20282,1,1,N
20283,0,1,N
20284,0,0,A
20285,0,0,A
20286,0,0,A
20287,0,0,A
20288,0,1,N
20289,0,0,A
20290,0,1,N
20291,0,0,A
20292,1,1,N
20293,0,1,N
20294,1,1,N
20295,1,1,N
20296,1,1,N
20297,1,1,N
20298,0,0,A
20299,1,1,N
20300,1,1,N
20301,0,0,A
20302,1,1,N
20303,0,0,A
20304,1,1,N
20305,1,1,N
20306,1,1,N
20307,0,1,N
20308,1,1,N
20309,1,1,N
20310,0,0,A
20311,1,1,N
20312,1,1,N
20313,0,0,A
20314,0,0,A
20315,1,1,N
20316,0,0,A
20317,1,1,N
20318,1,1,N
20319,1,1,N
20320,0,0,A
20321,0,0,A
20322,0,0,A
20323,0,0,A
20324,0,1,N
20325,1,1,N
20326,0,0,A
20327,0,0,A
20328,0,0,A
20329,1,0,A
20330,0,0,A
20331,0,1,N
20332,1,0,A
20333,1,1,N
20334,0,0,A
20335,0,0,A
20336,0,0,A
20337,0,0,A
20338,0,0,A
20339,0,0,A
20340,0,0,A
20341,0,0,A
20342,0,0,A
20343,1,1,N
20344,1,1,N
20345,1,1,N
20346,1,1,N
20347,1,1,N
20348,1,1,N
20349,1,1,N
20350,1,0,A
20351,1,1,N
20352,0,1,N
20353,1,1,N
20354,1,1,N
20355,1,1,N
20356,0,0,A
20357,0,0,A
20358,0,0,A
20359,1,1,N
20360,0,0,A
20361,0,0,A
20362,0,0,A
20363,1,1,N
20364,1,1,N
20365,1,1,N
20366,0,1,N
20367,0,0,A
20368,1,1,N
20369,0,0,A
20370,0,0,A
20371,1,1,N
20372,0,0,A
20373,0,0,A
20374,0,0,A
20375,1,1,N
20376,0,0,A
20377,1,1,N
20378,1,1,N
20379,1,1,N
20380,0,0,A
20381,1,1,N
20382,1,1,N
20383,0,1,N
20384,0,0,A
20385,1,1,N
20386,1,1,N
20387,0,0,A
20388,1,1,N
20389,0,0,A
20390,0,0,A
20391,1,0,A
20392,0,0,A
20393,0,0,A
20394,0,0,A
20395,0,0,A
20396,0,0,A
20397,1,1,N
20398,0,0,A
20399,1,1,N
20400,0,0,A
20401,0,0,A
20402,1,1,N
20403,0,0,A
20404,1,1,N
20405,0,0,A
20406,0,0,A
20407,0,0,A
20408,0,0,A
20409,0,1,N
20410,0,0,A
20411,0,0,A
20412,0,0,A
20413,1,1,N
20414,0,0,A
20415,1,1,N
20416,0,0,A
20417,0,1,N
20418,1,1,N
20419,0,0,A
20420,1,1,N
20421,0,0,A
20422,1,1,N
20423,1,1,N
20424,1,1,N
20425,1,1,N
20426,0,0,A
20427,1,1,N
20428,0,0,A
20429,0,0,A
20430,0,0,A
20431,1,1,N
20432,0,0,A
20433,0,0,A
20434,1,0,A
20435,1,1,N
20436,1,1,N
20437,0,0,A
20438,0,0,A
20439,0,0,A
20440,0,0,A
20441,1,1,N
20442,0,0,A
20443,0,0,A
20444,1,1,N
20445,1,1,N
20446,1,1,N
20447,1,1,N
20448,1,1,N
20449,0,0,A
20450,1,1,N
20451,1,1,N
20452,1,1,N
20453,0,0,A
20454,1,1,N
20455,1,1,N
20456,0,0,A
20457,0,0,A
20458,1,1,N
20459,1,1,N
20460,0,0,A
20461,0,0,A
20462,1,1,N
20463,1,1,N
20464,0,0,A
20465,0,0,A
20466,1,1,N
20467,1,1,N
20468,0,0,A
20469,0,0,A
20470,1,1,N
20471,0,0,A
20472,0,0,A
20473,1,1,N
20474,0,0,A
20475,0,0,A
20476,0,0,A
20477,0,1,N
20478,0,0,A
20479,1,1,N
20480,1,0,A
20481,0,0,A
20482,0,0,A
20483,0,0,A
20484,1,1,N
20485,0,1,N
20486,0,0,A
20487,1,0,A
20488,1,1,N
20489,1,1,N
20490,1,1,N
20491,0,0,A
20492,0,1,N
20493,1,1,N
20494,0,0,A
20495,0,0,A
20496,1,1,N
20497,0,0,A
20498,0,0,A
20499,0,0,A
20500,1,1,N
20501,0,0,A
20502,1,1,N
20503,1,0,A
20504,1,0,A
20505,0,0,A
20506,1,1,N
20507,1,1,N
20508,0,0,A
20509,1,1,N
20510,1,1,N
20511,1,1,N
20512,1,1,N
20513,1,1,N
20514,0,1,N
20515,1,1,N
20516,0,0,A
20517,0,0,A
20518,1,1,N
20519,0,0,A
20520,0,0,A
20521,0,1,N
20522,0,1,N
20523,1,1,N
20524,0,0,A
20525,1,1,N
20526,0,1,N
20527,0,1,N
20528,1,1,N
20529,1,1,N
20530,0,1,N
20531,1,1,N
20532,1,1,N
20533,1,1,N
20534,0,0,A
20535,0,0,A
20536,1,1,N
20537,1,1,N
20538,1,1,N
20539,0,0,A
20540,1,1,N
20541,0,0,A
20542,0,0,A
20543,1,1,N
20544,1,1,N
20545,1,1,N
20546,0,0,A
20547,1,1,N
20548,0,0,A
20549,0,0,A
20550,1,1,N
20551,0,0,A
20552,0,0,A
20553,0,0,A
20554,1,1,N
20555,1,1,N
20556,1,1,N
20557,0,0,A
20558,1,1,N
20559,0,0,A
20560,1,1,N
20561,0,0,A
20562,1,1,N
20563,1,1,N
20564,1,1,N
20565,1,1,N
20566,1,0,A
20567,0,0,A
20568,0,0,A
20569,0,0,A
20570,1,1,N
20571,1,1,N
20572,1,0,A
20573,1,1,N
20574,1,1,N
20575,0,0,A
20576,0,0,A
20577,1,1,N
20578,1,1,N
20579,1,1,N
20580,1,1,N
20581,0,0,A
20582,0,0,A
20583,1,1,N
20584,0,0,A
20585,1,1,N
20586,1,1,N
20587,0,0,A
20588,0,0,A
20589,1,1,N
20590,0,0,A
20591,1,1,N
20592,0,1,N
20593,0,0,A
20594,0,0,A
20595,0,0,A
20596,0,0,A
20597,0,1,N
20598,0,0,A
20599,0,0,A
20600,0,0,A
20601,0,0,A
20602,1,1,N
20603,0,1,N
20604,1,1,N
20605,0,0,A
20606,0,0,A
20607,1,1,N
20608,0,1,N
20609,1,1,N
20610,1,1,N
20611,0,0,A
20612,0,1,N
20613,0,0,A
20614,0,0,A
20615,1,1,N
20616,0,0,A
20617,0,1,N
20618,0,0,A
20619,1,1,N
20620,1,1,N
20621,1,1,N
20622,1,1,N
20623,1,1,N
20624,0,0,A
20625,0,0,A
20626,0,1,N
20627,0,0,A
20628,1,1,N
20629,0,0,A
20630,0,0,A
20631,0,0,A
20632,0,0,A
20633,1,0,A
20634,1,1,N
20635,0,0,A
20636,0,0,A
20637,1,1,N
20638,0,1,N
20639,1,1,N
20640,1,1,N
20641,0,1,N
20642,0,0,A
20643,0,0,A
20644,1,1,N
20645,0,1,N
20646,1,1,N
20647,0,0,A
20648,0,1,N
20649,1,1,N
20650,1,1,N
20651,0,0,A
20652,0,0,A
20653,1,1,N
20654,0,0,A
20655,1,1,N
20656,0,0,A
20657,0,0,A
20658,1,1,N
20659,1,1,N
20660,0,0,A
20661,0,0,A
20662,0,0,A
20663,1,1,N
20664,0,1,N
20665,1,1,N
20666,0,0,A
20667,0,0,A
20668,1,1,N
20669,0,0,A
20670,0,1,N
20671,1,1,N
20672,1,1,N
20673,1,0,A
20674,1,1,N
20675,0,0,A
20676,0,0,A
20677,0,0,A
20678,0,0,A
20679,1,1,N
20680,1,1,N
20681,1,1,N
20682,1,1,N
20683,1,1,N
20684,0,0,A
20685,1,1,N
20686,0,0,A
20687,1,1,N
20688,0,0,A
20689,1,1,N
20690,0,0,A
20691,1,1,N
20692,0,0,A
20693,0,0,A
20694,0,0,A
20695,1,1,N
20696,1,1,N
20697,0,0,A
20698,1,1,N
20699,1,1,N
20700,1,0,A
20701,1,1,N
20702,0,1,N
20703,1,1,N
20704,0,0,A
20705,1,1,N
20706,1,1,N
20707,1,1,N
20708,0,0,A
20709,0,0,A
20710,1,1,N
20711,1,1,N
20712,1,1,N
20713,0,0,A
20714,1,1,N
20715,0,1,N
20716,1,1,N
20717,0,0,A
20718,1,1,N
20719,1,1,N
20720,1,1,N
20721,1,1,N
20722,0,0,A
20723,0,0,A
20724,1,1,N
20725,1,1,N
20726,1,1,N
20727,0,1,N
20728,1,1,N
20729,0,0,A
20730,1,1,N
20731,1,1,N
20732,1,1,N
20733,1,1,N
20734,1,1,N
20735,0,0,A
20736,0,1,N
20737,1,1,N
20738,1,1,N
20739,1,1,N
20740,0,0,A
20741,1,1,N
20742,0,0,A
20743,0,0,A
20744,1,1,N
20745,1,1,N
20746,1,1,N
20747,0,0,A
20748,1,1,N
20749,0,0,A
20750,1,1,N
20751,1,1,N
20752,0,0,A
20753,0,0,A
20754,1,1,N
20755,1,1,N
20756,0,0,A
20757,0,0,A
20758,1,1,N
20759,0,0,A
20760,0,1,N
20761,0,0,A
20762,0,0,A
20763,0,0,A
20764,0,1,N
20765,0,0,A
20766,1,1,N
20767,1,1,N
20768,0,0,A
20769,1,1,N
20770,0,0,A
20771,0,0,A
20772,0,0,A
20773,1,1,N
20774,1,1,N
20775,0,0,A
20776,0,0,A
20777,1,1,N
20778,0,0,A
20779,1,1,N
20780,1,1,N
20781,1,1,N
20782,0,0,A
20783,0,1,N
20784,1,1,N
20785,1,1,N
20786,1,0,A
20787,0,1,N
20788,1,1,N
20789,1,1,N
20790,0,1,N
20791,1,1,N
20792,0,0,A
20793,1,1,N
20794,1,0,A
20795,1,1,N
20796,1,1,N
20797,0,0,A
20798,0,0,A
20799,1,1,N
20800,0,0,A
20801,0,0,A
20802,1,1,N
20803,0,0,A
20804,0,0,A
20805,1,1,N
20806,0,0,A
20807,0,0,A
20808,0,0,A
20809,0,0,A
20810,0,0,A
20811,1,1,N
20812,1,1,N
20813,0,0,A
20814,0,0,A
20815,0,0,A
20816,1,1,N
20817,0,0,A
20818,0,0,A
20819,1,1,N
20820,1,1,N
20821,0,0,A
20822,0,0,A
20823,0,1,N
20824,0,0,A
20825,0,0,A
20826,1,1,N
20827,1,1,N
20828,0,0,A
20829,1,1,N
20830,0,0,A
20831,1,1,N
20832,1,1,N
20833,1,1,N
20834,1,1,N
20835,0,0,A
20836,0,0,A
20837,0,0,A
20838,0,0,A
20839,1,1,N
20840,0,0,A
20841,1,1,N
20842,0,0,A
20843,0,0,A
20844,0,0,A
20845,0,0,A
20846,1,1,N
20847,0,0,A
20848,1,1,N
20849,0,0,A
20850,0,0,A
20851,0,0,A
20852,1,1,N
20853,1,1,N
20854,0,0,A
20855,0,0,A
20856,0,1,N
20857,0,0,A
20858,1,1,N
20859,1,1,N
20860,1,1,N
20861,0,0,A
20862,0,0,A
20863,1,1,N
20864,0,1,N
20865,1,1,N
20866,1,1,N
20867,1,1,N
20868,1,1,N
20869,1,0,A
20870,1,1,N
20871,1,1,N
20872,0,0,A
20873,1,1,N
20874,0,0,A
20875,1,1,N
20876,1,1,N
20877,1,1,N
20878,0,0,A
20879,0,0,A
20880,1,1,N
20881,1,1,N
20882,0,0,A
20883,1,1,N
20884,0,0,A
20885,1,1,N
20886,0,0,A
20887,1,1,N
20888,0,0,A
20889,0,0,A
20890,0,0,A
20891,0,0,A
20892,0,0,A
20893,1,1,N
20894,0,0,A
20895,1,1,N
20896,0,0,A
20897,1,1,N
20898,0,0,A
20899,1,1,N
20900,0,0,A
20901,0,0,A
20902,1,1,N
20903,1,1,N
20904,1,1,N
20905,0,0,A
20906,1,1,N
20907,0,0,A
20908,1,1,N
20909,1,1,N
20910,1,1,N
20911,0,1,N
20912,1,1,N
20913,1,1,N
20914,0,1,N
20915,0,1,N
20916,0,0,A
20917,1,1,N
20918,1,1,N
20919,1,1,N
20920,0,0,A
20921,0,0,A
20922,1,1,N
20923,0,0,A
20924,1,1,N
20925,0,1,N
20926,0,0,A
20927,1,1,N
20928,1,1,N
20929,0,0,A
20930,1,1,N
20931,1,1,N
20932,1,0,A
20933,0,0,A
20934,1,1,N
20935,1,1,N
20936,1,1,N
20937,0,0,A
20938,0,0,A
20939,0,0,A
20940,0,1,N
20941,0,0,A
20942,0,0,A
20943,1,1,N
20944,0,0,A
20945,1,1,N
20946,0,0,A
20947,1,1,N
20948,1,0,A
20949,0,0,A
20950,1,1,N
20951,0,0,A
20952,0,1,N
20953,1,1,N
20954,0,0,A
20955,0,0,A
20956,0,0,A
20957,0,0,A
20958,0,0,A
20959,1,1,N
20960,0,0,A
20961,1,1,N
20962,1,1,N
20963,1,1,N
20964,0,0,A
20965,0,0,A
20966,1,1,N
20967,1,1,N
20968,0,0,A
20969,0,0,A
20970,1,1,N
20971,1,1,N
20972,0,0,A
20973,1,1,N
20974,1,1,N
20975,1,1,N
20976,1,1,N
20977,1,1,N
20978,1,1,N
20979,0,1,N
20980,1,1,N
20981,0,0,A
20982,0,0,A
20983,0,0,A
20984,1,0,A
20985,0,0,A
20986,1,1,N
20987,0,0,A
20988,0,0,A
20989,1,1,N
20990,0,0,A
20991,1,1,N
20992,0,0,A
20993,1,1,N
20994,0,0,A
20995,0,0,A
20996,1,1,N
20997,1,1,N
20998,1,1,N
20999,1,1,N
21000,0,0,A
21001,1,1,N
21002,0,0,A
21003,0,0,A
21004,0,0,A
21005,0,0,A
21006,0,0,A
21007,1,1,N
21008,1,1,N
21009,0,0,A
21010,0,0,A
21011,1,1,N
21012,1,1,N
21013,0,1,N
21014,0,0,A
21015,0,0,A
21016,1,1,N
21017,0,0,A
21018,0,0,A
21019,0,0,A
21020,0,0,A
21021,0,0,A
21022,0,0,A
21023,0,1,N
21024,0,0,A
21025,0,0,A
21026,0,0,A
21027,0,0,A
21028,0,0,A
21029,0,0,A
21030,0,1,N
21031,0,0,A
21032,0,1,N
21033,1,1,N
21034,1,1,N
21035,0,0,A
21036,1,1,N
21037,1,1,N
21038,0,0,A
21039,1,1,N
21040,0,0,A
21041,0,0,A
21042,1,1,N
21043,1,1,N
21044,1,1,N
21045,1,1,N
21046,0,0,A
21047,0,1,N
21048,0,0,A
21049,1,1,N
21050,1,1,N
21051,1,1,N
21052,1,1,N
21053,1,1,N
21054,1,1,N
21055,1,1,N
21056,1,0,A
21057,1,1,N
21058,1,1,N
21059,0,0,A
21060,0,0,A
21061,1,1,N
21062,1,1,N
21063,0,0,A
21064,0,1,N
21065,0,0,A
21066,1,1,N
21067,1,1,N
21068,0,0,A
21069,1,0,A
21070,1,1,N
21071,0,0,A
21072,0,0,A
21073,0,0,A
21074,0,0,A
21075,1,1,N
21076,0,0,A
21077,1,1,N
21078,1,1,N
21079,0,0,A
21080,1,1,N
21081,0,0,A
21082,0,0,A
21083,1,1,N
21084,1,1,N
21085,1,1,N
21086,1,1,N
21087,0,0,A
21088,0,0,A
21089,1,1,N
21090,0,0,A
21091,1,0,A
21092,0,0,A
21093,0,0,A
21094,0,0,A
21095,0,0,A
21096,0,1,N
21097,0,0,A
21098,0,0,A
21099,1,1,N
21100,1,1,N
21101,1,1,N
21102,1,1,N
21103,0,0,A
21104,0,0,A
21105,1,1,N
21106,0,0,A
21107,0,1,N
21108,0,0,A
21109,1,1,N
21110,0,0,A
21111,0,0,A
21112,0,0,A
21113,0,1,N
21114,1,1,N
21115,0,0,A
21116,1,1,N
21117,1,1,N
21118,0,0,A
21119,1,1,N
21120,1,0,A
21121,0,0,A
21122,0,1,N
21123,0,0,A
21124,0,0,A
21125,1,1,N
21126,0,0,A
21127,0,0,A
21128,0,0,A
21129,1,1,N
21130,1,1,N
21131,1,1,N
21132,0,0,A
21133,1,1,N
21134,1,1,N
21135,0,0,A
21136,1,1,N
21137,0,0,A
21138,0,0,A
21139,0,0,A
21140,1,1,N
21141,1,1,N
21142,1,1,N
21143,0,0,A
21144,0,0,A
21145,0,0,A
21146,0,0,A
21147,1,1,N
21148,1,1,N
21149,0,0,A
21150,0,0,A
21151,1,1,N
21152,0,1,N
21153,0,0,A
21154,0,0,A
21155,1,1,N
21156,1,1,N
21157,1,1,N
21158,1,1,N
21159,1,1,N
21160,1,1,N
21161,0,0,A
21162,0,0,A
21163,0,0,A
21164,1,1,N
21165,1,1,N
21166,1,1,N
21167,0,0,A
21168,1,1,N
21169,0,0,A
21170,1,1,N
21171,0,1,N
21172,0,0,A
21173,1,1,N
21174,1,1,N
21175,0,0,A
21176,1,1,N
21177,0,0,A
21178,1,1,N
21179,0,0,A
21180,0,1,N
21181,0,0,A
21182,1,1,N
21183,0,0,A
21184,1,1,N
21185,1,1,N
21186,0,0,A
21187,1,1,N
21188,0,0,A
21189,1,1,N
21190,0,0,A
21191,1,1,N
21192,1,1,N
21193,1,1,N
21194,1,1,N
21195,1,1,N
21196,0,0,A
21197,1,1,N
21198,0,0,A
21199,0,0,A
21200,1,1,N
21201,0,0,A
21202,0,0,A
21203,0,0,A
21204,1,1,N
21205,0,0,A
21206,1,1,N
21207,1,1,N
21208,1,1,N
21209,1,1,N
21210,0,0,A
21211,0,0,A
21212,0,0,A
21213,0,0,A
21214,1,1,N
21215,1,1,N
21216,1,1,N
21217,0,0,A
21218,0,0,A
21219,1,1,N
21220,0,0,A
21221,1,1,N
21222,1,1,N
21223,0,0,A
21224,1,1,N
21225,1,1,N
21226,1,1,N
21227,1,1,N
21228,1,1,N
21229,0,0,A
21230,0,0,A
21231,1,0,A
21232,1,1,N
21233,1,1,N
21234,0,0,A
21235,1,1,N
21236,1,1,N
21237,0,0,A
21238,1,1,N
21239,0,0,A
21240,0,0,A
21241,0,0,A
21242,1,1,N
21243,1,1,N
21244,1,1,N
21245,0,0,A
21246,1,1,N
21247,1,1,N
21248,0,0,A
21249,1,1,N
21250,0,0,A
21251,0,0,A
21252,0,0,A
21253,0,1,N
21254,1,1,N
21255,1,1,N
21256,1,1,N
21257,1,0,A
21258,0,0,A
21259,0,0,A
21260,0,0,A
21261,0,0,A
21262,0,0,A
21263,1,1,N
21264,0,1,N
21265,1,1,N
21266,1,1,N
21267,1,1,N
21268,0,0,A
21269,0,1,N
21270,0,1,N
21271,0,0,A
21272,0,0,A
21273,1,1,N
21274,1,1,N
21275,1,1,N
21276,0,0,A
21277,0,0,A
21278,1,1,N
21279,0,0,A
21280,0,1,N
21281,1,1,N
21282,0,1,N
21283,0,0,A
21284,0,0,A
21285,0,1,N
21286,0,0,A
21287,1,1,N
21288,0,0,A
21289,0,0,A
21290,0,0,A
21291,1,0,A
21292,0,0,A
21293,0,1,N
21294,1,1,N
21295,0,1,N
21296,0,0,A
21297,0,0,A
21298,0,1,N
21299,1,1,N
21300,0,0,A
21301,1,1,N
21302,0,0,A
21303,0,0,A
21304,0,0,A
21305,1,1,N
21306,1,1,N
21307,0,0,A
21308,1,1,N
21309,1,1,N
21310,0,0,A
21311,1,1,N
21312,1,1,N
21313,0,0,A
21314,0,0,A
21315,1,1,N
21316,0,0,A
21317,1,1,N
21318,1,1,N
21319,0,0,A
21320,1,1,N
21321,0,0,A
21322,1,1,N
21323,0,0,A
21324,0,0,A
21325,1,1,N
21326,0,0,A
21327,1,1,N
21328,0,0,A
21329,1,1,N
21330,0,0,A
21331,0,0,A
21332,1,1,N
21333,1,1,N
21334,1,1,N
21335,0,0,A
21336,1,1,N
21337,1,1,N
21338,1,1,N
21339,1,1,N
21340,1,1,N
21341,1,1,N
21342,0,0,A
21343,0,0,A
21344,0,0,A
21345,1,1,N
21346,1,1,N
21347,1,1,N
21348,0,0,A
21349,0,0,A
21350,1,1,N
21351,1,1,N
21352,0,1,N
21353,1,1,N
21354,1,1,N
21355,1,1,N
21356,0,0,A
21357,1,1,N
21358,0,0,A
21359,1,1,N
21360,1,0,A
21361,0,0,A
21362,0,0,A
21363,1,1,N
21364,0,0,A
21365,0,1,N
21366,0,0,A
21367,1,1,N
21368,1,1,N
21369,1,1,N
21370,1,1,N
21371,1,1,N
21372,0,0,A
21373,0,0,A
21374,0,0,A
21375,1,1,N
21376,1,1,N
21377,1,1,N
21378,1,1,N
21379,0,0,A
21380,0,0,A
21381,1,0,A
21382,1,1,N
21383,1,1,N
21384,0,0,A
21385,0,0,A
21386,0,1,N
21387,0,0,A
21388,1,1,N
21389,0,0,A
21390,0,0,A
21391,0,1,N
21392,0,1,N
21393,1,0,A
21394,1,1,N
21395,0,1,N
21396,1,1,N
21397,0,0,A
21398,0,0,A
21399,0,0,A
21400,1,1,N
21401,0,0,A
21402,1,1,N
21403,0,0,A
21404,0,1,N
21405,1,0,A
21406,1,1,N
21407,1,1,N
21408,1,1,N
21409,0,0,A
21410,0,1,N
21411,0,0,A
21412,0,0,A
21413,0,0,A
21414,0,0,A
21415,0,0,A
21416,0,0,A
21417,0,0,A
21418,0,0,A
21419,0,0,A
21420,0,0,A
21421,1,1,N
21422,1,1,N
21423,0,0,A
21424,1,1,N
21425,1,1,N
21426,0,0,A
21427,1,1,N
21428,0,1,N
21429,0,0,A
21430,0,0,A
21431,0,0,A
21432,1,1,N
21433,1,1,N
21434,0,0,A
21435,1,1,N
21436,0,0,A
21437,0,0,A
21438,1,1,N
21439,1,1,N
21440,0,0,A
21441,1,1,N
21442,0,0,A
21443,1,1,N
21444,1,0,A
21445,1,1,N
21446,0,1,N
21447,0,0,A
21448,1,1,N
21449,0,0,A
21450,1,1,N
21451,0,0,A
21452,0,0,A
21453,0,0,A
21454,0,1,N
21455,1,1,N
21456,0,0,A
21457,0,0,A
21458,0,0,A
21459,0,1,N
21460,0,1,N
21461,0,0,A
21462,1,1,N
21463,0,0,A
21464,1,0,A
21465,1,1,N
21466,1,1,N
21467,1,1,N
21468,1,1,N
21469,0,0,A
21470,0,0,A
21471,0,0,A
21472,1,1,N
21473,1,1,N
21474,1,1,N
21475,0,1,N
21476,1,1,N
21477,0,0,A
21478,1,1,N
21479,0,0,A
21480,1,1,N
21481,0,0,A
21482,1,1,N
21483,1,1,N
21484,0,0,A
21485,0,0,A
21486,1,1,N
21487,1,1,N
21488,1,1,N
21489,1,1,N
21490,1,1,N
21491,0,0,A
21492,0,0,A
21493,1,1,N
21494,0,0,A
21495,1,1,N
21496,1,1,N
21497,0,0,A
21498,1,1,N
21499,1,1,N
21500,0,0,A
21501,1,1,N
21502,1,1,N
21503,1,1,N
21504,1,1,N
21505,0,1,N
21506,0,0,A
21507,0,0,A
21508,1,1,N
21509,0,0,A
21510,1,1,N
21511,1,1,N
21512,1,1,N
21513,1,1,N
21514,1,1,N
21515,0,0,A
21516,1,1,N
21517,1,1,N
21518,0,0,A
21519,0,0,A
21520,1,1,N
21521,1,1,N
21522,1,1,N
21523,1,1,N
21524,0,0,A
21525,0,0,A
21526,1,1,N
21527,0,0,A
21528,0,0,A
21529,1,1,N
21530,0,0,A
21531,0,0,A
21532,1,1,N
21533,1,1,N
21534,0,0,A
21535,0,0,A
21536,1,1,N
21537,1,1,N
21538,1,1,N
21539,1,1,N
21540,0,0,A
21541,0,0,A
21542,1,1,N
21543,1,1,N
21544,1,1,N
21545,0,0,A
21546,0,1,N
21547,1,1,N
21548,1,1,N
21549,1,1,N
21550,1,1,N
21551,1,1,N
21552,0,0,A
21553,0,0,A
21554,0,0,A
21555,1,1,N
21556,0,0,A
21557,0,0,A
21558,0,0,A
21559,0,0,A
21560,0,0,A
21561,1,1,N
21562,0,1,N
21563,1,1,N
21564,0,1,N
21565,0,0,A
21566,1,1,N
21567,0,0,A
21568,0,0,A
21569,1,1,N
21570,0,0,A
21571,0,1,N
21572,1,1,N
21573,0,0,A
21574,0,0,A
21575,1,1,N
21576,1,1,N
21577,1,1,N
21578,1,1,N
21579,1,1,N
21580,1,1,N
21581,1,1,N
21582,0,1,N
21583,0,0,A
21584,1,1,N
21585,1,1,N
21586,0,1,N
21587,0,1,N
21588,0,0,A
21589,1,1,N
21590,1,1,N
21591,0,0,A
21592,0,0,A
21593,1,1,N
21594,1,1,N
21595,1,1,N
21596,1,1,N
21597,0,0,A
21598,0,0,A
21599,1,1,N
21600,0,0,A
21601,1,1,N
21602,1,1,N
21603,0,0,A
21604,0,0,A
21605,0,0,A
21606,1,1,N
21607,1,1,N
21608,1,1,N
21609,0,0,A
21610,0,0,A
21611,1,1,N
21612,1,1,N
21613,1,1,N
21614,0,1,N
21615,0,0,A
21616,0,0,A
21617,1,1,N
21618,1,1,N
21619,0,0,A
21620,0,1,N
21621,0,1,N
21622,1,1,N
21623,1,1,N
21624,0,0,A
21625,1,1,N
21626,1,1,N
21627,0,0,A
21628,1,0,A
21629,0,0,A
21630,1,1,N
21631,1,1,N
21632,0,0,A
21633,1,1,N
21634,0,0,A
21635,1,1,N
21636,0,0,A
21637,0,0,A
21638,1,1,N
21639,1,1,N
21640,1,1,N
21641,1,1,N
21642,0,0,A
21643,1,1,N
21644,1,1,N
21645,1,1,N
21646,1,1,N
21647,1,1,N
21648,0,0,A
21649,1,1,N
21650,0,0,A
21651,0,0,A
21652,1,1,N
21653,0,0,A
21654,1,1,N
21655,0,0,A
21656,0,0,A
21657,1,1,N
21658,0,0,A
21659,0,0,A
21660,0,1,N
21661,0,0,A
21662,0,0,A
21663,1,1,N
21664,1,1,N
21665,0,0,A
21666,0,0,A
21667,0,0,A
21668,1,1,N
21669,0,0,A
21670,1,1,N
21671,0,0,A
21672,0,0,A
21673,0,0,A
21674,1,1,N
21675,1,1,N
21676,0,1,N
21677,0,1,N
21678,1,1,N
21679,0,0,A
21680,0,0,A
21681,0,0,A
21682,1,1,N
21683,1,1,N
21684,1,1,N
21685,1,1,N
21686,0,0,A
21687,1,1,N
21688,0,1,N
21689,1,1,N
21690,0,0,A
21691,1,1,N
21692,0,0,A
21693,1,1,N
21694,0,0,A
21695,1,1,N
21696,0,0,A
21697,0,0,A
21698,1,1,N
21699,0,0,A
21700,1,1,N
21701,0,0,A
21702,0,0,A
21703,0,1,N
21704,0,1,N
21705,0,0,A
21706,1,1,N
21707,1,1,N
21708,1,1,N
21709,0,0,A
21710,1,1,N
21711,1,1,N
21712,1,1,N
21713,0,0,A
21714,0,0,A
21715,0,0,A
21716,1,1,N
21717,0,0,A
21718,0,1,N
21719,1,1,N
21720,0,0,A
21721,1,1,N
21722,0,0,A
21723,0,0,A
21724,0,0,A
21725,0,1,N
21726,0,0,A
21727,1,1,N
21728,0,0,A
21729,1,1,N
21730,0,0,A
21731,0,1,N
21732,0,0,A
21733,0,0,A
21734,0,0,A
21735,0,0,A
21736,0,0,A
21737,1,1,N
21738,0,0,A
21739,0,0,A
21740,0,1,N
21741,0,0,A
21742,1,1,N
21743,1,1,N
21744,1,1,N
21745,1,1,N
21746,0,0,A
21747,1,1,N
21748,0,0,A
21749,0,0,A
21750,1,1,N
21751,0,0,A
21752,1,1,N
21753,1,1,N
21754,1,1,N
21755,1,1,N
21756,0,0,A
21757,1,1,N
21758,0,0,A
21759,1,1,N
21760,0,0,A
21761,1,0,A
21762,1,1,N
21763,1,1,N
21764,1,1,N
21765,0,0,A
21766,1,1,N
21767,1,1,N
21768,0,0,A
21769,1,1,N
21770,0,0,A
21771,1,1,N
21772,0,0,A
21773,0,0,A
21774,1,1,N
21775,1,1,N
21776,1,1,N
21777,1,1,N
21778,1,1,N
21779,1,1,N
21780,0,0,A
21781,1,1,N
21782,1,1,N
21783,0,0,A
21784,1,1,N
21785,1,1,N
21786,1,1,N
21787,0,0,A
21788,0,0,A
21789,1,1,N
21790,1,1,N
21791,1,1,N
21792,1,1,N
21793,0,0,A
21794,0,0,A
21795,0,0,A
21796,0,0,A
21797,1,1,N
21798,0,0,A
21799,0,0,A
21800,1,1,N
21801,0,0,A
21802,0,0,A
21803,1,1,N
21804,1,1,N
21805,0,0,A
21806,0,0,A
21807,0,0,A
21808,1,1,N
21809,0,1,N
21810,0,0,A
21811,0,0,A
21812,0,0,A
21813,0,0,A
21814,1,1,N
21815,1,1,N
21816,0,0,A
21817,1,1,N
21818,0,0,A
21819,1,1,N
21820,0,0,A
21821,1,1,N
21822,0,0,A
21823,0,1,N
21824,0,0,A
21825,1,1,N
21826,1,1,N
21827,0,0,A
21828,0,0,A
21829,0,0,A
21830,0,0,A
21831,1,1,N
21832,1,1,N
21833,1,1,N
21834,0,0,A
21835,1,1,N
21836,0,1,N
21837,0,0,A
21838,0,0,A
21839,1,1,N
21840,1,1,N
21841,0,1,N
21842,0,0,A
21843,0,0,A
21844,1,1,N
21845,0,0,A
21846,0,0,A
21847,1,1,N
21848,0,0,A
21849,1,1,N
21850,0,0,A
21851,0,0,A
21852,0,0,A
21853,0,0,A
21854,0,0,A
21855,0,0,A
21856,1,1,N
21857,1,1,N
21858,0,0,A
21859,0,0,A
21860,0,1,N
21861,1,1,N
21862,0,1,N
21863,0,0,A
21864,0,0,A
21865,1,1,N
21866,1,1,N
21867,1,1,N
21868,0,1,N
21869,0,0,A
21870,0,0,A
21871,0,0,A
21872,1,1,N
21873,1,1,N
21874,0,0,A
21875,0,1,N
21876,0,0,A
21877,1,1,N
21878,0,0,A
21879,1,1,N
21880,1,1,N
21881,1,1,N
21882,1,1,N
21883,0,0,A
21884,1,1,N
21885,0,0,A
21886,1,1,N
21887,1,1,N
21888,0,0,A
21889,1,1,N
21890,0,0,A
21891,0,0,A
21892,1,1,N
21893,1,1,N
21894,1,1,N
21895,1,1,N
21896,0,0,A
21897,1,1,N
21898,0,0,A
21899,1,1,N
21900,0,0,A
21901,0,0,A
21902,0,0,A
21903,0,0,A
21904,1,1,N
21905,1,1,N
21906,1,1,N
21907,1,1,N
21908,0,0,A
21909,0,0,A
21910,1,1,N
21911,1,0,A
21912,0,0,A
21913,1,1,N
21914,0,0,A
21915,0,0,A
21916,0,0,A
21917,1,1,N
21918,1,1,N
21919,0,0,A
21920,0,0,A
21921,0,0,A
21922,0,0,A
21923,0,0,A
21924,0,0,A
21925,1,1,N
21926,0,0,A
21927,1,1,N
21928,1,1,N
21929,0,0,A
21930,0,0,A
21931,1,1,N
21932,0,0,A
21933,1,1,N
21934,0,0,A
21935,0,1,N
21936,1,1,N
21937,0,0,A
21938,1,1,N
21939,0,0,A
21940,1,1,N
21941,0,0,A
21942,0,0,A
21943,0,0,A
21944,1,1,N
21945,0,0,A
21946,0,0,A
21947,0,0,A
21948,1,1,N
21949,1,1,N
21950,0,0,A
21951,0,0,A
21952,1,1,N
21953,1,1,N
21954,1,1,N
21955,1,1,N
21956,1,1,N
21957,1,1,N
21958,1,1,N
21959,1,1,N
21960,0,0,A
21961,0,0,A
21962,0,1,N
21963,0,1,N
21964,0,0,A
21965,1,1,N
21966,1,1,N
21967,0,0,A
21968,0,0,A
21969,0,0,A
21970,1,0,A
21971,1,1,N
21972,0,0,A
21973,0,0,A
21974,0,0,A
21975,0,0,A
21976,1,1,N
21977,0,0,A
21978,1,1,N
21979,1,1,N
21980,0,0,A
21981,1,1,N
21982,1,1,N
21983,1,1,N
21984,1,1,N
21985,0,0,A
21986,0,0,A
21987,1,1,N
21988,0,1,N
21989,1,1,N
21990,1,1,N
21991,1,1,N
21992,0,0,A
21993,0,1,N
21994,1,1,N
21995,0,0,A
21996,1,1,N
21997,0,0,A
21998,1,1,N
21999,0,0,A
22000,1,1,N
22001,1,1,N
22002,0,0,A
22003,1,1,N
22004,0,0,A
22005,0,0,A
22006,1,1,N
22007,0,0,A
22008,0,0,A
22009,0,0,A
22010,1,1,N
22011,1,1,N
22012,1,1,N
22013,1,1,N
22014,0,0,A
22015,0,0,A
22016,1,1,N
22017,0,1,N
22018,0,1,N
22019,1,1,N
22020,1,1,N
22021,0,0,A
22022,1,1,N
22023,0,0,A
22024,1,1,N
22025,1,1,N
22026,0,0,A
22027,0,0,A
22028,1,1,N
22029,0,0,A
22030,0,0,A
22031,0,0,A
22032,1,0,A
22033,0,0,A
22034,1,1,N
22035,1,1,N
22036,1,1,N
22037,1,1,N
22038,0,0,A
22039,0,0,A
22040,1,1,N
22041,1,1,N
22042,0,0,A
22043,1,1,N
22044,0,0,A
22045,0,1,N
22046,0,0,A
22047,0,0,A
22048,0,0,A
22049,1,1,N
22050,0,0,A
22051,0,0,A
22052,1,1,N
22053,0,0,A
22054,1,1,N
22055,0,0,A
22056,0,1,N
22057,0,0,A
22058,0,0,A
22059,0,0,A
22060,1,1,N
22061,0,0,A
22062,1,1,N
22063,1,1,N
22064,1,1,N
22065,1,1,N
22066,0,0,A
22067,0,1,N
22068,1,1,N
22069,0,0,A
22070,1,1,N
22071,0,0,A
22072,0,0,A
22073,0,0,A
22074,0,0,A
22075,0,0,A
22076,0,0,A
22077,1,1,N
22078,1,1,N
22079,1,1,N
22080,0,0,A
22081,0,0,A
22082,0,0,A
22083,1,1,N
22084,1,1,N
22085,1,1,N
22086,1,1,N
22087,0,0,A
22088,0,0,A
22089,1,1,N
22090,1,1,N
22091,1,1,N
22092,0,0,A
22093,0,0,A
22094,0,0,A
22095,0,0,A
22096,0,0,A
22097,0,0,A
22098,0,0,A
22099,0,0,A
22100,1,1,N
22101,0,0,A
22102,0,1,N
22103,1,1,N
22104,1,1,N
22105,0,0,A
22106,1,1,N
22107,0,0,A
22108,0,0,A
22109,0,0,A
22110,1,1,N
22111,1,1,N
22112,1,1,N
22113,1,1,N
22114,0,1,N
22115,0,0,A
22116,1,1,N
22117,1,1,N
22118,0,0,A
22119,0,0,A
22120,0,0,A
22121,1,1,N
22122,1,1,N
22123,0,0,A
22124,1,1,N
22125,0,0,A
22126,0,0,A
22127,0,0,A
22128,1,0,A
22129,0,1,N
22130,0,0,A
22131,1,1,N
22132,1,1,N
22133,0,0,A
22134,0,0,A
22135,0,0,A
22136,1,1,N
22137,0,0,A
22138,0,0,A
22139,0,0,A
22140,1,1,N
22141,1,1,N
22142,0,0,A
22143,1,1,N
22144,0,0,A
22145,1,1,N
22146,0,1,N
22147,1,1,N
22148,0,0,A
22149,0,0,A
22150,1,1,N
22151,1,1,N
22152,1,1,N
22153,0,0,A
22154,0,1,N
22155,1,1,N
22156,1,1,N
22157,1,1,N
22158,1,1,N
22159,0,0,A
22160,1,1,N
22161,1,1,N
22162,0,0,A
22163,0,0,A
22164,0,1,N
22165,0,0,A
22166,0,0,A
22167,0,0,A
22168,0,0,A
22169,1,1,N
22170,0,0,A
22171,0,0,A
22172,0,0,A
22173,1,1,N
22174,1,1,N
22175,1,1,N
22176,1,1,N
22177,1,1,N
22178,0,0,A
22179,1,1,N
22180,1,1,N
22181,0,0,A
22182,0,0,A
22183,0,1,N
22184,0,0,A
22185,0,0,A
22186,0,0,A
22187,1,1,N
22188,1,1,N
22189,0,0,A
22190,1,1,N
22191,0,0,A
22192,1,1,N
22193,1,1,N
22194,1,1,N
22195,1,1,N
22196,1,1,N
22197,0,0,A
22198,0,0,A
22199,0,1,N
22200,1,1,N
22201,0,0,A
22202,1,1,N
22203,0,0,A
22204,1,1,N
22205,1,1,N
22206,0,0,A
22207,1,1,N
22208,0,0,A
22209,1,1,N
22210,0,0,A
22211,1,1,N
22212,0,0,A
22213,0,0,A
22214,1,1,N
22215,1,1,N
22216,1,1,N
22217,1,1,N
22218,0,0,A
22219,1,1,N
22220,1,1,N
22221,0,0,A
22222,1,1,N
22223,0,0,A
22224,0,1,N
22225,1,1,N
22226,1,1,N
22227,1,1,N
22228,1,1,N
22229,1,1,N
22230,1,1,N
22231,1,1,N
22232,0,0,A
22233,0,0,A
22234,1,1,N
22235,1,1,N
22236,0,1,N
22237,0,0,A
22238,1,1,N
22239,0,0,A
22240,0,0,A
22241,0,0,A
22242,0,0,A
22243,1,1,N
22244,1,1,N
22245,0,0,A
22246,0,0,A
22247,1,0,A
22248,0,1,N
22249,0,0,A
22250,1,1,N
22251,1,1,N
22252,0,1,N
22253,0,0,A
22254,1,1,N
22255,1,1,N
22256,0,0,A
22257,1,1,N
22258,1,1,N
22259,0,0,A
22260,1,1,N
22261,0,0,A
22262,0,0,A
22263,0,1,N
22264,0,0,A
22265,1,0,A
22266,0,0,A
22267,0,0,A
22268,0,0,A
22269,0,0,A
22270,0,0,A
22271,1,1,N
22272,0,0,A
22273,1,1,N
22274,0,0,A
22275,1,1,N
22276,1,1,N
22277,0,0,A
22278,0,0,A
22279,1,1,N
22280,1,1,N
22281,1,1,N
22282,1,1,N
22283,0,0,A
22284,1,1,N
22285,1,1,N
22286,0,0,A
22287,0,0,A
22288,1,1,N
22289,1,1,N
22290,1,1,N
22291,0,0,A
22292,0,0,A
22293,0,0,A
22294,0,1,N
22295,0,0,A
22296,1,1,N
22297,1,1,N
22298,1,1,N
22299,1,1,N
22300,1,1,N
22301,0,0,A
22302,0,0,A
22303,1,1,N
22304,0,0,A
22305,1,1,N
22306,0,0,A
22307,0,0,A
22308,1,0,A
22309,1,1,N
22310,0,0,A
22311,0,0,A
22312,0,0,A
22313,1,1,N
22314,1,1,N
22315,1,1,N
22316,1,1,N
22317,0,0,A
22318,1,1,N
22319,1,1,N
22320,1,1,N
22321,0,0,A
22322,1,1,N
22323,0,0,A
22324,0,0,A
22325,0,0,A
22326,0,0,A
22327,1,1,N
22328,0,1,N
22329,1,1,N
22330,0,0,A
22331,1,1,N
22332,0,0,A
22333,0,1,N
22334,0,0,A
22335,0,0,A
22336,1,1,N
22337,1,1,N
22338,0,0,A
22339,0,0,A
22340,0,0,A
22341,0,0,A
22342,1,1,N
22343,0,0,A
22344,0,1,N
22345,0,0,A
22346,1,1,N
22347,0,0,A
22348,1,1,N
22349,1,1,N
22350,0,0,A
22351,1,1,N
22352,0,0,A
22353,1,1,N
22354,0,1,N
22355,1,1,N
22356,0,0,A
22357,0,1,N
22358,0,1,N
22359,1,1,N
22360,1,1,N
22361,1,1,N
22362,1,1,N
22363,1,1,N
22364,1,1,N
22365,1,0,A
22366,0,0,A
22367,0,0,A
22368,1,1,N
22369,1,1,N
22370,1,1,N
22371,0,0,A
22372,0,0,A
22373,0,0,A
22374,1,1,N
22375,1,1,N
22376,1,1,N
22377,0,0,A
22378,1,1,N
22379,1,1,N
22380,0,0,A
22381,0,0,A
22382,0,0,A
22383,1,1,N
22384,0,1,N
22385,1,1,N
22386,1,1,N
22387,1,1,N
22388,0,1,N
22389,1,1,N
22390,0,0,A
22391,1,1,N
22392,1,1,N
22393,0,0,A
22394,1,1,N
22395,0,0,A
22396,1,1,N
22397,0,0,A
22398,0,0,A
22399,1,1,N
22400,0,0,A
22401,0,1,N
22402,0,0,A
22403,1,1,N
22404,1,1,N
22405,0,1,N
22406,0,0,A
22407,0,1,N
22408,1,1,N
22409,0,0,A
22410,0,0,A
22411,0,0,A
22412,1,1,N
22413,0,0,A
22414,1,1,N
22415,0,0,A
22416,0,0,A
22417,1,1,N
22418,1,1,N
22419,0,0,A
22420,0,0,A
22421,1,1,N
22422,1,1,N
22423,1,1,N
22424,0,0,A
22425,0,0,A
22426,0,0,A
22427,1,1,N
22428,1,1,N
22429,0,0,A
22430,1,1,N
22431,1,1,N
22432,0,0,A
22433,0,0,A
22434,1,1,N
22435,1,1,N
22436,1,1,N
22437,1,1,N
22438,1,1,N
22439,1,1,N
22440,1,0,A
22441,0,0,A
22442,0,0,A
22443,0,0,A
22444,0,0,A
22445,1,1,N
22446,1,1,N
22447,1,1,N
22448,0,0,A
22449,0,0,A
22450,1,1,N
22451,0,0,A
22452,1,1,N
22453,0,0,A
22454,1,1,N
22455,0,0,A
22456,0,0,A
22457,1,1,N
22458,0,0,A
22459,0,0,A
22460,1,1,N
22461,0,0,A
22462,0,0,A
22463,0,0,A
22464,1,1,N
22465,0,0,A
22466,1,1,N
22467,0,1,N
22468,0,1,N
22469,0,0,A
22470,0,0,A
22471,0,0,A
22472,0,0,A
22473,1,1,N
22474,1,1,N
22475,1,1,N
22476,0,0,A
22477,1,1,N
22478,1,1,N
22479,0,0,A
22480,0,0,A
22481,1,1,N
22482,1,0,A
22483,0,0,A
22484,1,1,N
22485,1,1,N
22486,0,0,A
22487,0,0,A
22488,0,0,A
22489,0,0,A
22490,1,1,N
22491,1,1,N
22492,0,1,N
22493,1,1,N
22494,1,1,N
22495,1,1,N
22496,1,1,N
22497,1,1,N
22498,1,1,N
22499,1,1,N
22500,1,1,N
22501,1,1,N
22502,0,0,A
22503,1,1,N
22504,1,1,N
22505,1,1,N
22506,1,1,N
22507,1,1,N
22508,0,0,A
22509,1,1,N
22510,1,1,N
22511,0,0,A
22512,0,0,A
22513,0,1,N
22514,1,1,N
22515,0,1,N
22516,1,1,N
22517,0,1,N
22518,1,1,N
22519,0,0,A
22520,1,1,N
22521,0,0,A
22522,0,0,A
22523,1,1,N
22524,1,1,N
22525,1,1,N
22526,1,1,N
22527,0,0,A
22528,0,0,A
22529,1,1,N
22530,0,0,A
22531,0,0,A
22532,1,1,N
22533,0,0,A
22534,0,0,A
22535,1,1,N
22536,0,0,A
22537,0,0,A
22538,1,1,N
22539,1,1,N
22540,1,1,N
22541,1,1,N
22542,0,0,A
22543,0,0,A
22544,1,1,N
22545,1,1,N
22546,0,0,A
22547,0,0,A
22548,1,1,N
22549,0,0,A
22550,1,1,N
22551,1,1,N
22552,0,0,A
22553,0,0,A
22554,0,0,A
22555,1,1,N
22556,0,0,A
22557,1,1,N
22558,0,0,A
22559,1,1,N
22560,1,1,N
22561,0,0,A
22562,1,0,A
22563,1,1,N
22564,1,1,N
22565,1,1,N
22566,1,1,N
22567,1,1,N
22568,1,1,N
22569,0,0,A
22570,1,1,N
22571,0,0,A
22572,0,0,A
22573,0,0,A
22574,1,1,N
22575,1,1,N
22576,1,1,N
22577,1,1,N
22578,1,1,N
22579,0,0,A
22580,1,1,N
22581,1,0,A
22582,0,1,N
22583,0,0,A
22584,1,1,N
22585,0,0,A
22586,1,1,N
22587,1,1,N
22588,0,0,A
22589,1,1,N
22590,0,0,A
22591,1,1,N
22592,0,0,A
22593,1,1,N
22594,1,1,N
22595,0,0,A
22596,0,0,A
22597,0,0,A
22598,1,1,N
22599,1,1,N
22600,1,1,N
22601,0,0,A
22602,0,0,A
22603,0,0,A
